{"type":"FeatureCollection", "features": [
{"type":"Feature","geometry":{"type":"Polygon","coordinates":[[[-118.456008,34.284903],[-118.44373400000002,34.27331],[-118.43558600000001,34.279372],[-118.43056899999999,34.280549],[-118.41712300000002,34.290356],[-118.415792,34.293841],[-118.418562,34.296451],[-118.421401,34.294375],[-118.43256899999999,34.304687],[-118.449441,34.289699],[-118.456008,34.284903]]]},"properties":{"name":"San Fernando","geoid":"0666140","county":"Los Angeles","countyFP":"037"}},
{"type":"Feature","geometry":{"type":"Polygon","coordinates":[[[-118.221679,34.242733],[-118.224705,34.239898],[-118.22742399999998,34.232954],[-118.226867,34.225752],[-118.228565,34.221091],[-118.23186900000002,34.218343],[-118.226353,34.216291],[-118.22200400000001,34.212904],[-118.222092,34.206178],[-118.217678,34.202946],[-118.21672299999999,34.197785],[-118.21344400000001,34.194085],[-118.20808500000001,34.190656],[-118.20810300000001,34.187572],[-118.19643800000001,34.179894],[-118.190823,34.18008],[-118.18888100000001,34.177876],[-118.187426,34.179229],[-118.17665199999999,34.181582],[-118.17587100000001,34.185638],[-118.178873,34.187528],[-118.17833600000002,34.194484],[-118.17509,34.198017],[-118.17208800000002,34.197018],[-118.16802800000002,34.201111000000004],[-118.167644,34.204414],[-118.17352300000002,34.206054],[-118.17648,34.209331],[-118.177675,34.214162],[-118.18405899999999,34.216112],[-118.18480399999999,34.222622],[-118.18886999999998,34.222654],[-118.19142499999998,34.22655],[-118.190021,34.231117],[-118.195953,34.233319],[-118.198208,34.236789],[-118.21741600000001,34.237456],[-118.21751899999998,34.233857],[-118.221868,34.233943],[-118.221679,34.242733]]]},"properties":{"name":"La Cañada Flintridge","geoid":"0639003","county":"Los Angeles","countyFP":"037"}},
{"type":"Feature","geometry":{"type":"Polygon","coordinates":[[[-117.89004200000001,34.160165],[-117.88992999999999,34.133421],[-117.885902,34.129964],[-117.881346,34.129949],[-117.88136700000001,34.127062],[-117.87918,34.125101],[-117.87948200000001,34.124341],[-117.881371,34.121443],[-117.881477,34.107438],[-117.87777900000002,34.105584],[-117.869241,34.106462],[-117.86374200000002,34.106737],[-117.837641,34.106739],[-117.837652,34.113937],[-117.828842,34.113915],[-117.820209,34.117566],[-117.82029800000001,34.126861],[-117.81179,34.125356],[-117.81150300000002,34.157835],[-117.80277800000002,34.157809],[-117.80272699999999,34.16513],[-117.793861,34.165149],[-117.79433,34.179662],[-117.844724,34.17940200000001],[-117.846829,34.177571],[-117.8466,34.172216],[-117.83785500000002,34.172244],[-117.837549,34.161532],[-117.825658,34.161564],[-117.830396,34.15762],[-117.836609,34.155898],[-117.83972899999999,34.161439],[-117.841875,34.157825],[-117.84626500000002,34.157824],[-117.846297,34.165041],[-117.85068199999999,34.165028],[-117.851059,34.179349],[-117.8646,34.179215],[-117.86410300000001,34.172142],[-117.88154100000001,34.172106],[-117.881258,34.165097],[-117.885653,34.16510600000001],[-117.88565,34.160181],[-117.89004200000001,34.160165]],[[-117.885044,34.15050600000001],[-117.880384,34.150608],[-117.879114,34.146901],[-117.883458,34.146874],[-117.885044,34.15050600000001]]]},"properties":{"name":"Glendora","geoid":"0630014","county":"Los Angeles","countyFP":"037"}},
{"type":"Feature","geometry":{"type":"Polygon","coordinates":[[[-118.37870100000002,33.901905],[-118.378721,33.894646],[-118.365858,33.894643],[-118.361286,33.897022],[-118.361257,33.901438],[-118.35855600000001,33.902354],[-118.34383,33.902433],[-118.343821,33.893392],[-118.342308,33.894658],[-118.335174,33.894663],[-118.32649200000002,33.901811],[-118.326512,33.909197],[-118.33399,33.909199],[-118.33487799999999,33.912841],[-118.326502,33.91282],[-118.326501,33.916446],[-118.314312,33.91645],[-118.317787,33.917683],[-118.31777000000001,33.921721],[-118.313394,33.923532],[-118.313392,33.930711],[-118.31775200000001,33.930711],[-118.32221999999999,33.930798],[-118.325734,33.928789],[-118.32685000000001,33.925938],[-118.33652999999998,33.925862],[-118.337365,33.929476],[-118.344133,33.930939],[-118.34609899999998,33.93277],[-118.355873,33.934523],[-118.36183399999999,33.930946],[-118.368387,33.930946],[-118.368375,33.929021],[-118.368144,33.924123],[-118.36563799999999,33.923677],[-118.365618,33.917937],[-118.36173199999999,33.915956],[-118.361256,33.905207000000004],[-118.36210700000001,33.90234],[-118.369383,33.902341],[-118.36998800000002,33.904059],[-118.369987,33.916319],[-118.374341,33.916306],[-118.378388,33.916356],[-118.37870100000002,33.901905]]]},"properties":{"name":"Hawthorne","geoid":"0632548","county":"Los Angeles","countyFP":"037"}},
{"type":"Feature","geometry":{"type":"Polygon","coordinates":[[[-118.31771999999998,33.945463],[-118.317747,33.970923],[-118.32647100000001,33.970909],[-118.32647999999999,33.967267],[-118.33303,33.967249],[-118.33521199999998,33.972691],[-118.335186,33.981758],[-118.370341,33.981636],[-118.37014799999999,33.967993],[-118.371239,33.963367],[-118.37685499999999,33.960816],[-118.37883400000001,33.95748],[-118.37884299999999,33.952647],[-118.37005700000002,33.952672],[-118.37003700000001,33.94542],[-118.365655,33.94466],[-118.35482000000002,33.944534],[-118.351984,33.94273],[-118.34444099999999,33.942724000000005],[-118.345046,33.933499],[-118.34609899999998,33.93277],[-118.344133,33.930939],[-118.337365,33.929476],[-118.33652999999998,33.925862],[-118.32685000000001,33.925938],[-118.325734,33.928789],[-118.32221999999999,33.930798],[-118.31775200000001,33.930711],[-118.31771999999998,33.945463]]]},"properties":{"name":"Inglewood","geoid":"0636546","county":"Los Angeles","countyFP":"037"}},
{"type":"Feature","geometry":{"type":"Polygon","coordinates":[[[-118.03651900000001,33.917],[-118.03797299999998,33.915228],[-118.03787800000002,33.904281],[-118.034224,33.90249],[-118.029115,33.902526],[-118.028888,33.882629],[-118.028782,33.873322],[-118.01138299999998,33.873431],[-118.01147400000002,33.880846],[-118.00275399999998,33.880894],[-118.00285500000001,33.888161],[-117.994044,33.889379],[-117.99413600000001,33.895513],[-117.98968300000001,33.895494],[-117.98532700000001,33.895603],[-117.98540500000001,33.902766],[-117.97659300000001,33.90281],[-117.97657500000001,33.906406],[-117.97656300000001,33.917418],[-117.991689,33.91733500000001],[-117.994342,33.918541],[-117.994399,33.924505],[-118.00351300000001,33.923077],[-118.005252,33.928268],[-118.02216900000002,33.924451],[-118.01445900000002,33.918615],[-118.014842,33.917115],[-118.03651900000001,33.917]]]},"properties":{"name":"La Mirada","geoid":"0640032","county":"Los Angeles","countyFP":"037"}},
{"type":"Feature","geometry":{"type":"Polygon","coordinates":[[[-118.5607,34.371112],[-118.556412,34.365241],[-118.553836,34.358663],[-118.551684,34.356174],[-118.533395,34.356188],[-118.533281,34.352444],[-118.524022,34.352478],[-118.519719,34.35078],[-118.519741,34.347136],[-118.51521100000001,34.345145],[-118.51055499999998,34.344885],[-118.510861,34.341495],[-118.50599900000002,34.341368],[-118.504665,34.344569],[-118.48894500000002,34.344464],[-118.488644,34.351622],[-118.485055,34.351593],[-118.48493,34.35958],[-118.47584500000002,34.3591],[-118.47591800000001,34.366277],[-118.48476900000001,34.366745],[-118.48469799999998,34.37037],[-118.49161599999998,34.369583],[-118.491665,34.366836],[-118.496453,34.366899],[-118.497784,34.373861],[-118.487344,34.382936],[-118.47290399999999,34.392578],[-118.47160300000002,34.391181],[-118.462823,34.391209],[-118.46250300000001,34.38461],[-118.44886099999998,34.384684],[-118.448471,34.380735],[-118.444088,34.38079],[-118.441921,34.378143],[-118.436414,34.377201],[-118.43086900000002,34.374461],[-118.43111299999998,34.367042000000005],[-118.426651,34.366989],[-118.42656,34.370697],[-118.418792,34.370602],[-118.419972,34.36318],[-118.41551500000001,34.363145],[-118.41324800000001,34.366836],[-118.41318,34.370533],[-118.40944699999999,34.370604],[-118.40956199999998,34.35951],[-118.405599,34.35955],[-118.405588,34.38148],[-118.398051,34.381786],[-118.39792099999998,34.394414],[-118.403832,34.394571],[-118.40366100000001,34.400456],[-118.40858200000001,34.403531],[-118.40396,34.406462],[-118.39786,34.399085],[-118.397588,34.427004000000004],[-118.404211,34.425629],[-118.404197,34.428473],[-118.392917,34.433306],[-118.387036,34.433686],[-118.378955,34.436873],[-118.37871399999999,34.44926900000001],[-118.387686,34.449467],[-118.388001,34.460343],[-118.39245699999998,34.460379],[-118.392373,34.454974],[-118.397318,34.453368],[-118.397883,34.449172],[-118.402819,34.44953],[-118.404966,34.44580500000001],[-118.415067,34.445563],[-118.41517800000001,34.440095],[-118.42388200000002,34.440017],[-118.43258700000001,34.4381],[-118.432483,34.446435],[-118.433444,34.448853],[-118.441253,34.452497],[-118.44346800000001,34.456042],[-118.443478,34.459631],[-118.46144099999998,34.459481],[-118.467858,34.453461],[-118.472073,34.455893],[-118.480996,34.456007],[-118.48082400000001,34.459614],[-118.48506600000002,34.460206],[-118.485307,34.468234],[-118.48087799999999,34.468215],[-118.48084200000001,34.4739],[-118.485262,34.473926],[-118.489698,34.472146],[-118.49147400000001,34.474846],[-118.498325,34.474107],[-118.498286,34.477818],[-118.50251600000001,34.477906],[-118.50249600000001,34.485296],[-118.49823,34.485207],[-118.49821199999998,34.488879],[-118.49391200000001,34.488787],[-118.493807,34.49613],[-118.511324,34.496271],[-118.51135000000001,34.488951],[-118.52013700000002,34.48893],[-118.520197,34.481658],[-118.53781,34.481706],[-118.537682,34.463088],[-118.547429,34.46782],[-118.546771,34.471023],[-118.551079,34.47441],[-118.55538399999999,34.474418],[-118.55552499999999,34.485359],[-118.54669499999999,34.485347],[-118.546667,34.48899900000001],[-118.54236299999998,34.488993],[-118.541903,34.495184],[-118.55184900000002,34.499973],[-118.560019,34.50003],[-118.56006100000002,34.489017],[-118.56900900000001,34.489034],[-118.56886200000001,34.485386],[-118.573265,34.485396],[-118.573153,34.481753],[-118.58187099999999,34.481803],[-118.58182,34.478145],[-118.57743400000001,34.478122],[-118.577347,34.471571],[-118.57141100000001,34.47074],[-118.57357300000001,34.467881],[-118.574516,34.46131400000001],[-118.581287,34.461003],[-118.58682500000002,34.455738],[-118.58433300000002,34.45401],[-118.58133400000001,34.447459],[-118.58979199999999,34.448029],[-118.596378,34.446597],[-118.59855500000002,34.448151],[-118.60366599999999,34.447062],[-118.605922,34.449453],[-118.613308,34.449627],[-118.608424,34.444754],[-118.59611500000001,34.437906],[-118.58627000000001,34.428869],[-118.580051,34.417014],[-118.57630800000001,34.408324],[-118.572616,34.399843],[-118.570167,34.389292],[-118.566807,34.380697],[-118.5607,34.371112]]]},"properties":{"name":"Santa Clarita","geoid":"0669088","county":"Los Angeles","countyFP":"037"}},
{"type":"Feature","geometry":{"type":"Polygon","coordinates":[[[-118.27108500000001,34.626667],[-118.27119900000001,34.616732],[-118.22832400000001,34.616449],[-118.22737899999998,34.609171],[-118.21857200000001,34.609113],[-118.21849399999999,34.60185800000001],[-118.227254,34.601892],[-118.22682900000001,34.594635],[-118.235571,34.594662],[-118.236054,34.599196],[-118.244073,34.600839],[-118.255947,34.606884],[-118.262352,34.609465],[-118.262319,34.604039],[-118.271037,34.604075],[-118.270918,34.5913],[-118.266529,34.591319],[-118.26647800000002,34.587663],[-118.26143,34.587699],[-118.261464,34.583744],[-118.27465500000001,34.583757],[-118.27459,34.587395],[-118.28331700000001,34.587471],[-118.283355,34.583755],[-118.287703,34.583752],[-118.28774599999998,34.5802],[-118.28760499999999,34.558176],[-118.25467699999999,34.558304],[-118.255341,34.543063],[-118.25550500000001,34.539293],[-118.237883,34.538948],[-118.22024700000001,34.53909],[-118.22018200000001,34.542752],[-118.206984,34.542696],[-118.19823,34.542587],[-118.19822500000001,34.546263],[-118.193891,34.54616],[-118.19395,34.55735],[-118.164851,34.558132],[-118.164895,34.566607],[-118.161723,34.564157],[-118.157186,34.564148],[-118.15160900000001,34.561807],[-118.15164499999999,34.565267],[-118.14278,34.56520400000001],[-118.14269700000001,34.558003],[-118.114269,34.557994],[-118.113329,34.55095300000001],[-118.103124,34.536431],[-118.095976,34.53588],[-118.09360499999998,34.537489],[-118.079678,34.534797],[-118.079605,34.513562],[-118.059386,34.513681],[-118.059875,34.510044],[-118.053916,34.510064],[-118.05390600000001,34.513688],[-118.04513500000002,34.513712],[-118.045197,34.52183],[-118.057487,34.528101],[-118.071556,34.528151],[-118.071643,34.534229],[-118.062849,34.535512],[-118.059378,34.53303],[-118.049614,34.531631000000004],[-118.049668,34.542714],[-118.034271,34.542724],[-118.034295,34.54083],[-118.027712,34.54086],[-118.027681,34.535494],[-118.01885300000001,34.53548500000001],[-118.01359500000001,34.53042],[-118.008885,34.523415],[-118.002494,34.521117],[-118.00127900000001,34.528261],[-117.996897,34.52828],[-117.996945,34.53553],[-117.994739,34.535554],[-117.988168,34.541038],[-117.98814899999999,34.544665],[-117.98148600000002,34.548325],[-117.981451,34.553955],[-117.978279,34.557936],[-117.978315,34.561428],[-117.98717600000002,34.56141],[-117.986933,34.587036],[-117.97358,34.587133],[-117.933857,34.587326],[-117.91616500000002,34.587189],[-117.916469,34.602554],[-117.91654,34.631451],[-117.91631299999999,34.660606],[-117.93873500000001,34.660684],[-117.947639,34.660745],[-117.96979299999998,34.660747],[-117.98736000000001,34.660768],[-118.040985,34.660628],[-118.049929,34.66062],[-118.05887200000001,34.660616],[-118.112256,34.660466],[-118.112327,34.645937],[-118.153252,34.64572],[-118.15316,34.630255],[-118.152114,34.623855],[-118.14881099999998,34.62395300000001],[-118.14993900000002,34.612876],[-118.14888899999998,34.609146],[-118.156577,34.609138],[-118.156557,34.605485],[-118.183244,34.605479],[-118.183512,34.623776],[-118.20994900000001,34.62369],[-118.21000900000001,34.63095],[-118.223191,34.630861],[-118.223018,34.638232],[-118.236158,34.638237],[-118.23606,34.645605],[-118.244896,34.645607],[-118.25475800000001,34.645589],[-118.25481199999999,34.645589],[-118.259281,34.645538],[-118.27123499999999,34.645509],[-118.27108500000001,34.626667]],[[-118.16160400000001,34.587719],[-118.157188,34.591529],[-118.156651,34.595693],[-118.151305,34.593447],[-118.148301,34.595382],[-118.147483,34.587154],[-118.152844,34.583481],[-118.15635200000001,34.587122],[-118.16160400000001,34.587719]],[[-118.11908600000001,34.592316],[-118.11943700000002,34.594527],[-118.112013,34.594596],[-118.112005,34.587314],[-118.118289,34.587239],[-118.11908600000001,34.592316]],[[-118.103168,34.594782],[-118.10314800000002,34.602176],[-118.07982800000002,34.602253],[-118.080869,34.608023],[-118.08097900000001,34.616779],[-118.07708799999999,34.61359900000001],[-118.08087099999999,34.609996],[-118.073483,34.607837],[-118.07199599999998,34.616781],[-118.070197,34.616782],[-118.069259,34.624098],[-118.058642,34.624103],[-118.05866800000001,34.627783],[-118.04977,34.627792],[-118.04982200000002,34.645986],[-117.96988200000001,34.646038],[-117.969689,34.638623],[-117.95183,34.638698],[-117.95163900000001,34.594535],[-117.99602200000001,34.594279],[-117.995945,34.579651],[-118.02286900000001,34.579819],[-118.02292000000001,34.587158],[-118.04075299999998,34.587367],[-118.04076500000001,34.591036],[-118.05848400000002,34.591168],[-118.103156,34.591076],[-118.103168,34.594782]]]},"properties":{"name":"Palmdale","geoid":"0655156","county":"Los Angeles","countyFP":"037"}},
{"type":"Feature","geometry":{"type":"Polygon","coordinates":[[[-118.48324,33.804412],[-118.484483,33.803154],[-118.48776800000002,33.779865],[-118.485436,33.753452],[-118.40367300000001,33.764249],[-118.403696,33.781753],[-118.38711,33.781771],[-118.384209,33.793424],[-118.37768199999998,33.794907],[-118.367495,33.794149],[-118.36714299999998,33.795205],[-118.351054,33.795205],[-118.361701,33.804173000000006],[-118.48324,33.804412]]]},"properties":{"name":"Palos Verdes Estates","geoid":"0655380","county":"Los Angeles","countyFP":"037"}},
{"type":"Feature","geometry":{"type":"Polygon","coordinates":[[[-118.364456,33.768232],[-118.366327,33.762123],[-118.36454800000001,33.759452],[-118.355666,33.756083],[-118.35365500000002,33.750908],[-118.357274,33.747084],[-118.346382,33.74232],[-118.34503600000001,33.745053],[-118.33999300000002,33.742803],[-118.338218,33.747644],[-118.333829,33.75105400000001],[-118.33018,33.751504],[-118.33183700000001,33.755733],[-118.33041000000001,33.759915],[-118.334765,33.761106],[-118.33896199999998,33.765805],[-118.33717400000002,33.767678],[-118.332692,33.771819],[-118.338888,33.772577],[-118.34844900000002,33.779386],[-118.350468,33.775892],[-118.359707,33.767919],[-118.363276,33.769151],[-118.364456,33.768232]]]},"properties":{"name":"Rolling Hills","geoid":"0662602","county":"Los Angeles","countyFP":"037"}},
{"type":"Feature","geometry":{"type":"Polygon","coordinates":[[[-118.093369,33.950362],[-118.098421,33.943394],[-118.09033,33.931674],[-118.088259,33.92968100000001],[-118.08425499999998,33.933479],[-118.08237500000001,33.931683],[-118.07267999999999,33.931701],[-118.06832100000001,33.929891],[-118.063956,33.929901],[-118.06389299999998,33.917214],[-118.060618,33.917095],[-118.058309,33.914111],[-118.05103600000001,33.909755],[-118.05350900000002,33.902437],[-118.044431,33.90248],[-118.04440300000002,33.898797],[-118.042204,33.895205],[-118.046954,33.893954],[-118.05813399999998,33.90000400000001],[-118.06395499999999,33.902271],[-118.063969,33.895436],[-118.055357,33.895061],[-118.05538299999999,33.88765],[-118.038421,33.887775],[-118.028888,33.882629],[-118.029115,33.902526],[-118.034224,33.90249],[-118.03787800000002,33.904281],[-118.03797299999998,33.915228],[-118.03651900000001,33.917],[-118.055197,33.917043],[-118.055205,33.930054],[-118.048813,33.932449],[-118.048845,33.935689],[-118.04641100000002,33.938951],[-118.04962199999999,33.953274],[-118.053086,33.956611],[-118.05080400000001,33.958929000000005],[-118.05486099999999,33.961759],[-118.054922,33.968176],[-118.06617700000001,33.969768],[-118.06553,33.967225],[-118.06832300000002,33.961575],[-118.07402899999998,33.960849],[-118.078329,33.963765],[-118.08883699999998,33.966913],[-118.08681500000002,33.962134000000006],[-118.08710600000002,33.959096],[-118.093369,33.950362]]]},"properties":{"name":"Santa Fe Springs","geoid":"0669154","county":"Los Angeles","countyFP":"037"}},
{"type":"Feature","geometry":{"type":"Polygon","coordinates":[[[-118.192125,34.012921],[-118.208166,34.015006],[-118.239708,34.014713],[-118.239593,34.008887],[-118.23791799999998,33.989393],[-118.230284,33.989214],[-118.22968700000001,33.995692],[-118.22363199999998,33.996216],[-118.223621,33.991563],[-118.215051,33.991552],[-118.212766,33.989674],[-118.212601,33.984049],[-118.204027,33.983094],[-118.204156,33.988957],[-118.20451200000001,33.989559],[-118.204327,33.996653],[-118.18580299999999,33.994433],[-118.17807200000001,33.98995],[-118.17576900000002,33.986892],[-118.172554,33.986482],[-118.17735100000002,33.991105],[-118.17793000000002,33.995561],[-118.175109,33.998102],[-118.170122,33.999547],[-118.182043,34.00565],[-118.193474,34.009516],[-118.192125,34.012921]]]},"properties":{"name":"Vernon","geoid":"0682422","county":"Los Angeles","countyFP":"037"}},
{"type":"Feature","geometry":{"type":"Polygon","coordinates":[[[-117.863006,34.051702],[-117.86702400000001,34.046604],[-117.875169,34.048238],[-117.884152,34.043681],[-117.888921,34.043481],[-117.889565,34.029617],[-117.895736,34.027547],[-117.886882,34.015416],[-117.87903100000001,34.011906],[-117.87057099999998,34.017282],[-117.86788000000001,34.015693],[-117.86933000000002,34.011633],[-117.87390399999998,34.011611],[-117.87385499999999,34.003914],[-117.87278999999998,34.002645],[-117.85937200000001,34.009408],[-117.851926,34.014132],[-117.838764,34.021655],[-117.83713400000002,34.025476],[-117.83648900000001,34.026657],[-117.83562800000001,34.027462],[-117.828132,34.030945],[-117.825463,34.033446000000005],[-117.82460599999999,34.037615],[-117.82654200000002,34.041533],[-117.828177,34.043579],[-117.83295899999999,34.042033],[-117.835864,34.053668],[-117.829047,34.05662],[-117.825032,34.060348],[-117.82608399999998,34.062406],[-117.83796,34.057861],[-117.845778,34.057846],[-117.84688900000002,34.062424],[-117.850843,34.058801],[-117.85495200000001,34.059065],[-117.85245600000002,34.053469],[-117.861675,34.053145],[-117.863006,34.051702]]]},"properties":{"name":"Walnut","geoid":"0683332","county":"Los Angeles","countyFP":"037"}},
{"type":"Feature","geometry":{"type":"Polygon","coordinates":[[[-118.367495,33.794149],[-118.37259200000001,33.785559],[-118.365078,33.78519],[-118.36424199999999,33.777779],[-118.36131800000001,33.773654],[-118.36564799999998,33.770704],[-118.37177,33.77209],[-118.374888,33.776578],[-118.369752,33.781445],[-118.372942,33.783949],[-118.37471,33.777535],[-118.378934,33.777192],[-118.38241000000001,33.774258],[-118.380796,33.76937],[-118.38627400000001,33.768407],[-118.39081000000002,33.765436],[-118.393344,33.760997],[-118.38811400000002,33.757074],[-118.383669,33.759036],[-118.378774,33.759282],[-118.380717,33.768927],[-118.37499100000001,33.77154],[-118.36952,33.768458],[-118.364456,33.768232],[-118.363276,33.769151],[-118.360054,33.773471],[-118.36357500000001,33.77814],[-118.360757,33.781086],[-118.35420799999999,33.783476],[-118.34844900000002,33.779386],[-118.338888,33.772577],[-118.332692,33.771819],[-118.33717400000002,33.767678],[-118.327371,33.767018],[-118.323632,33.768452],[-118.32158000000001,33.765083],[-118.318348,33.764906],[-118.318283,33.774982],[-118.31517200000002,33.778742],[-118.317981,33.781678],[-118.31657,33.783651],[-118.323149,33.785865],[-118.323149,33.782521],[-118.328162,33.783392],[-118.33128499999998,33.786132],[-118.333651,33.78052],[-118.34048300000002,33.786292],[-118.34227000000001,33.77981],[-118.346895,33.781149],[-118.350991,33.784035],[-118.345154,33.785365],[-118.342017,33.787585],[-118.351054,33.795205],[-118.36714299999998,33.795205],[-118.367495,33.794149]]]},"properties":{"name":"Rolling Hills Estates","geoid":"0662644","county":"Los Angeles","countyFP":"037"}},
{"type":"Feature","geometry":{"type":"Polygon","coordinates":[[[-118.065634,34.175104],[-118.068205,34.172767],[-118.067958,34.156821],[-118.038412,34.157259],[-118.03847300000001,34.166881],[-118.03057,34.16694],[-118.030139,34.17940200000001],[-118.065655,34.179334],[-118.065634,34.175104]]]},"properties":{"name":"Sierra Madre","geoid":"0671806","county":"Los Angeles","countyFP":"037"}},
{"type":"Feature","geometry":{"type":"Polygon","coordinates":[[[-118.16805300000001,34.123923],[-118.168866,34.117843],[-118.172484,34.113802],[-118.177993,34.110323],[-118.17799400000001,34.098595],[-118.15529000000001,34.098672],[-118.14178400000002,34.098765],[-118.14182999999998,34.10414],[-118.134694,34.104085],[-118.13529600000001,34.10645],[-118.139535,34.11252],[-118.14199500000001,34.11953],[-118.144413,34.12274],[-118.150271,34.124037],[-118.16805300000001,34.123923]]]},"properties":{"name":"South Pasadena","geoid":"0673220","county":"Los Angeles","countyFP":"037"}},
{"type":"Feature","geometry":{"type":"Polygon","coordinates":[[[-118.719809,34.136279],[-118.71981200000002,34.132608],[-118.715464,34.132626],[-118.715472,34.12899],[-118.71979,34.128972],[-118.719776,34.125342],[-118.70615799999999,34.125432],[-118.711062,34.110799],[-118.711069,34.107185],[-118.70672499999999,34.107178],[-118.706713,34.114474],[-118.689346,34.114434],[-118.689372,34.118121],[-118.65024699999998,34.11809800000001],[-118.65019799999999,34.121873],[-118.65006099999998,34.12907],[-118.644955,34.129054],[-118.644923,34.12532],[-118.61062899999999,34.12533],[-118.610609,34.129022],[-118.60624500000002,34.129001],[-118.60620000000002,34.140091],[-118.61266100000002,34.14005],[-118.609648,34.14724],[-118.62899200000001,34.147273],[-118.63853600000002,34.157655],[-118.64126900000001,34.158136],[-118.654273,34.15259],[-118.6659,34.14954],[-118.67404400000001,34.149411],[-118.67851799999998,34.150938],[-118.68767,34.150462],[-118.69382699999998,34.151063],[-118.693834,34.168557],[-118.71692400000002,34.168286],[-118.718141,34.162231],[-118.715518,34.158073],[-118.70849700000001,34.154978],[-118.69740500000002,34.153172],[-118.69780299999998,34.148468],[-118.70382700000002,34.143775],[-118.710329,34.140626],[-118.711149,34.147251],[-118.71501199999999,34.147263],[-118.716301,34.144001],[-118.71546899999998,34.136282],[-118.719809,34.136279]]]},"properties":{"name":"Calabasas","geoid":"0609598","county":"Los Angeles","countyFP":"037"}},
{"type":"Feature","geometry":{"type":"Polygon","coordinates":[[[-118.23032400000001,33.929001],[-118.22880500000001,33.922685],[-118.21994,33.922301],[-118.21835600000001,33.921357],[-118.21693599999999,33.912313],[-118.213829,33.913118],[-118.20643300000002,33.910535],[-118.20581200000001,33.912674],[-118.19842500000001,33.91057],[-118.199979,33.90667700000001],[-118.187048,33.90537],[-118.18625700000001,33.904797],[-118.18162400000001,33.907593],[-118.17986199999999,33.911237],[-118.17868499999999,33.91871],[-118.176825,33.930675],[-118.18293299999999,33.930782],[-118.181802,33.934369],[-118.210856,33.937061],[-118.21378699999998,33.940172],[-118.213109,33.94504],[-118.21676799999999,33.945441],[-118.214187,33.936921],[-118.22324600000002,33.937842],[-118.226906,33.940167],[-118.227476,33.943091],[-118.22921299999999,33.937331],[-118.22677200000001,33.937096],[-118.225581,33.929389],[-118.23032400000001,33.929001]]]},"properties":{"name":"Lynwood","geoid":"0644574","county":"Los Angeles","countyFP":"037"}},
{"type":"Feature","geometry":{"type":"Polygon","coordinates":[[[-118.00532300000002,34.064094],[-118.007732,34.057993],[-118.00277400000002,34.055723],[-118.000272,34.061668],[-117.98614600000002,34.062852],[-117.98250400000002,34.062554],[-117.975825,34.064177],[-117.96592500000001,34.062562],[-117.944489,34.082963],[-117.944888,34.090189],[-117.948761,34.092369],[-117.95354599999999,34.092354],[-117.95479499999999,34.099614],[-117.94298000000002,34.099749],[-117.942955,34.106932],[-117.978042,34.106651],[-117.97801200000002,34.099379],[-117.98456399999999,34.099273],[-117.984575,34.092007],[-117.982407,34.092018],[-117.982383,34.081337],[-118.001464,34.076865],[-118.00532300000002,34.064094]]]},"properties":{"name":"Baldwin Park","geoid":"0603666","county":"Los Angeles","countyFP":"037"}},
{"type":"Feature","geometry":{"type":"Polygon","coordinates":[[[-118.395844,34.091055],[-118.395412,34.096173],[-118.39208400000001,34.099054],[-118.39114,34.112423],[-118.39658400000002,34.112414],[-118.401038,34.108744],[-118.400888,34.093994],[-118.40532,34.0963],[-118.40541,34.101461],[-118.40869399999998,34.101508],[-118.40944000000002,34.094859],[-118.42274,34.094315],[-118.422656,34.090643],[-118.42704100000002,34.09063100000001],[-118.426962,34.083044],[-118.42277800000001,34.083093],[-118.42286,34.07689800000001],[-118.42092800000002,34.075428],[-118.41725300000002,34.068383],[-118.40610599999998,34.052781],[-118.40592199999999,34.057104],[-118.383666,34.05709900000001],[-118.383534,34.062937],[-118.37224400000001,34.0622],[-118.375064,34.068735],[-118.383728,34.069684],[-118.38376400000001,34.072122],[-118.390704,34.072083],[-118.389733,34.07649],[-118.389755,34.088495],[-118.395844,34.091055]]]},"properties":{"name":"Beverly Hills","geoid":"0606308","county":"Los Angeles","countyFP":"037"}},
{"type":"Feature","geometry":{"type":"Polygon","coordinates":[[[-118.307812,34.16114],[-118.30433499999998,34.15884],[-118.29883,34.157683],[-118.295602,34.158798],[-118.29154,34.155777],[-118.28277700000001,34.156806],[-118.278983,34.153203],[-118.27556200000001,34.153166],[-118.26347300000002,34.129673],[-118.258424,34.122585],[-118.254258,34.118761],[-118.251133,34.120947],[-118.252864,34.124298],[-118.235238,34.12672],[-118.23660799999999,34.132715],[-118.233598,34.1356],[-118.22791600000001,34.135601],[-118.22876899999999,34.145897],[-118.22623100000001,34.149789],[-118.21917900000001,34.147514],[-118.205432,34.147431],[-118.20270099999999,34.150633],[-118.19819499999998,34.149045],[-118.183787,34.14908],[-118.181583,34.149909],[-118.184157,34.159732],[-118.19097,34.173204],[-118.18888100000001,34.177876],[-118.190823,34.18008],[-118.19643800000001,34.179894],[-118.20810300000001,34.187572],[-118.20808500000001,34.190656],[-118.21344400000001,34.194085],[-118.21672299999999,34.197785],[-118.217678,34.202946],[-118.222092,34.206178],[-118.227608,34.205981],[-118.235237,34.209136],[-118.2352,34.213031],[-118.237575,34.215406],[-118.24875300000001,34.222241],[-118.24856100000001,34.24359],[-118.243468,34.246595],[-118.243372,34.252306],[-118.23880800000002,34.25226],[-118.238903,34.267084],[-118.25669000000002,34.26719],[-118.2565,34.252266],[-118.265264,34.25238],[-118.266733,34.240796],[-118.266871,34.221846],[-118.292761,34.221654],[-118.28009500000002,34.207461],[-118.27998099999999,34.190696],[-118.28349799999998,34.18585],[-118.28781100000002,34.187661],[-118.290529,34.184023],[-118.29779100000002,34.177145],[-118.29933,34.173306],[-118.296874,34.171532],[-118.307812,34.16114]]]},"properties":{"name":"Glendale","geoid":"0630000","county":"Los Angeles","countyFP":"037"}},
{"type":"Feature","geometry":{"type":"Polygon","coordinates":[[[-117.949345,34.050349],[-117.95279800000002,34.044543],[-117.94959299999998,34.042161],[-117.958559,34.033692],[-117.96804400000002,34.040666],[-117.963119,34.04532],[-117.972609,34.052312],[-117.970574,34.054186],[-117.975339,34.057378],[-117.98550399999999,34.046636],[-117.952791,34.022806],[-117.95397599999998,34.020443],[-117.94870000000002,34.015599],[-117.9375,34.011014],[-117.92518799999999,34.009031],[-117.92086199999999,34.017139],[-117.931741,34.018232],[-117.938067,34.017865],[-117.936905,34.022638],[-117.94378,34.023039],[-117.943306,34.028093],[-117.938538,34.028055],[-117.93797200000002,34.034224],[-117.940806,34.03653],[-117.940318,34.041526],[-117.947698,34.041978],[-117.94861300000001,34.04624],[-117.94249000000002,34.051819],[-117.94406,34.053154],[-117.949345,34.050349]]]},"properties":{"name":"La Puente","geoid":"0640340","county":"Los Angeles","countyFP":"037"}},
{"type":"Feature","geometry":{"type":"Polygon","coordinates":[[[-118.667977,34.19915900000001],[-118.66808400000001,34.194972],[-118.65847299999999,34.194962],[-118.65744900000001,34.189818],[-118.661448,34.189496],[-118.66814,34.191331],[-118.668153,34.17675],[-118.65858900000002,34.176749],[-118.65862899999999,34.16944],[-118.65426399999998,34.169427],[-118.65428100000001,34.165722],[-118.645534,34.165696],[-118.64555299999999,34.161985],[-118.641975,34.161975],[-118.64126900000001,34.158325],[-118.64126900000001,34.158136],[-118.63853600000002,34.157655],[-118.62899200000001,34.147273],[-118.609648,34.14724],[-118.56475199999998,34.130168],[-118.59920400000001,34.074337],[-118.57039500000002,34.069346],[-118.570107,34.047117],[-118.56690100000002,34.041193],[-118.567803,34.032742],[-118.56907500000001,33.994517],[-118.56968700000002,33.988811],[-118.56311100000002,33.987823],[-118.54608800000001,34.001907],[-118.51524099999999,34.02694],[-118.509346,34.032794],[-118.50755500000001,34.04007],[-118.50396499999998,34.040724000000004],[-118.494468,34.050560000000004],[-118.48376600000002,34.04143],[-118.477283,34.046699],[-118.45713799999999,34.029736],[-118.453065,34.02804],[-118.443517,34.016576],[-118.48398599999999,33.995097],[-118.537659,33.966884],[-118.533474,33.961794],[-118.523447,33.953049],[-118.508627,33.932517],[-118.500912,33.918621],[-118.49886800000002,33.916152],[-118.496342,33.916156],[-118.436981,33.916308],[-118.445297,33.921548],[-118.457281,33.941434],[-118.457028,33.9583],[-118.453524,33.958455],[-118.442953,33.940291],[-118.441272,33.938988],[-118.43304300000001,33.922134],[-118.429656,33.916325],[-118.422221,33.916329],[-118.42222199999999,33.919957],[-118.426571,33.921769],[-118.428754,33.927201],[-118.428769,33.930891],[-118.42504700000002,33.931288],[-118.40207000000001,33.931279],[-118.399256,33.93088],[-118.378728,33.930895],[-118.37842899999998,33.929008],[-118.368375,33.929021],[-118.368387,33.930946],[-118.37003300000002,33.930929],[-118.37003700000001,33.94542],[-118.37005700000002,33.952672],[-118.37884299999999,33.952647],[-118.37883400000001,33.95748],[-118.37685499999999,33.960816],[-118.371239,33.963367],[-118.37014799999999,33.967993],[-118.370341,33.981636],[-118.335186,33.981758],[-118.33521199999998,33.972691],[-118.33303,33.967249],[-118.32647999999999,33.967267],[-118.32647100000001,33.970909],[-118.317747,33.970923],[-118.31771999999998,33.945463],[-118.313372,33.94546],[-118.313387,33.938214],[-118.309025,33.93821],[-118.30901499999999,33.941833],[-118.305191,33.941845],[-118.30026200000002,33.949999],[-118.30004399999999,33.959494],[-118.291596,33.959495],[-118.291525,33.930962],[-118.29160699999998,33.916422],[-118.291689,33.894588],[-118.29052500000002,33.866406],[-118.294499,33.86647],[-118.29435699999999,33.870522],[-118.29914299999999,33.870531],[-118.299319,33.865698],[-118.30914799999998,33.865608],[-118.309124,33.836416],[-118.30878999999999,33.802217],[-118.30870900000001,33.782215],[-118.30642700000001,33.774958],[-118.30892299999998,33.774964],[-118.308938,33.77217],[-118.31160600000001,33.763051],[-118.309038,33.760515],[-118.30187800000002,33.760511],[-118.301,33.757721],[-118.30908699999999,33.757728],[-118.309614,33.746791],[-118.31844899999999,33.746842],[-118.318531,33.731987],[-118.32100999999999,33.729397],[-118.328472,33.729422],[-118.333057,33.721862],[-118.330432,33.72023],[-118.32334599999999,33.718626],[-118.317068,33.713582],[-118.313335,33.71462100000001],[-118.30757399999999,33.711918],[-118.29818,33.709704],[-118.294617,33.70474],[-118.28865899999998,33.705348],[-118.282493,33.708832],[-118.27698,33.707743],[-118.27010600000001,33.704147],[-118.265618,33.70387],[-118.231744,33.714854],[-118.24896600000001,33.755902],[-118.240767,33.758296],[-118.24544999999999,33.763889],[-118.220669,33.782537],[-118.22768100000002,33.789971],[-118.22243600000002,33.804152],[-118.22244200000002,33.812452],[-118.224576,33.824381],[-118.22806600000001,33.824195],[-118.225387,33.811008],[-118.22392800000002,33.807053],[-118.230117,33.792618],[-118.23750800000002,33.800508],[-118.25844500000001,33.799442],[-118.256512,33.804774],[-118.264625,33.804496],[-118.26458500000001,33.799127],[-118.28673699999999,33.797818],[-118.29914600000001,33.797796],[-118.29836,33.81287],[-118.29925799999998,33.813646],[-118.299207,33.846319],[-118.286017,33.846253],[-118.28525400000001,33.854157],[-118.290518,33.854223],[-118.29052300000001,33.858699],[-118.28494100000002,33.861344],[-118.28155499999998,33.862802],[-118.282729,33.885466],[-118.283204,33.896948],[-118.282268,33.897315],[-118.282086,33.923201],[-118.253594,33.92309500000001],[-118.253579,33.923747],[-118.25426800000001,33.929462],[-118.239978,33.929521],[-118.23032400000001,33.929001],[-118.230899,33.931691],[-118.22921299999999,33.937331],[-118.227476,33.943091],[-118.228602,33.948301],[-118.23402599999999,33.948243],[-118.233995,33.953264],[-118.24883900000002,33.953358],[-118.249138,33.943273],[-118.25364000000002,33.943277],[-118.253533,33.951260000000005],[-118.25593,33.95306],[-118.256393,33.960171],[-118.25643600000001,33.989498],[-118.239021,33.989403],[-118.23791799999998,33.989393],[-118.239593,34.008887],[-118.239708,34.014713],[-118.208166,34.015006],[-118.192125,34.012921],[-118.19223100000002,34.016546],[-118.192625,34.061762],[-118.169259,34.06229],[-118.16529300000002,34.062298],[-118.16049600000001,34.075131],[-118.16066,34.093441],[-118.15529000000001,34.098672],[-118.17799400000001,34.098595],[-118.177993,34.110323],[-118.172484,34.113802],[-118.168866,34.117843],[-118.16805300000001,34.123923],[-118.170631,34.126863],[-118.180193,34.126425],[-118.18134,34.129498],[-118.18609700000002,34.133732],[-118.18567799999998,34.138875],[-118.180488,34.140875],[-118.184561,34.145401],[-118.183787,34.14908],[-118.19819499999998,34.149045],[-118.20270099999999,34.150633],[-118.205432,34.147431],[-118.21917900000001,34.147514],[-118.22623100000001,34.149789],[-118.22876899999999,34.145897],[-118.22791600000001,34.135601],[-118.233598,34.1356],[-118.23660799999999,34.132715],[-118.235238,34.12672],[-118.252864,34.124298],[-118.251133,34.120947],[-118.254258,34.118761],[-118.258424,34.122585],[-118.26347300000002,34.129673],[-118.27556200000001,34.153166],[-118.278983,34.153203],[-118.28277700000001,34.156806],[-118.29154,34.155777],[-118.295602,34.158798],[-118.29883,34.157683],[-118.30433499999998,34.15884],[-118.307812,34.16114],[-118.31032000000002,34.16076],[-118.31290600000001,34.153993],[-118.31767699999999,34.156313],[-118.32211,34.155727],[-118.33102800000002,34.148318],[-118.34074,34.145514],[-118.34511900000001,34.142636],[-118.357758,34.172162],[-118.361151,34.194651],[-118.37031300000001,34.196379],[-118.370312,34.201197],[-118.36237200000001,34.201197],[-118.36298699999999,34.206818],[-118.33993,34.206503],[-118.339806,34.211194],[-118.334546,34.215618],[-118.337462,34.221312],[-118.292761,34.221654],[-118.266871,34.221846],[-118.266733,34.240796],[-118.265264,34.25238],[-118.2565,34.252266],[-118.25669000000002,34.26719],[-118.238903,34.267084],[-118.238789,34.281589],[-118.27353700000002,34.281661],[-118.27368,34.278067],[-118.286694,34.278337],[-118.28628600000002,34.292649],[-118.29939499999999,34.293259],[-118.299478,34.286096],[-118.326914,34.28606],[-118.32683100000001,34.282435],[-118.351729,34.282475],[-118.351735,34.278833000000006],[-118.364279,34.280765],[-118.367281,34.280589],[-118.36983800000002,34.286127],[-118.37351900000002,34.283166],[-118.385762,34.284817],[-118.38461900000001,34.289731],[-118.382372,34.291526],[-118.38287799999999,34.296956],[-118.387396,34.29878],[-118.39363500000002,34.298788],[-118.39981400000002,34.29342],[-118.401588,34.286423],[-118.40616800000001,34.285927],[-118.41029400000001,34.291071],[-118.40907200000001,34.293659],[-118.40350799999999,34.293513],[-118.40120499999999,34.297065],[-118.401052,34.300670000000004],[-118.40560000000002,34.300726],[-118.40546900000001,34.307912],[-118.400904,34.310027000000005],[-118.400786,34.31643600000001],[-118.39653000000001,34.317419],[-118.404912,34.322077],[-118.405202,34.329811],[-118.413579,34.329881],[-118.41220699999998,34.325904],[-118.41435000000001,34.324441],[-118.42075100000001,34.325573],[-118.419983,34.329879],[-118.449417,34.329951],[-118.48440300000001,34.330279],[-118.492718,34.330623],[-118.50381000000002,34.337306],[-118.534011,34.31453100000001],[-118.54629599999998,34.317332],[-118.547095,34.313346],[-118.543672,34.305715],[-118.54429599999999,34.30394],[-118.540821,34.298814],[-118.554034,34.296414],[-118.557391,34.299243],[-118.562096,34.29879],[-118.56742,34.294953],[-118.57176199999999,34.298619],[-118.585091,34.303478],[-118.588101,34.302925],[-118.59265300000001,34.28722],[-118.591699,34.28023],[-118.59620799999999,34.274521],[-118.607336,34.277744],[-118.622571,34.275642],[-118.629563,34.272694],[-118.633461,34.269522],[-118.63254600000002,34.263351],[-118.632494,34.240391],[-118.63146300000001,34.237018],[-118.646981,34.238082],[-118.64971200000001,34.227115],[-118.65404699999999,34.227109],[-118.654052,34.223495],[-118.65839,34.223495],[-118.6584,34.216416],[-118.652375,34.216419],[-118.65324000000001,34.212946],[-118.662741,34.212899],[-118.66276399999998,34.209343000000004],[-118.667799,34.209329],[-118.667977,34.19915900000001]],[[-118.46876300000001,34.065186],[-118.46673100000001,34.067708],[-118.46319999999999,34.065066],[-118.4611,34.06004600000001],[-118.458781,34.058073],[-118.45516100000002,34.060243],[-118.459623,34.065445],[-118.4544,34.065597],[-118.445776,34.05533],[-118.44908700000002,34.053351],[-118.44817499999999,34.049578],[-118.45222200000002,34.04706],[-118.45657600000001,34.047717],[-118.46795300000001,34.06091],[-118.46876300000001,34.065186]],[[-118.46348,33.981049],[-118.45505100000001,33.986416],[-118.441604,33.98338],[-118.43225900000002,33.975016],[-118.45130100000002,33.964231],[-118.45747799999998,33.973786],[-118.46348,33.981049]],[[-118.456008,34.284903],[-118.449441,34.289699],[-118.43256899999999,34.304687],[-118.421401,34.294375],[-118.418562,34.296451],[-118.415792,34.293841],[-118.41712300000002,34.290356],[-118.43056899999999,34.280549],[-118.43558600000001,34.279372],[-118.44373400000002,34.27331],[-118.456008,34.284903]],[[-118.386654,33.976907],[-118.39765000000001,33.98207],[-118.394895,33.983854],[-118.39866800000001,33.988015],[-118.401239,33.986386],[-118.40620300000002,33.989404],[-118.40785600000001,33.992117],[-118.402815,33.995833],[-118.399792,34.001826],[-118.402768,34.003465000000006],[-118.40588899999999,33.999236],[-118.414231,34.003433],[-118.420206,33.997463],[-118.431102,33.996381],[-118.43018199999999,33.990125],[-118.43717400000001,33.995276],[-118.44695000000002,33.990553],[-118.448472,33.993359],[-118.442457,33.993599],[-118.430327,33.999446],[-118.42598,33.99807],[-118.42048399999999,33.99867],[-118.418239,34.000619],[-118.42124900000002,34.004422],[-118.417344,34.006749],[-118.42141100000002,34.010324],[-118.406864,34.018574],[-118.40500000000002,34.017177],[-118.39745500000001,34.021662],[-118.39835000000001,34.02291700000001],[-118.387171,34.0294],[-118.37591900000001,34.032417],[-118.36957699999999,34.03508],[-118.371901,34.029929],[-118.37622,34.028646],[-118.37808000000001,34.021221],[-118.37966599999999,34.019309],[-118.373851,34.016109],[-118.37309300000001,34.01191300000001],[-118.37264900000001,34.015839],[-118.36671899999999,34.015622],[-118.36717300000001,34.007088],[-118.365027,34.005555],[-118.361436,34.008332],[-118.35754300000002,34.009145],[-118.359079,34.001907],[-118.35780499999998,33.997145],[-118.356405,33.99986],[-118.35035,34.004904],[-118.341248,34.004762],[-118.33568800000002,34.008258],[-118.33148500000001,34.001492],[-118.33162899999999,33.996333],[-118.337282,33.996308],[-118.337266,33.988491],[-118.342487,33.989415],[-118.352681,33.989335],[-118.35268299999998,33.983059],[-118.36126000000002,33.983034],[-118.37180500000001,33.982058],[-118.37180200000002,33.979847],[-118.371809,33.977318],[-118.38051400000002,33.976358],[-118.386654,33.976907]],[[-118.389733,34.07649],[-118.390704,34.072083],[-118.38376400000001,34.072122],[-118.383728,34.069684],[-118.375064,34.068735],[-118.37224400000001,34.0622],[-118.383534,34.062937],[-118.383666,34.05709900000001],[-118.40592199999999,34.057104],[-118.40610599999998,34.052781],[-118.41725300000002,34.068383],[-118.42092800000002,34.075428],[-118.42286,34.07689800000001],[-118.42277800000001,34.083093],[-118.426962,34.083044],[-118.42704100000002,34.09063100000001],[-118.422656,34.090643],[-118.42274,34.094315],[-118.40944000000002,34.094859],[-118.40869399999998,34.101508],[-118.40541,34.101461],[-118.40532,34.0963],[-118.400888,34.093994],[-118.401038,34.108744],[-118.39658400000002,34.112414],[-118.39114,34.112423],[-118.39208400000001,34.099054],[-118.395412,34.096173],[-118.395844,34.091055],[-118.38604000000001,34.091036],[-118.38503799999998,34.093588],[-118.37910699999999,34.093066],[-118.376577,34.094750000000005],[-118.368168,34.09708700000001],[-118.361652,34.097178],[-118.361542,34.094455],[-118.343382,34.094328],[-118.343393,34.088895],[-118.352802,34.088962],[-118.35279999999999,34.087129],[-118.370233,34.087084],[-118.372498,34.090256],[-118.37695099999999,34.08863],[-118.37703299999998,34.08304],[-118.370302,34.083157],[-118.370294,34.080169],[-118.377248,34.080207],[-118.37716700000001,34.076592],[-118.389733,34.07649]],[[-118.41759800000001,34.10717],[-118.41749099999998,34.112497],[-118.414075,34.111985],[-118.40973500000001,34.108854],[-118.409751,34.105152],[-118.41745799999998,34.105199],[-118.41759800000001,34.10717]],[[-118.36179800000001,34.13885200000001],[-118.36115600000001,34.142749],[-118.35416000000001,34.143211],[-118.34503800000002,34.142446],[-118.34323000000002,34.138214],[-118.348453,34.132885],[-118.356989,34.135041],[-118.35791999999998,34.139465],[-118.36179800000001,34.13885200000001]],[[-118.30914999999999,33.737916],[-118.309119,33.741622],[-118.304257,33.741527000000005],[-118.301667,33.743334],[-118.29671400000001,33.743318],[-118.296739,33.737878],[-118.30914999999999,33.737916]],[[-118.299217,33.854229],[-118.29703500000001,33.847284],[-118.29921499999999,33.847292],[-118.299217,33.854229]]]},"properties":{"name":"Los Angeles","geoid":"0644000","county":"Los Angeles","countyFP":"037"}},
{"type":"Feature","geometry":{"type":"Polygon","coordinates":[[[-118.187451,33.903173],[-118.18814899999998,33.894716],[-118.182374,33.896212],[-118.18159300000002,33.892623],[-118.186901,33.892528],[-118.18719600000001,33.885443],[-118.17743500000002,33.885359],[-118.17742700000001,33.881952],[-118.15131499999998,33.881987],[-118.15129400000001,33.879807],[-118.146955,33.879818],[-118.146971,33.88931],[-118.142741,33.889334],[-118.142932,33.902467],[-118.153502,33.907371],[-118.14922200000001,33.913704],[-118.156237,33.917044],[-118.15901899999999,33.909917],[-118.176183,33.917989],[-118.17868499999999,33.91871],[-118.17986199999999,33.911237],[-118.18162400000001,33.907593],[-118.18625700000001,33.904797],[-118.18777000000001,33.903428],[-118.187451,33.903173]]]},"properties":{"name":"Paramount","geoid":"0655618","county":"Los Angeles","countyFP":"037"}},
{"type":"Feature","geometry":{"type":"Polygon","coordinates":[[[-118.08137800000002,34.113513],[-118.08127300000001,34.105604],[-118.07721,34.103034],[-118.073687,34.097154],[-118.07378,34.090582],[-118.061845,34.086633],[-118.05677699999998,34.085448],[-118.055075,34.089334],[-118.03616400000001,34.092557],[-118.03269099999999,34.096475],[-118.028624,34.097074],[-118.03049600000001,34.106384],[-118.03479500000002,34.106669],[-118.052244,34.104202],[-118.05420900000001,34.113694],[-118.056576,34.118337],[-118.06303700000001,34.117414],[-118.063749,34.120996],[-118.073247,34.118384],[-118.073717,34.113549],[-118.08137800000002,34.113513]]]},"properties":{"name":"Temple City","geoid":"0678148","county":"Los Angeles","countyFP":"037"}},
{"type":"Feature","geometry":{"type":"Polygon","coordinates":[[[-117.636609,34.165178],[-117.63776300000002,34.161811],[-117.636916,34.150577],[-117.635874,34.146724],[-117.629894,34.13627],[-117.62519500000002,34.132574],[-117.621681,34.12598500000001],[-117.62346000000001,34.118579000000004],[-117.628472,34.11645200000001],[-117.62857200000002,34.092558],[-117.608812,34.09206100000001],[-117.60272200000001,34.08362],[-117.60110700000001,34.077552],[-117.52402700000002,34.07718],[-117.523822,34.089848],[-117.515103,34.089375],[-117.51488499999999,34.104557],[-117.51454099999998,34.12146],[-117.513658,34.121443],[-117.47867300000001,34.150449],[-117.48833100000002,34.150534],[-117.48815799999998,34.179399],[-117.50563,34.179244],[-117.52323500000001,34.177483],[-117.540555,34.179306],[-117.553756,34.179339],[-117.554066,34.172341],[-117.558619,34.17239],[-117.55817100000002,34.179542],[-117.5746,34.179566],[-117.575696,34.171689],[-117.575525,34.165041],[-117.627913,34.165149],[-117.62788200000001,34.172412],[-117.63225700000001,34.17239],[-117.632249,34.168755],[-117.636646,34.168769],[-117.636609,34.165178]]]},"properties":{"name":"Rancho Cucamonga","geoid":"0659451","county":"San Bernardino","countyFP":"071"}},
{"type":"Feature","geometry":{"type":"Polygon","coordinates":[[[-117.11811,34.89272],[-117.13616900000001,34.892866],[-117.13609999999998,34.878461],[-117.153653,34.878317],[-117.15366999999999,34.863776],[-117.14488200000001,34.863876],[-117.136107,34.86634],[-117.13607,34.84945],[-117.14471000000002,34.84935],[-117.145087,34.834864],[-117.11807500000002,34.834573],[-117.117877,34.80547],[-117.10164099999999,34.805363],[-117.09633700000002,34.810851],[-117.08755000000001,34.810561],[-117.08269500000002,34.815499],[-117.07490900000002,34.815713],[-117.06952300000002,34.81713500000001],[-117.06948400000002,34.83404],[-117.06506100000001,34.833889],[-117.06498699999999,34.880416],[-117.062518,34.882497],[-117.04483,34.88631],[-117.02983000000002,34.88591],[-117.02986999999999,34.87696],[-117.04753,34.87735],[-117.04749,34.86279],[-116.9977,34.861941],[-116.962283,34.862016],[-116.962515,34.843656],[-116.94469999999998,34.84353],[-116.944645,34.847533],[-116.926717,34.847367],[-116.926716,34.843742],[-116.909277,34.843546],[-116.909089,34.858466],[-116.92666199999998,34.858678],[-116.92665799999999,34.861939],[-116.94491299999999,34.862084],[-116.94477199999999,34.867514],[-116.942485,34.869334],[-116.935811,34.869352],[-116.935609,34.88398600000001],[-116.97105800000001,34.883845],[-116.97099400000002,34.887502],[-116.97986799999998,34.887737],[-116.97977,34.89483],[-116.98421100000002,34.898608],[-116.97534500000002,34.898476],[-116.975365,34.894854],[-116.962055,34.894825],[-116.961936,34.913087],[-116.97966900000002,34.913079],[-116.979773,34.90583],[-116.98637,34.905813],[-116.98618,34.90212],[-116.99099,34.89862],[-116.997472,34.898727],[-116.997475,34.903077],[-117.006257,34.903068],[-117.00618600000001,34.913173],[-117.01626500000002,34.913193],[-117.01341,34.91641],[-117.02385900000002,34.91684],[-117.024134,34.906752],[-117.029845,34.905851],[-117.04009300000001,34.906037],[-117.047457,34.904695],[-117.047499,34.900913],[-117.055485,34.899143],[-117.07538,34.895805],[-117.078352,34.892215],[-117.09268700000001,34.892454],[-117.10042,34.89257],[-117.10018699999999,34.87073],[-117.11799,34.871],[-117.11797,34.8746],[-117.10931,34.878498],[-117.11806,34.87841],[-117.11811,34.89272]]]},"properties":{"name":"Barstow","geoid":"0604030","county":"San Bernardino","countyFP":"071"}},
{"type":"Feature","geometry":{"type":"Polygon","coordinates":[[[-117.37164800000001,34.019368],[-117.367299,34.019354],[-117.364523,34.019353],[-117.34768500000001,34.019352],[-117.339794,34.019353],[-117.33616100000002,34.019378],[-117.333287,34.025685],[-117.32673700000001,34.031869],[-117.330261,34.032078],[-117.328177,34.037801],[-117.331767,34.037846],[-117.33095500000002,34.044046],[-117.32654500000001,34.044021],[-117.327341,34.039527],[-117.31944,34.042701],[-117.31555300000001,34.041349],[-117.30993500000001,34.04456],[-117.304866,34.045226],[-117.29991600000001,34.044763],[-117.29616899999999,34.041056],[-117.29513699999998,34.037652],[-117.291528,34.03761],[-117.291922,34.029652],[-117.296084,34.029798],[-117.296066,34.018252],[-117.28753999999999,34.018298],[-117.270602,34.018715],[-117.27006600000001,34.041233],[-117.27369300000001,34.041254],[-117.281341,34.040816],[-117.27911899999998,34.037046],[-117.279273,34.033112],[-117.287764,34.033551],[-117.28676300000001,34.044814],[-117.27362,34.044809],[-117.273538,34.04843300000001],[-117.277834,34.04851],[-117.27804000000002,34.051901],[-117.287405,34.050777000000004],[-117.28756900000002,34.063969],[-117.29466700000002,34.065489],[-117.29555400000001,34.068207],[-117.300521,34.068653],[-117.30490900000001,34.071246],[-117.303803,34.077257],[-117.309284,34.084981],[-117.313866,34.084892],[-117.313861,34.08851000000001],[-117.318344,34.088521],[-117.320082,34.092144],[-117.32534300000002,34.092179],[-117.325432,34.09527],[-117.33222299999998,34.094363],[-117.333719,34.091831],[-117.33930200000002,34.092338],[-117.339988,34.086617],[-117.344077,34.085031],[-117.359401,34.085012],[-117.36595,34.08319],[-117.365842,34.057761],[-117.36149400000001,34.057747],[-117.358096,34.055978],[-117.35702300000001,34.048077],[-117.363737,34.042744],[-117.36737200000002,34.038234],[-117.36388300000002,34.026644000000005],[-117.366268,34.024555],[-117.37164800000001,34.019368]],[[-117.353424,34.067012],[-117.352761,34.069537],[-117.34414500000001,34.068733],[-117.34414500000001,34.080567],[-117.33793699999998,34.081431],[-117.338879,34.068736],[-117.33578699999998,34.06801],[-117.336575,34.058376],[-117.336112,34.053915],[-117.347845,34.052113],[-117.34872300000002,34.055873],[-117.353191,34.055892],[-117.353424,34.067012]],[[-117.28507,34.025854],[-117.28016600000001,34.029138],[-117.27798699999998,34.023125],[-117.283407,34.022385],[-117.28507,34.025854]]]},"properties":{"name":"Colton","geoid":"0614890","county":"San Bernardino","countyFP":"071"}},
{"type":"Feature","geometry":{"type":"Polygon","coordinates":[[[-117.304866,34.045226],[-117.30993500000001,34.04456],[-117.31555300000001,34.041349],[-117.31944,34.042701],[-117.327341,34.039527],[-117.32654500000001,34.044021],[-117.33095500000002,34.044046],[-117.331767,34.037846],[-117.328177,34.037801],[-117.330261,34.032078],[-117.32673700000001,34.031869],[-117.333287,34.025685],[-117.33616100000002,34.019378],[-117.304895,34.019301],[-117.296066,34.018252],[-117.296084,34.029798],[-117.291922,34.029652],[-117.291528,34.03761],[-117.29513699999998,34.037652],[-117.29616899999999,34.041056],[-117.29991600000001,34.044763],[-117.304866,34.045226]]]},"properties":{"name":"Grand Terrace","geoid":"0630658","county":"San Bernardino","countyFP":"071"}},
{"type":"Feature","geometry":{"type":"Polygon","coordinates":[[[-118.169259,34.06229],[-118.169594,34.044197],[-118.15716399999998,34.044261],[-118.15728000000001,34.03626],[-118.151686,34.034015],[-118.14415999999999,34.033463],[-118.11513500000001,34.033698],[-118.10768500000002,34.026994],[-118.103631,34.032075],[-118.099086,34.032267],[-118.098305,34.035234],[-118.106517,34.040403],[-118.10027200000002,34.044762],[-118.10350000000001,34.047208],[-118.108008,34.047064],[-118.10803300000002,34.055338],[-118.107296,34.062569],[-118.10746400000001,34.071558],[-118.108189,34.07165400000001],[-118.10924700000001,34.069841],[-118.135707,34.069741],[-118.134988,34.063284],[-118.14502100000001,34.060048],[-118.15253000000001,34.062318],[-118.16529300000002,34.062298],[-118.169259,34.06229]]]},"properties":{"name":"Monterey Park","geoid":"0648914","county":"Los Angeles","countyFP":"037"}},
{"type":"Feature","geometry":{"type":"Polygon","coordinates":[[[-118.343821,33.893392],[-118.34383,33.902433],[-118.35855600000001,33.902354],[-118.361257,33.901438],[-118.361286,33.897022],[-118.365858,33.894643],[-118.36129,33.894653],[-118.36129,33.872858],[-118.354711,33.872854],[-118.35250899999998,33.874317],[-118.343776,33.877234],[-118.343821,33.893392]]]},"properties":{"name":"Lawndale","geoid":"0640886","county":"Los Angeles","countyFP":"037"}},
{"type":"Feature","geometry":{"type":"Polygon","coordinates":[[[-117.523347,33.955629],[-117.523804,33.945898],[-117.516502,33.945986],[-117.511693,33.941178],[-117.512494,33.937191],[-117.51513499999999,33.93551],[-117.51734700000002,33.930003],[-117.51482500000002,33.921399],[-117.512047,33.914910000000006],[-117.51406300000001,33.909226],[-117.51083,33.909294],[-117.51058399999998,33.901658],[-117.507753,33.902153],[-117.50129900000002,33.894249],[-117.501642,33.88914],[-117.497593,33.882986],[-117.49600200000002,33.883957],[-117.487015,33.887913],[-117.47731599999999,33.88466],[-117.471056,33.884467],[-117.471089,33.88748400000001],[-117.465019,33.889777],[-117.460794,33.884695],[-117.454106,33.887363],[-117.43282299999998,33.886938],[-117.383578,33.887123],[-117.383557,33.90165],[-117.33123700000002,33.901913],[-117.33130700000001,33.888337],[-117.33806500000001,33.889079],[-117.34008000000001,33.887181],[-117.349369,33.885678],[-117.348761,33.879921],[-117.353068,33.87993],[-117.353109,33.872612],[-117.313878,33.873005],[-117.313735,33.888163],[-117.309851,33.887546],[-117.292064,33.887655],[-117.292031,33.90407600000001],[-117.296247,33.902237],[-117.30281999999998,33.902167],[-117.30503500000002,33.898484],[-117.313944,33.898405000000004],[-117.31384,33.90203],[-117.31931,33.901979],[-117.31937100000002,33.909249],[-117.31375200000001,33.912785],[-117.31377800000001,33.915862],[-117.300452,33.916658],[-117.28361800000002,33.91681400000001],[-117.288896,33.931382],[-117.27897199999998,33.931441],[-117.279021,33.942843],[-117.296452,33.946191],[-117.302586,33.947399],[-117.30430000000001,33.952149],[-117.308868,33.951827],[-117.31377500000002,33.953918],[-117.314555,33.957335],[-117.310978,33.957999],[-117.31132800000002,33.967424],[-117.30918400000002,33.971004],[-117.30945200000001,33.983494],[-117.307205,33.986535],[-117.307243,33.990174],[-117.309393,33.99372],[-117.331107,33.993843],[-117.32232600000002,33.999136],[-117.31415700000001,34.000902],[-117.313569,33.997333],[-117.309283,33.997448],[-117.307219,34.004077],[-117.319563,34.006195000000005],[-117.326732,34.010113],[-117.33408199999998,34.006609],[-117.33618500000001,34.012067],[-117.34464100000001,34.01248],[-117.350134,34.01381800000001],[-117.34652600000001,34.017462],[-117.34768500000001,34.019352],[-117.364523,34.019353],[-117.36752,34.018143],[-117.37361300000002,34.010132],[-117.378656,34.005521],[-117.38448099999998,34.003993],[-117.391405,33.995982],[-117.39274900000001,33.98984],[-117.40256699999999,33.976677],[-117.405225,33.976576],[-117.410451,33.975685],[-117.421823,33.970224],[-117.43173900000001,33.967731],[-117.435826,33.968489],[-117.43585400000002,33.968413],[-117.436146,33.966856],[-117.44695200000001,33.966863],[-117.449146,33.965063],[-117.45360200000002,33.966885],[-117.461125,33.964536],[-117.47558900000001,33.964668],[-117.484049,33.960751],[-117.50795600000001,33.960892],[-117.51009600000002,33.95918],[-117.518851,33.95924],[-117.518829,33.955619],[-117.523347,33.955629]]]},"properties":{"name":"Riverside","geoid":"0662000","county":"Riverside","countyFP":"065"}},
{"type":"Feature","geometry":{"type":"Polygon","coordinates":[[[-117.204581,33.859099],[-117.20789700000002,33.865829],[-117.20436399999998,33.866582],[-117.202398,33.870956],[-117.190217,33.881488],[-117.185605,33.880538],[-117.17464799999999,33.892508],[-117.16642700000001,33.894496],[-117.157673,33.894609],[-117.15632600000002,33.897769],[-117.149894,33.900505],[-117.146394,33.896439],[-117.137725,33.893603],[-117.134936,33.889408],[-117.129725,33.889323],[-117.129803,33.895512],[-117.121199,33.895551],[-117.121095,33.902609],[-117.119751,33.903124],[-117.10233099999999,33.903171],[-117.102317,33.89856],[-117.09468300000002,33.904083],[-117.091599,33.907253],[-117.09835000000001,33.915644],[-117.103741,33.919515],[-117.11506200000001,33.919463],[-117.11512,33.92522],[-117.12126100000002,33.928676],[-117.12128500000001,33.932937],[-117.124494,33.932804000000004],[-117.12685899999998,33.937924],[-117.13903900000001,33.938974],[-117.138947,33.950219],[-117.14333800000001,33.950226],[-117.14326700000001,33.953821],[-117.147666,33.953845],[-117.147607,33.961077],[-117.158364,33.961144],[-117.165081,33.967998],[-117.16521,33.961155],[-117.21783899999998,33.961288],[-117.21777299999998,33.968299],[-117.22646700000001,33.966962],[-117.226381,33.975537],[-117.22531100000002,33.982334],[-117.244212,33.98308],[-117.261536,33.982846],[-117.26208500000001,33.987815],[-117.26659500000001,33.985748],[-117.263749,33.983248],[-117.275447,33.982971],[-117.272751,33.977384],[-117.272637,33.9681],[-117.261495,33.968141],[-117.26148199999999,33.962921],[-117.263636,33.96109200000001],[-117.270283,33.960858],[-117.26985800000001,33.950342],[-117.27902,33.950218],[-117.279059,33.953592],[-117.28342400000001,33.953643],[-117.283413,33.957065],[-117.28964799999999,33.957227],[-117.289671,33.96077],[-117.296486,33.961018],[-117.296452,33.946191],[-117.279021,33.942843],[-117.27897199999998,33.931441],[-117.288896,33.931382],[-117.28361800000002,33.91681400000001],[-117.28024600000002,33.909142],[-117.273625,33.910103],[-117.24359300000002,33.910156],[-117.24376400000001,33.865076],[-117.243839,33.859031],[-117.21238800000002,33.858712],[-117.204581,33.859099]]]},"properties":{"name":"Moreno Valley","geoid":"0649270","county":"Riverside","countyFP":"065"}},
{"type":"Feature","geometry":{"type":"Polygon","coordinates":[[[-117.67301899999998,33.871039],[-117.671608,33.869368],[-117.665891,33.871335],[-117.659489,33.876235],[-117.65860000000002,33.871312],[-117.64498100000002,33.868655],[-117.644817,33.859388],[-117.632012,33.859373],[-117.63202299999999,33.856721],[-117.623341,33.856703],[-117.623317,33.859398],[-117.613427,33.859332],[-117.61473,33.854621],[-117.61478200000002,33.842262],[-117.61048399999999,33.842308],[-117.6105,33.83868],[-117.60631300000001,33.838662],[-117.60528599999999,33.835058],[-117.597319,33.835892],[-117.597191,33.841421],[-117.58907300000001,33.833944],[-117.589117,33.829659],[-117.58442199999999,33.829675],[-117.57786,33.823647],[-117.55403400000002,33.811485],[-117.55409100000001,33.80008],[-117.52764,33.800291],[-117.52432800000001,33.800327],[-117.524369,33.811123],[-117.519932,33.811092],[-117.519943,33.814674],[-117.512364,33.814972],[-117.508134,33.806824],[-117.50457299999998,33.807778],[-117.49765,33.807449],[-117.497869,33.804638],[-117.49371800000002,33.804286],[-117.493536,33.81462],[-117.498677,33.815173],[-117.49814099999999,33.817666],[-117.50501700000001,33.82437],[-117.510259,33.823802],[-117.51521200000002,33.829294],[-117.528367,33.829235],[-117.524296,33.823804],[-117.536771,33.823643],[-117.536354,33.835843],[-117.53204499999998,33.842158],[-117.53493599999999,33.854009],[-117.527569,33.853806],[-117.527513,33.858271],[-117.522948,33.857444],[-117.51455200000001,33.858315],[-117.51459400000002,33.854683],[-117.50602200000002,33.854656],[-117.506056,33.850983],[-117.50175599999999,33.850983],[-117.50178899999999,33.845911],[-117.496566,33.845953],[-117.49662500000001,33.836406],[-117.484544,33.836401],[-117.484409,33.851061],[-117.48788100000002,33.856517],[-117.488915,33.863176],[-117.49330699999999,33.867429],[-117.49333399999999,33.872599],[-117.501262,33.872564],[-117.505447,33.868873],[-117.51418600000001,33.869961],[-117.51525100000002,33.872568],[-117.524129,33.872441],[-117.52618700000001,33.874933],[-117.52976000000001,33.873975],[-117.532253,33.879012],[-117.52720400000001,33.880156],[-117.501642,33.88914],[-117.50129900000002,33.894249],[-117.507753,33.902153],[-117.51058399999998,33.901658],[-117.51083,33.909294],[-117.51406300000001,33.909226],[-117.514924,33.902335],[-117.523582,33.902115],[-117.526191,33.907939],[-117.53102900000002,33.904816],[-117.538754,33.901432],[-117.540558,33.897182],[-117.54672300000001,33.898352],[-117.55220000000001,33.897023],[-117.55425900000002,33.901949],[-117.566568,33.89373],[-117.572102,33.899632],[-117.57033,33.900716],[-117.57630000000002,33.907465],[-117.579861,33.905328],[-117.58815700000001,33.914682],[-117.592662,33.916193],[-117.60161099999999,33.907921],[-117.604113,33.909639],[-117.61402600000001,33.903985],[-117.61653600000001,33.908056],[-117.62003100000001,33.906804],[-117.621261,33.902531],[-117.624861,33.901361],[-117.62351400000001,33.894405],[-117.616863,33.894912],[-117.61233600000001,33.891501],[-117.61535999999998,33.885265],[-117.626074,33.883386],[-117.62009700000002,33.881722],[-117.60520500000001,33.879692],[-117.599757,33.876428],[-117.60754199999998,33.871433],[-117.611412,33.874159],[-117.616253,33.875583],[-117.62080599999999,33.881315],[-117.629604,33.883445],[-117.64009900000002,33.882939],[-117.65279300000002,33.879815],[-117.662271,33.884575],[-117.66474399999998,33.887942],[-117.66901699999998,33.885888],[-117.67041200000001,33.883242],[-117.668816,33.880549],[-117.67264899999999,33.876644],[-117.670537,33.874264],[-117.67301899999998,33.871039]]]},"properties":{"name":"Corona","geoid":"0616350","county":"Riverside","countyFP":"065"}},
{"type":"Feature","geometry":{"type":"Polygon","coordinates":[[[-117.41632300000002,33.712379],[-117.41607200000001,33.701695],[-117.42039500000001,33.701643],[-117.420342,33.698228],[-117.41591600000001,33.698418],[-117.41554900000001,33.684181],[-117.394251,33.684074],[-117.39668,33.681742],[-117.39647700000002,33.678529],[-117.387556,33.678812],[-117.38636200000002,33.67483],[-117.391002,33.667758],[-117.37975900000002,33.660721],[-117.38352899999998,33.656396],[-117.38364599999998,33.648155],[-117.37926400000002,33.6483],[-117.37913599999999,33.654419],[-117.37302800000002,33.656561],[-117.370271,33.659778],[-117.36647700000002,33.654848],[-117.36099200000001,33.651879],[-117.356381,33.647959],[-117.34470000000002,33.642628],[-117.335695,33.637256],[-117.33076900000002,33.639582],[-117.319878,33.632852],[-117.319638,33.630553],[-117.312735,33.62388],[-117.303904,33.618452],[-117.29061800000001,33.633158],[-117.29094199999999,33.639727],[-117.296376,33.652477],[-117.28781599999999,33.656077],[-117.25385599999998,33.655948],[-117.253461,33.648627],[-117.240394,33.648663],[-117.24032399999999,33.655928],[-117.22339000000001,33.655965],[-117.22339200000002,33.663352],[-117.221154,33.667004],[-117.216813,33.667054],[-117.216843,33.670776],[-117.240475,33.670587],[-117.266596,33.670375],[-117.26661899999999,33.673978],[-117.276928,33.674038],[-117.277564,33.67951],[-117.28075499999998,33.683137],[-117.28401700000002,33.683148],[-117.28400599999999,33.688035],[-117.279754,33.688077],[-117.27985,33.695334],[-117.275408,33.695349],[-117.27530299999998,33.706228],[-117.284143,33.706105],[-117.28416,33.698834],[-117.289272,33.700889],[-117.28989300000002,33.704257],[-117.299371,33.704077],[-117.299278,33.709528],[-117.296542,33.713284],[-117.31013099999998,33.713045],[-117.309901,33.727605],[-117.310225,33.742317],[-117.31038600000001,33.756804],[-117.336166,33.756102],[-117.336137,33.752489000000004],[-117.32753800000002,33.752786],[-117.326864,33.734979],[-117.332624,33.734707],[-117.330919,33.729324],[-117.333887,33.724968],[-117.33379000000001,33.719333],[-117.335353,33.717505],[-117.33191300000001,33.715316],[-117.327271,33.717021],[-117.327423,33.71302],[-117.320481,33.713099],[-117.32051299999999,33.708916],[-117.32417800000002,33.706269],[-117.32553899999999,33.703052],[-117.33231200000002,33.696696],[-117.33552299999998,33.699168],[-117.343183,33.696301],[-117.346666,33.698985],[-117.34658300000001,33.707363],[-117.34663,33.712826],[-117.359499,33.712921],[-117.36390700000001,33.720278],[-117.36385600000001,33.727567],[-117.37584500000001,33.727631],[-117.38119,33.728776],[-117.381239,33.74221],[-117.39853100000002,33.742077],[-117.39853500000001,33.741261],[-117.398572,33.729821],[-117.40213200000001,33.731393],[-117.40591100000002,33.727536],[-117.416091,33.727608],[-117.41632300000002,33.712379]]]},"properties":{"name":"Lake Elsinore","geoid":"0639486","county":"Riverside","countyFP":"065"}},
{"type":"Feature","geometry":{"type":"Polygon","coordinates":[[[-117.071477,33.964301],[-117.052107,33.94741],[-117.042758,33.94353],[-117.03417300000001,33.943465],[-117.034093,33.925144],[-117.023052,33.926028],[-117.02105,33.929838],[-117.01662300000001,33.930293],[-117.01672899999998,33.933364],[-117.008146,33.933153],[-117.00785300000001,33.926207],[-116.998758,33.926349],[-116.998901,33.917983],[-116.99452100000002,33.918433],[-116.99451900000001,33.92234],[-116.990206,33.922489],[-116.990176,33.915204],[-116.98589800000002,33.915161],[-116.98592,33.918805],[-116.97281400000001,33.918701],[-116.972744,33.913256],[-116.96834100000001,33.913169],[-116.96822000000002,33.909387],[-116.964042,33.909482],[-116.964046,33.90338],[-116.957973,33.903722],[-116.95771,33.889396],[-116.98126300000001,33.889478],[-116.98152,33.882153],[-116.985901,33.882137],[-116.98619300000001,33.874797],[-116.992369,33.874765],[-116.99463699999998,33.871703],[-116.999382,33.869155],[-116.998394,33.860346],[-116.998405,33.849299],[-116.99074400000002,33.84922],[-116.990741,33.845562],[-116.96353499999998,33.845447],[-116.963443,33.831033],[-116.94597900000001,33.831094],[-116.94579,33.845458],[-116.94070399999998,33.845457],[-116.940702,33.853396],[-116.92895499999999,33.853115],[-116.924438,33.853736],[-116.92455300000002,33.856699],[-116.920279,33.856689],[-116.92032500000002,33.864269],[-116.924675,33.864239],[-116.92468500000001,33.879003],[-116.91712199999999,33.878877],[-116.911679,33.881494],[-116.911644,33.88607],[-116.929067,33.885952],[-116.929117,33.892692],[-116.940546,33.892774],[-116.94063199999998,33.903652],[-116.94628,33.903658],[-116.946751,33.920747],[-116.947006,33.946565],[-116.94681000000001,33.957876],[-116.95117900000001,33.957939],[-116.95408899999998,33.961584],[-116.964211,33.961563],[-116.964283,33.954264],[-116.96861300000002,33.958073],[-116.96856200000002,33.961509],[-116.977265,33.961461],[-116.97730000000001,33.968738],[-116.981385,33.968736],[-116.98150399999999,33.965066],[-116.98585300000002,33.965083],[-116.98595300000001,33.961456],[-116.99888499999999,33.961484000000006],[-117.001141,33.960741],[-117.005187,33.958668],[-117.007932,33.96146],[-117.01406299999998,33.963194],[-117.014003,33.968648],[-117.02506800000002,33.968626],[-117.02511300000002,33.9617],[-117.01522399999999,33.955098],[-117.017967,33.953747],[-117.034254,33.954159],[-117.03434100000001,33.961031],[-117.05498599999999,33.964605],[-117.064531,33.965379],[-117.071477,33.964301]]]},"properties":{"name":"Beaumont","geoid":"0604758","county":"Riverside","countyFP":"065"}},
{"type":"Feature","geometry":{"type":"MultiPolygon","coordinates":[[[[-117.03783599999998,33.780393],[-117.03782100000001,33.776572],[-117.033423,33.774314],[-117.033501,33.780375],[-117.03783599999998,33.780393]]],[[[-117.033346,33.772941],[-117.03338200000002,33.768215000000005],[-117.036237,33.758418],[-117.03614899999998,33.751114],[-117.05017299999999,33.751067],[-117.05087299999998,33.758326],[-117.06770000000002,33.758331],[-117.06754100000002,33.746013],[-117.06906600000002,33.743774],[-117.06317000000001,33.742698000000004],[-117.059628,33.743847],[-117.03885300000002,33.743879],[-117.043032,33.732821],[-117.047962,33.732789],[-117.050132,33.729167],[-117.050012,33.700296],[-117.049949,33.698613],[-117.04199100000001,33.698903],[-117.038077,33.700748],[-117.03204300000002,33.705982],[-117.028063,33.707851],[-117.01949000000002,33.707499],[-117.019382,33.703762],[-117.013778,33.704118],[-117.00174000000001,33.7028],[-116.997103,33.700157],[-116.99087,33.688479],[-116.98865200000002,33.685689],[-116.988564,33.671154],[-116.98452400000001,33.671169],[-116.98425700000001,33.678466],[-116.981815,33.679306],[-116.974691,33.681694],[-116.97666900000002,33.685697],[-116.96248899999999,33.685814],[-116.95387100000002,33.692733],[-116.95405199999999,33.702391],[-116.96286,33.702987],[-116.962914,33.709497],[-116.959658,33.713069],[-116.962972,33.714687],[-116.967162,33.714809],[-116.967201,33.722805],[-116.96067299999999,33.723564],[-116.96068400000001,33.727649],[-116.95854799999998,33.731299],[-116.95860600000002,33.743081],[-116.95645100000002,33.74574],[-116.94558800000001,33.744946],[-116.94563,33.747675],[-116.91949400000001,33.747771],[-116.908886,33.747801],[-116.91015000000002,33.755057],[-116.914928,33.755033],[-116.915085,33.760445],[-116.91362699999999,33.7623],[-116.91846,33.76531],[-116.92823300000002,33.765384],[-116.928266,33.761346],[-116.93321299999998,33.759898],[-116.927935,33.756332],[-116.934541,33.753674],[-116.938092,33.755187],[-116.940573,33.7513],[-116.947664,33.756021],[-116.954423,33.763616],[-116.957675,33.758675],[-116.963079,33.758733],[-116.96313799999999,33.769383],[-116.96894700000001,33.769298000000006],[-116.971859,33.772947],[-117.01538599999999,33.772745],[-117.033346,33.772941]]]]},"properties":{"name":"Hemet","geoid":"0633182","county":"Riverside","countyFP":"065"}},
{"type":"Feature","geometry":{"type":"Polygon","coordinates":[[[-117.60711,33.912183],[-117.60728500000002,33.9112],[-117.604113,33.909639],[-117.60161099999999,33.907921],[-117.592662,33.916193],[-117.58815700000001,33.914682],[-117.579861,33.905328],[-117.57630000000002,33.907465],[-117.57033,33.900716],[-117.572102,33.899632],[-117.566568,33.89373],[-117.55425900000002,33.901949],[-117.55220000000001,33.897023],[-117.54672300000001,33.898352],[-117.540558,33.897182],[-117.538754,33.901432],[-117.53102900000002,33.904816],[-117.526191,33.907939],[-117.523582,33.902115],[-117.514924,33.902335],[-117.51406300000001,33.909226],[-117.512047,33.914910000000006],[-117.51482500000002,33.921399],[-117.51734700000002,33.930003],[-117.51513499999999,33.93551],[-117.512494,33.937191],[-117.511693,33.941178],[-117.516502,33.945986],[-117.523804,33.945898],[-117.523347,33.955629],[-117.52321700000002,33.960988],[-117.525428,33.958601],[-117.53412500000002,33.957349],[-117.540633,33.9573],[-117.543594,33.955633],[-117.54410200000001,33.952086],[-117.549224,33.949606],[-117.55233799999999,33.949989],[-117.54955500000001,33.95724],[-117.55832700000002,33.95497],[-117.558302,33.945908],[-117.56328500000001,33.946404],[-117.56525100000002,33.943397],[-117.57068600000001,33.939856],[-117.57933699999998,33.935756],[-117.586189,33.928762],[-117.59131900000001,33.929218],[-117.596088,33.926968],[-117.59764200000001,33.923707],[-117.59489,33.920622],[-117.599388,33.918782],[-117.60034100000001,33.917761],[-117.59887900000001,33.916603],[-117.60441300000001,33.911574],[-117.60711,33.912183]]]},"properties":{"name":"Norco","geoid":"0651560","county":"Riverside","countyFP":"065"}},
{"type":"Feature","geometry":{"type":"Polygon","coordinates":[[[-116.50162299999998,33.891382],[-116.50193800000001,33.882782],[-116.50369000000002,33.879752],[-116.49357200000001,33.871163],[-116.49300200000002,33.819456],[-116.48854600000001,33.819472],[-116.488558,33.815879],[-116.475592,33.81591],[-116.475457,33.795914],[-116.471124,33.793822],[-116.46693200000001,33.789501],[-116.46940300000001,33.786872],[-116.479871,33.787427],[-116.47983000000002,33.794271],[-116.48311199999999,33.794388],[-116.48641700000002,33.786822],[-116.47550400000002,33.781411],[-116.47553600000002,33.772426],[-116.47953300000002,33.768055],[-116.48151200000001,33.762446],[-116.481324,33.76059],[-116.477802,33.758139],[-116.47315999999998,33.760038],[-116.472804,33.76303],[-116.468111,33.764945],[-116.46586999999998,33.769512],[-116.461716,33.772568],[-116.45383599999998,33.772567],[-116.45393400000002,33.776360000000004],[-116.447351,33.776283],[-116.443093,33.773514],[-116.443068,33.77972],[-116.44083100000002,33.779715],[-116.440769,33.787003],[-116.449426,33.78697],[-116.449343,33.801472],[-116.440615,33.801501],[-116.440824,33.826859],[-116.43869400000001,33.830503],[-116.438822,33.837935],[-116.40970300000001,33.820687],[-116.40522599999998,33.821402],[-116.405827,33.830944],[-116.42343800000002,33.830725],[-116.423492,33.835864],[-116.43597300000002,33.845065],[-116.44104400000002,33.845019],[-116.440782,33.859694],[-116.44077800000001,33.888576],[-116.474072,33.8886],[-116.488083,33.888529],[-116.50162299999998,33.891382]]]},"properties":{"name":"Cathedral City","geoid":"0612048","county":"Riverside","countyFP":"065"}},
{"type":"Feature","geometry":{"type":"Polygon","coordinates":[[[-116.91846,33.76531],[-116.91926200000002,33.767014],[-116.928344,33.775103],[-116.932625,33.780387],[-116.928429,33.780377],[-116.922392,33.786021000000005],[-116.927236,33.791109],[-116.92236400000002,33.793968],[-116.922392,33.79845300000001],[-116.92952599999998,33.798101],[-116.936864,33.802457],[-116.93950800000002,33.80014200000001],[-116.94441,33.80411],[-116.950291,33.799964],[-116.950243,33.794827],[-116.954582,33.794801],[-116.95455399999999,33.790251],[-116.958899,33.789545],[-116.959414,33.80596],[-116.958314,33.809306],[-116.954715,33.812335],[-116.945989,33.813247],[-116.94599399999998,33.816627],[-116.95471900000001,33.816588],[-116.954718,33.82384],[-116.966574,33.823789],[-116.966955,33.820447],[-116.961382,33.816557],[-116.961356,33.812113],[-116.972072,33.812068],[-116.973758,33.821647],[-116.99511700000001,33.830936],[-117.004741,33.834074],[-117.01018300000001,33.836855],[-117.022388,33.83224400000001],[-117.02235200000001,33.823533],[-117.033783,33.823491],[-117.03729500000001,33.824518],[-117.057786,33.837422],[-117.05990300000002,33.836334],[-117.059757,33.816331],[-117.05101900000001,33.798825],[-117.05092300000001,33.789747000000006],[-117.03998,33.790189],[-117.037948,33.787434],[-117.03783599999998,33.780393],[-117.033501,33.780375],[-117.033423,33.774314],[-117.033346,33.772941],[-117.01538599999999,33.772745],[-116.971859,33.772947],[-116.96894700000001,33.769298000000006],[-116.96313799999999,33.769383],[-116.963079,33.758733],[-116.957675,33.758675],[-116.954423,33.763616],[-116.947664,33.756021],[-116.940573,33.7513],[-116.938092,33.755187],[-116.934541,33.753674],[-116.927935,33.756332],[-116.93321299999998,33.759898],[-116.928266,33.761346],[-116.92823300000002,33.765384],[-116.91846,33.76531]]]},"properties":{"name":"San Jacinto","geoid":"0667112","county":"Riverside","countyFP":"065"}},
{"type":"Feature","geometry":{"type":"Polygon","coordinates":[[[-116.425505,33.714138],[-116.425443,33.69956],[-116.40802400000001,33.69957],[-116.408073,33.685016],[-116.425433,33.685041],[-116.42539,33.670681],[-116.40806300000001,33.670676],[-116.408149,33.675301],[-116.40603099999998,33.677898],[-116.390988,33.677903],[-116.38781,33.680273],[-116.38881400000001,33.683711],[-116.38195000000002,33.684889],[-116.37707800000001,33.677939],[-116.37574199999999,33.670713],[-116.37294699999998,33.670718],[-116.37364900000001,33.711654],[-116.36497499999999,33.71297400000001],[-116.36073800000001,33.716117],[-116.36068,33.728878],[-116.347532,33.728891],[-116.347537,33.7435],[-116.330052,33.743575],[-116.330087,33.728977],[-116.30388600000002,33.72901],[-116.303864,33.738121],[-116.30379099999999,33.75456],[-116.30195600000002,33.7592],[-116.317694,33.763956],[-116.32553400000002,33.767736],[-116.37085099999999,33.794664],[-116.39671900000002,33.809999],[-116.39685499999999,33.801823],[-116.38816500000001,33.801892],[-116.38818699999999,33.772575],[-116.390788,33.772567],[-116.391179,33.757688],[-116.39118599999999,33.73605],[-116.39555800000001,33.732529],[-116.40538500000001,33.732196],[-116.408148,33.733107],[-116.408125,33.714193],[-116.425505,33.714138]]]},"properties":{"name":"Palm Desert","geoid":"0655184","county":"Riverside","countyFP":"065"}},
{"type":"Feature","geometry":{"type":"Polygon","coordinates":[[[-117.976661,33.974829],[-117.976574,33.964804],[-117.983633,33.965007],[-117.980783,33.957808],[-117.992997,33.949929],[-117.965251,33.949685],[-117.96669100000001,33.946058],[-117.964777,33.946054],[-117.96227700000001,33.949726],[-117.95412300000001,33.949704],[-117.954289,33.946069],[-117.92914800000001,33.946082],[-117.92741600000001,33.946082],[-117.92581500000001,33.946079],[-117.916392,33.968755],[-117.934353,33.972935],[-117.94960600000002,33.976457],[-117.949611,33.974639],[-117.95791400000002,33.97255],[-117.96877700000002,33.972571],[-117.976661,33.974829]]]},"properties":{"name":"La Habra Heights","geoid":"0639304","county":"Los Angeles","countyFP":"037"}},
{"type":"Feature","geometry":{"type":"Polygon","coordinates":[[[-117.82654200000002,34.041533],[-117.82460599999999,34.037615],[-117.825463,34.033446000000005],[-117.828132,34.030945],[-117.82804600000001,34.030832],[-117.821482,34.03121],[-117.818321,34.034422],[-117.810712,34.029319],[-117.80163100000001,34.042876],[-117.79531100000001,34.038082],[-117.78517700000002,34.032428],[-117.78517100000002,34.026135],[-117.782444,34.026039],[-117.767654,34.019386],[-117.767631,34.023509],[-117.74600500000001,34.020119],[-117.735344,34.0188],[-117.73012500000002,34.021371],[-117.72802600000001,34.033534],[-117.72735900000002,34.037389000000005],[-117.720698,34.05586],[-117.71647500000002,34.067577],[-117.71117,34.079536],[-117.727997,34.079477],[-117.72798100000001,34.090424],[-117.73234300000001,34.090326],[-117.732408,34.098724],[-117.736794,34.098858],[-117.736801,34.103394],[-117.73680900000001,34.105189],[-117.73901100000002,34.108137],[-117.74534,34.110815],[-117.74852799999998,34.1108],[-117.750612,34.109639],[-117.75620600000002,34.110374],[-117.756134,34.089966],[-117.762106,34.092814],[-117.765553,34.092404],[-117.76998,34.095698],[-117.77681000000001,34.086166],[-117.784038,34.089071],[-117.78540299999999,34.085091],[-117.78387799999999,34.081026],[-117.77974000000002,34.079098],[-117.78942399999998,34.072851],[-117.807296,34.065017],[-117.81874499999999,34.063658],[-117.811519,34.063375],[-117.806992,34.061916],[-117.80786100000002,34.058468],[-117.81237999999999,34.061237],[-117.82114700000001,34.055023],[-117.82080500000001,34.051835],[-117.82654200000002,34.041533]]]},"properties":{"name":"Pomona","geoid":"0658072","county":"Los Angeles","countyFP":"037"}},
{"type":"Feature","geometry":{"type":"Polygon","coordinates":[[[-118.04071600000002,34.025323],[-118.050197,34.016213],[-118.05252,34.017774],[-118.05670400000001,34.01334],[-118.05571600000002,34.011063],[-118.031091,34.027831],[-118.024156,34.027113],[-118.019553,34.028359],[-118.015917,34.027462],[-118.009257,34.028986],[-118.003457,34.03101],[-117.97582200000001,34.019207],[-117.97577099999998,34.014981],[-117.966044,34.011767],[-117.96440699999998,34.01546400000001],[-117.958728,34.013319],[-117.95981499999999,34.009866],[-117.94828299999999,34.006393],[-117.948684,34.002413],[-117.934893,33.998142],[-117.93088000000002,33.998275],[-117.93174899999998,33.990977],[-117.913959,33.989921],[-117.911453,33.994122],[-117.906719,33.99291],[-117.902787,33.99458200000001],[-117.89403800000001,33.994447],[-117.893624,33.997108],[-117.88833800000002,33.997487],[-117.88361999999998,33.99943300000001],[-117.882194,33.995302],[-117.8704,33.9929],[-117.866011,33.995782],[-117.86807200000001,33.998357],[-117.87690299999998,33.997974],[-117.87196600000001,34.00171],[-117.863831,33.996444],[-117.86079,33.99709],[-117.86141300000001,34.000774],[-117.84244399999999,34.009518],[-117.83853500000001,34.007787],[-117.84168399999999,34.005126],[-117.840235,34.001929],[-117.835367,34.002269],[-117.827587,34.006855],[-117.820224,34.013914],[-117.8202,34.029703],[-117.821482,34.03121],[-117.82804600000001,34.030832],[-117.834685,34.027845],[-117.836356,34.026557],[-117.839981,34.018801],[-117.851926,34.014132],[-117.85937200000001,34.009408],[-117.87278999999998,34.002645],[-117.878798,34.001728],[-117.89104,34.003416],[-117.914927,34.007292],[-117.916653,34.011151],[-117.92335600000001,34.012241],[-117.920686,34.016729],[-117.917589,34.02468],[-117.923073,34.025293],[-117.935431,34.028003],[-117.934602,34.036164],[-117.940806,34.03653],[-117.93797200000002,34.034224],[-117.938538,34.028055],[-117.943306,34.028093],[-117.94378,34.023039],[-117.936905,34.022638],[-117.938067,34.017865],[-117.931741,34.018232],[-117.92086199999999,34.017139],[-117.92518799999999,34.009031],[-117.9375,34.011014],[-117.94870000000002,34.015599],[-117.95397599999998,34.020443],[-117.952791,34.022806],[-117.98550399999999,34.046636],[-117.990504,34.049961],[-117.98299999999999,34.057769],[-117.98547099999999,34.059454],[-117.98250400000002,34.062554],[-117.98614600000002,34.062852],[-117.99067099999999,34.060559],[-117.99917700000002,34.058956],[-118.00277400000002,34.055723],[-118.007732,34.057993],[-118.00532300000002,34.064094],[-118.01251100000002,34.060994],[-118.007844,34.057666],[-118.01007899999999,34.050922],[-118.01433099999998,34.045687],[-118.02164100000002,34.041689],[-118.024701,34.038509],[-118.02130800000002,34.036474],[-118.016529,34.036702],[-118.00802900000001,34.04197],[-118.009483,34.048416],[-118.00624,34.055831],[-118.001881,34.053695],[-117.96865,34.03084400000001],[-117.97060399999998,34.027171],[-117.97761100000001,34.031994],[-117.97613300000002,34.035045],[-117.978717,34.036827],[-117.98373200000002,34.036183],[-117.986631,34.033258],[-117.98403900000001,34.031476],[-117.986842,34.02865],[-117.990454,34.030982],[-117.99406400000001,34.028853000000005],[-118.00649300000002,34.031993],[-118.02586900000001,34.029792],[-118.028131,34.03316],[-118.04071600000002,34.025323]]]},"properties":{"name":"Industry","geoid":"0636490","county":"Los Angeles","countyFP":"037"}},
{"type":"Feature","geometry":{"type":"Polygon","coordinates":[[[-117.821482,34.03121],[-117.8202,34.029703],[-117.820224,34.013914],[-117.827587,34.006855],[-117.835367,34.002269],[-117.840235,34.001929],[-117.84168399999999,34.005126],[-117.83853500000001,34.007787],[-117.84244399999999,34.009518],[-117.86141300000001,34.000774],[-117.86079,33.99709],[-117.863831,33.996444],[-117.85521899999999,33.990159],[-117.854851,33.960661],[-117.837336,33.96102],[-117.837368,33.962842],[-117.830459,33.962814],[-117.816616,33.974054],[-117.81663,33.97537],[-117.802539,33.975551],[-117.785033,34.004854],[-117.767525,34.004695],[-117.76704600000001,34.011193],[-117.767654,34.019386],[-117.782444,34.026039],[-117.78517100000002,34.026135],[-117.78517700000002,34.032428],[-117.79531100000001,34.038082],[-117.80163100000001,34.042876],[-117.810712,34.029319],[-117.818321,34.034422],[-117.821482,34.03121]]]},"properties":{"name":"Diamond Bar","geoid":"0619192","county":"Los Angeles","countyFP":"037"}},
{"type":"Feature","geometry":{"type":"Polygon","coordinates":[[[-117.987691,34.129482],[-117.990543,34.122121],[-117.987829,34.121377],[-117.98539800000002,34.126085],[-117.982368,34.126799],[-117.97464700000002,34.125018],[-117.969749,34.129046],[-117.96974,34.13222],[-117.96003799999998,34.132224],[-117.960027,34.136076],[-117.94882600000001,34.13592],[-117.944332,34.137838],[-117.94039899999999,34.140093],[-117.929874,34.150666],[-117.934566,34.15365],[-117.942339,34.154341],[-117.942324,34.165217],[-117.924796,34.16531],[-117.92510900000002,34.193955],[-117.959951,34.194202],[-117.95974300000002,34.179585],[-117.94250300000002,34.179485],[-117.94233400000002,34.166891],[-117.94363,34.16523600000001],[-117.959558,34.16516],[-117.959637,34.152038],[-117.95127900000001,34.150741],[-117.951284,34.143688],[-117.966602,34.143728],[-117.968999,34.143706],[-117.97537999999999,34.143658],[-117.979753,34.14322800000001],[-117.980588,34.139585],[-117.986289,34.139572],[-117.986319,34.132518],[-117.987691,34.129482]]]},"properties":{"name":"Duarte","geoid":"0619990","county":"Los Angeles","countyFP":"037"}},
{"type":"Feature","geometry":{"type":"Polygon","coordinates":[[[-118.067824,34.150287],[-118.06746799999999,34.131509],[-118.06788800000001,34.130726],[-118.0671,34.123274],[-118.06131999999998,34.124102],[-118.058331,34.122675],[-118.056576,34.118337],[-118.05420900000001,34.113694],[-118.052244,34.104202],[-118.03479500000002,34.106669],[-118.03049600000001,34.106384],[-118.01891299999998,34.107751],[-118.01659,34.105288],[-118.02026900000001,34.099349],[-118.016386,34.096728],[-118.009566,34.100946],[-117.99765100000002,34.096895],[-118.001862,34.088262],[-117.998926,34.087265],[-117.99222600000002,34.095053],[-117.996639,34.09655],[-117.995093,34.099719],[-118.008054,34.104109],[-118.00734199999998,34.105566],[-118.015761,34.1042],[-118.016833,34.110451],[-118.01603600000001,34.11372200000001],[-118.01191700000001,34.120332],[-118.008595,34.119129],[-118.00877600000001,34.125901],[-118.00673199999999,34.129339],[-118.007237,34.130323],[-118.020009,34.130164],[-118.0207,34.150907],[-118.02121500000001,34.151242],[-118.021375,34.173328],[-118.01637200000002,34.176686],[-118.017593,34.179453],[-118.02137,34.179439],[-118.030139,34.17940200000001],[-118.03057,34.16694],[-118.03847300000001,34.166881],[-118.038412,34.157259],[-118.067958,34.156821],[-118.067824,34.150287]]]},"properties":{"name":"Arcadia","geoid":"0602462","county":"Los Angeles","countyFP":"037"}},
{"type":"Feature","geometry":{"type":"Polygon","coordinates":[[[-118.07025999999999,34.057241],[-118.06872600000001,34.05178],[-118.06108200000001,34.050313],[-118.061074,34.047161],[-118.056772,34.043227],[-118.05343799999999,34.043531],[-118.050146,34.037141],[-118.045731,34.033651],[-118.04324400000002,34.035587],[-118.038093,34.034748],[-118.02809699999999,34.039057],[-118.031432,34.041881],[-118.02766499999998,34.044979],[-118.02819000000001,34.046899],[-118.03412900000001,34.051934],[-118.034629,34.056026],[-118.03814099999998,34.058596],[-118.053481,34.059089],[-118.06003399999999,34.063472],[-118.060984,34.063531],[-118.068568,34.062836],[-118.07025999999999,34.057241]]]},"properties":{"name":"South El Monte","geoid":"0672996","county":"Los Angeles","countyFP":"037"}},
{"type":"Feature","geometry":{"type":"Polygon","coordinates":[[[-118.395844,34.091055],[-118.389755,34.088495],[-118.389733,34.07649],[-118.37716700000001,34.076592],[-118.377248,34.080207],[-118.370294,34.080169],[-118.370302,34.083157],[-118.37703299999998,34.08304],[-118.37695099999999,34.08863],[-118.372498,34.090256],[-118.370233,34.087084],[-118.35279999999999,34.087129],[-118.352802,34.088962],[-118.343393,34.088895],[-118.343382,34.094328],[-118.361542,34.094455],[-118.361652,34.097178],[-118.368168,34.09708700000001],[-118.376577,34.094750000000005],[-118.37910699999999,34.093066],[-118.38503799999998,34.093588],[-118.38604000000001,34.091036],[-118.395844,34.091055]]]},"properties":{"name":"West Hollywood","geoid":"0684410","county":"Los Angeles","countyFP":"037"}},
{"type":"Feature","geometry":{"type":"Polygon","coordinates":[[[-117.948761,34.092369],[-117.944888,34.090189],[-117.944489,34.082963],[-117.96592500000001,34.062562],[-117.95884600000001,34.057321],[-117.963791,34.05263500000001],[-117.956702,34.047394],[-117.951727,34.052108],[-117.949345,34.050349],[-117.94406,34.053154],[-117.94249000000002,34.051819],[-117.933226,34.04863],[-117.92562,34.048554],[-117.925538,34.05218],[-117.914668,34.05027],[-117.91562200000001,34.04665],[-117.92283700000002,34.04408],[-117.92349100000001,34.044119],[-117.925679,34.044129],[-117.92630400000002,34.035716],[-117.91731500000002,34.034107],[-117.91528099999998,34.030876],[-117.91704599999998,34.026087],[-117.911363,34.025092],[-117.909883,34.01376],[-117.886587,34.013653],[-117.886944,34.010189],[-117.880072,34.011163],[-117.88073900000002,34.004849],[-117.88279099999998,34.00727],[-117.89076400000002,34.006398],[-117.89104,34.003416],[-117.878798,34.001728],[-117.87278999999998,34.002645],[-117.87385499999999,34.003914],[-117.87390399999998,34.011611],[-117.86933000000002,34.011633],[-117.86788000000001,34.015693],[-117.87057099999998,34.017282],[-117.87903100000001,34.011906],[-117.886882,34.015416],[-117.895736,34.027547],[-117.889565,34.029617],[-117.888921,34.043481],[-117.884152,34.043681],[-117.875169,34.048238],[-117.86702400000001,34.046604],[-117.863006,34.051702],[-117.86609999999999,34.055265],[-117.87183799999998,34.057396],[-117.869227,34.059957],[-117.868837,34.063845],[-117.871829,34.068034],[-117.86488300000002,34.06892],[-117.85908599999999,34.068372],[-117.86664300000001,34.071332],[-117.871212,34.075438],[-117.874187,34.073451],[-117.881389,34.073484],[-117.881399,34.07520900000001],[-117.890155,34.075271],[-117.89240099999999,34.073579],[-117.898895,34.073612],[-117.903301,34.075466],[-117.90336900000001,34.086284],[-117.90776700000002,34.084595],[-117.916563,34.084655000000005],[-117.91658600000001,34.088427],[-117.921341,34.08891],[-117.926372,34.086581],[-117.926546,34.084718],[-117.942028,34.085238],[-117.94159600000002,34.090086],[-117.93677699999999,34.091925],[-117.948761,34.092369]]]},"properties":{"name":"West Covina","geoid":"0684200","county":"Los Angeles","countyFP":"037"}},
{"type":"Feature","geometry":{"type":"Polygon","coordinates":[[[-117.79405899999999,34.11027],[-117.79406299999998,34.10666200000001],[-117.79153099999999,34.103739],[-117.79744200000002,34.099865],[-117.795856,34.095924],[-117.79267400000002,34.093855],[-117.79479199999999,34.090929],[-117.786615,34.09047],[-117.784038,34.089071],[-117.77681000000001,34.086166],[-117.76998,34.095698],[-117.765553,34.092404],[-117.762106,34.092814],[-117.756134,34.089966],[-117.75620600000002,34.110374],[-117.750612,34.109639],[-117.75076900000002,34.120674],[-117.75943100000002,34.119921000000005],[-117.75926900000002,34.12898],[-117.75053600000001,34.129016],[-117.748856,34.132193],[-117.747685,34.139922],[-117.75018,34.141134],[-117.75553100000002,34.147132],[-117.75033,34.151257],[-117.75036200000001,34.158167],[-117.754707,34.158132],[-117.75473000000001,34.165366],[-117.759079,34.165315],[-117.75909300000001,34.158093],[-117.767816,34.158019],[-117.767722,34.150808],[-117.77457000000001,34.150712],[-117.776111,34.146992],[-117.773331,34.142231],[-117.776737,34.13971],[-117.783821,34.1317],[-117.783988,34.1297],[-117.794151,34.125428],[-117.79296,34.122269],[-117.79186199999998,34.119442],[-117.791848,34.11753600000001],[-117.789644,34.113924],[-117.78408800000001,34.11327],[-117.785593,34.109315],[-117.79405899999999,34.11027]]]},"properties":{"name":"La Verne","geoid":"0640830","county":"Los Angeles","countyFP":"037"}},
{"type":"Feature","geometry":{"type":"Polygon","coordinates":[[[-118.485436,33.753452],[-118.46696200000001,33.725524],[-118.428637,33.701266],[-118.38593100000001,33.686712],[-118.377171,33.678953],[-118.36317600000001,33.672109],[-118.333057,33.721862],[-118.328472,33.729422],[-118.32100999999999,33.729397],[-118.318531,33.731987],[-118.31844899999999,33.746842],[-118.309614,33.746791],[-118.30908699999999,33.757728],[-118.301,33.757721],[-118.30187800000002,33.760511],[-118.309038,33.760515],[-118.31160600000001,33.763051],[-118.308938,33.77217],[-118.30892299999998,33.774964],[-118.318283,33.774982],[-118.318348,33.764906],[-118.32158000000001,33.765083],[-118.323632,33.768452],[-118.327371,33.767018],[-118.33717400000002,33.767678],[-118.33896199999998,33.765805],[-118.334765,33.761106],[-118.33041000000001,33.759915],[-118.33183700000001,33.755733],[-118.33018,33.751504],[-118.333829,33.75105400000001],[-118.338218,33.747644],[-118.33999300000002,33.742803],[-118.34503600000001,33.745053],[-118.346382,33.74232],[-118.357274,33.747084],[-118.35365500000002,33.750908],[-118.355666,33.756083],[-118.36454800000001,33.759452],[-118.366327,33.762123],[-118.364456,33.768232],[-118.36952,33.768458],[-118.37499100000001,33.77154],[-118.380717,33.768927],[-118.378774,33.759282],[-118.383669,33.759036],[-118.38811400000002,33.757074],[-118.393344,33.760997],[-118.39081000000002,33.765436],[-118.38627400000001,33.768407],[-118.380796,33.76937],[-118.38241000000001,33.774258],[-118.378934,33.777192],[-118.37471,33.777535],[-118.372942,33.783949],[-118.369752,33.781445],[-118.374888,33.776578],[-118.37177,33.77209],[-118.36564799999998,33.770704],[-118.36131800000001,33.773654],[-118.36424199999999,33.777779],[-118.365078,33.78519],[-118.37259200000001,33.785559],[-118.367495,33.794149],[-118.37768199999998,33.794907],[-118.384209,33.793424],[-118.38711,33.781771],[-118.403696,33.781753],[-118.40367300000001,33.764249],[-118.485436,33.753452]]]},"properties":{"name":"Rancho Palos Verdes","geoid":"0659514","county":"Los Angeles","countyFP":"037"}},
{"type":"Feature","geometry":{"type":"Polygon","coordinates":[[[-118.00734199999998,34.105566],[-118.008054,34.104109],[-117.995093,34.099719],[-117.996639,34.09655],[-117.99222600000002,34.095053],[-117.998926,34.087265],[-118.001464,34.076865],[-117.982383,34.081337],[-117.982407,34.092018],[-117.984575,34.092007],[-117.98456399999999,34.099273],[-117.97801200000002,34.099379],[-117.978042,34.106651],[-117.942955,34.106932],[-117.94298000000002,34.099749],[-117.95479499999999,34.099614],[-117.95354599999999,34.092354],[-117.948761,34.092369],[-117.93677699999999,34.091925],[-117.936804,34.096097],[-117.929803,34.095929],[-117.92539200000002,34.099301],[-117.925363,34.106965],[-117.92856900000001,34.114323],[-117.938188,34.114404],[-117.93815200000002,34.121643],[-117.92941299999998,34.121628],[-117.929358,34.140491],[-117.934356,34.140799],[-117.938991,34.136791],[-117.944332,34.137838],[-117.94882600000001,34.13592],[-117.960027,34.136076],[-117.96003799999998,34.132224],[-117.96974,34.13222],[-117.969749,34.129046],[-117.97464700000002,34.125018],[-117.982368,34.126799],[-117.98539800000002,34.126085],[-117.987829,34.121377],[-117.990543,34.122121],[-117.99223,34.117706],[-117.99705800000001,34.117683],[-118.00375299999999,34.117312],[-118.004466,34.11125500000001],[-118.00504699999999,34.110074],[-118.000499,34.108536],[-118.002238,34.104968],[-118.00734199999998,34.105566]]]},"properties":{"name":"Irwindale","geoid":"0636826","county":"Los Angeles","countyFP":"037"}},
{"type":"Feature","geometry":{"type":"Polygon","coordinates":[[[-118.14199500000001,34.11953],[-118.139535,34.11252],[-118.13529600000001,34.10645],[-118.12793500000001,34.111146],[-118.12109500000001,34.105275],[-118.11678999999998,34.112212],[-118.113908,34.113709],[-118.099652,34.113466],[-118.09803000000001,34.115273],[-118.091194,34.115308],[-118.090987,34.12684],[-118.09429299999998,34.135245],[-118.09517499999998,34.13693],[-118.11002100000002,34.137175],[-118.11401700000002,34.13685900000001],[-118.113827,34.132941],[-118.119579,34.132548],[-118.13117399999999,34.129678],[-118.130779,34.126153],[-118.12762100000002,34.118136],[-118.134225,34.117389],[-118.14199500000001,34.11953]]]},"properties":{"name":"San Marino","geoid":"0668224","county":"Los Angeles","countyFP":"037"}},
{"type":"Feature","geometry":{"type":"Polygon","coordinates":[[[-118.292761,34.221654],[-118.337462,34.221312],[-118.334546,34.215618],[-118.339806,34.211194],[-118.33993,34.206503],[-118.36298699999999,34.206818],[-118.36237200000001,34.201197],[-118.370312,34.201197],[-118.37031300000001,34.196379],[-118.361151,34.194651],[-118.357758,34.172162],[-118.34511900000001,34.142636],[-118.34074,34.145514],[-118.33102800000002,34.148318],[-118.32211,34.155727],[-118.31767699999999,34.156313],[-118.31290600000001,34.153993],[-118.31032000000002,34.16076],[-118.307812,34.16114],[-118.296874,34.171532],[-118.29933,34.173306],[-118.29779100000002,34.177145],[-118.290529,34.184023],[-118.28781100000002,34.187661],[-118.28349799999998,34.18585],[-118.27998099999999,34.190696],[-118.28009500000002,34.207461],[-118.292761,34.221654]]]},"properties":{"name":"Burbank","geoid":"0608954","county":"Los Angeles","countyFP":"037"}},
{"type":"Feature","geometry":{"type":"Polygon","coordinates":[[[-117.924796,34.16531],[-117.942324,34.165217],[-117.942339,34.154341],[-117.934566,34.15365],[-117.929874,34.150666],[-117.94039899999999,34.140093],[-117.944332,34.137838],[-117.938991,34.136791],[-117.934356,34.140799],[-117.929358,34.140491],[-117.92941299999998,34.121628],[-117.93815200000002,34.121643],[-117.938188,34.114404],[-117.92856900000001,34.114323],[-117.925363,34.106965],[-117.920985,34.10701],[-117.92077,34.114316],[-117.91637599999999,34.114308],[-117.914173,34.110873],[-117.90986399999998,34.110496],[-117.90990800000002,34.106856],[-117.88716500000001,34.10677],[-117.890235,34.110717],[-117.89894900000002,34.10833],[-117.899248,34.120707],[-117.890162,34.119559],[-117.890229,34.112009],[-117.884383,34.114294],[-117.88464900000001,34.121446],[-117.890145,34.121498],[-117.88969500000002,34.125087],[-117.885731,34.127063],[-117.88136700000001,34.127062],[-117.881346,34.129949],[-117.885902,34.129964],[-117.88992999999999,34.133421],[-117.89004200000001,34.160165],[-117.89004800000001,34.165121],[-117.89881,34.165105],[-117.89878400000002,34.168492],[-117.907529,34.168522],[-117.907536,34.165141],[-117.924796,34.16531]],[[-117.907604,34.150565],[-117.907544,34.157858],[-117.898822,34.157799],[-117.89883,34.150472],[-117.907604,34.150565]]]},"properties":{"name":"Azusa","geoid":"0603386","county":"Los Angeles","countyFP":"037"}},
{"type":"Feature","geometry":{"type":"Polygon","coordinates":[[[-118.85647300000001,34.126765000000006],[-118.856188,34.123774],[-118.851042,34.118767],[-118.853954,34.111912],[-118.847649,34.11032],[-118.80879600000002,34.131985],[-118.80042,34.13935],[-118.792807,34.146042],[-118.788889,34.168214],[-118.78937600000002,34.167911],[-118.85647300000001,34.126765000000006]]]},"properties":{"name":"Westlake Village","geoid":"0684438","county":"Los Angeles","countyFP":"037"}},
{"type":"Feature","geometry":{"type":"Polygon","coordinates":[[[-118.224576,33.824381],[-118.22244200000002,33.812452],[-118.22243600000002,33.804152],[-118.22768100000002,33.789971],[-118.220669,33.782537],[-118.24544999999999,33.763889],[-118.240767,33.758296],[-118.24896600000001,33.755902],[-118.231744,33.714854],[-118.221579,33.690595],[-118.192111,33.690593],[-118.16583,33.691563],[-118.155984,33.692937],[-118.122063,33.73674],[-118.120204,33.73601],[-118.117803,33.739655],[-118.11323700000001,33.746985],[-118.09197000000002,33.758472],[-118.092332,33.764532],[-118.09706000000001,33.773723],[-118.096392,33.779842],[-118.093029,33.786121],[-118.086228,33.796879],[-118.08474400000001,33.80291],[-118.07283300000002,33.814856],[-118.06317,33.81968100000001],[-118.06326800000001,33.824107],[-118.071826,33.823974],[-118.074676,33.823008],[-118.081703,33.825083],[-118.081926,33.831262],[-118.09343200000002,33.83129],[-118.097794,33.832347],[-118.12498300000001,33.832437],[-118.12492399999998,33.847054],[-118.142651,33.846726],[-118.142707,33.832541],[-118.14990300000001,33.832514],[-118.15791700000001,33.825136],[-118.164037,33.827596],[-118.164643,33.820047],[-118.16735700000001,33.820054],[-118.167361,33.827781],[-118.16431,33.827802],[-118.164322,33.847056],[-118.167559,33.84694],[-118.16770400000001,33.854258],[-118.155501,33.854401],[-118.15698500000002,33.860105],[-118.146594,33.86031],[-118.14665100000002,33.868936],[-118.15124,33.868916],[-118.15129400000001,33.879807],[-118.15131499999998,33.881987],[-118.17742700000001,33.881952],[-118.17743500000002,33.885359],[-118.18719600000001,33.885443],[-118.18789200000002,33.881457],[-118.208874,33.881292],[-118.208525,33.874796],[-118.205498,33.874287],[-118.206165,33.870353],[-118.203553,33.861105],[-118.20135300000001,33.860109],[-118.20419900000002,33.855655],[-118.206591,33.846567],[-118.20772699999999,33.839185],[-118.211278,33.839180000000006],[-118.213417,33.834286],[-118.21688200000001,33.831477],[-118.215706,33.825901],[-118.224576,33.824381]],[[-118.184586,33.806273],[-118.18429600000002,33.818644000000006],[-118.171973,33.818633],[-118.174137,33.813466],[-118.180662,33.811641],[-118.18064599999998,33.804386],[-118.17629700000002,33.804383],[-118.176302,33.811647],[-118.163269,33.811678],[-118.15891400000001,33.809862],[-118.158846,33.802049],[-118.15578100000002,33.80442],[-118.151346,33.804427],[-118.15138600000002,33.797119],[-118.15456500000002,33.796369],[-118.150232,33.789757],[-118.165501,33.789855],[-118.18175000000001,33.800639],[-118.18173400000002,33.804231],[-118.184586,33.806273]],[[-118.11656600000002,33.825019],[-118.114292,33.830245],[-118.107765,33.83031],[-118.110441,33.825001],[-118.11656600000002,33.825019]]]},"properties":{"name":"Long Beach","geoid":"0643000","county":"Los Angeles","countyFP":"037"}},
{"type":"Feature","geometry":{"type":"Polygon","coordinates":[[[-118.184586,33.806273],[-118.18173400000002,33.804231],[-118.18175000000001,33.800639],[-118.165501,33.789855],[-118.150232,33.789757],[-118.15456500000002,33.796369],[-118.15138600000002,33.797119],[-118.151346,33.804427],[-118.15578100000002,33.80442],[-118.158846,33.802049],[-118.15891400000001,33.809862],[-118.163269,33.811678],[-118.176302,33.811647],[-118.17629700000002,33.804383],[-118.18064599999998,33.804386],[-118.180662,33.811641],[-118.174137,33.813466],[-118.171973,33.818633],[-118.18429600000002,33.818644000000006],[-118.184586,33.806273]]]},"properties":{"name":"Signal Hill","geoid":"0671876","county":"Los Angeles","countyFP":"037"}},
{"type":"Feature","geometry":{"type":"Polygon","coordinates":[[[-118.70874900000001,34.036621],[-118.714137,34.040083],[-118.71807499999998,34.036786],[-118.719589,34.043714],[-118.733451,34.042894],[-118.780223,34.042236],[-118.79417,34.038197],[-118.81427800000002,34.03927],[-118.846136,34.044475],[-118.85855600000001,34.048451],[-118.86068200000001,34.047671],[-118.86151900000002,34.04284400000001],[-118.869658,34.042833],[-118.870588,34.052301],[-118.917134,34.067193],[-118.919233,34.062812],[-118.919411,34.055658],[-118.923492,34.046899],[-118.931499,33.992078],[-118.92620099999999,33.990999],[-118.91543,33.990424],[-118.897265,33.987805],[-118.887301,33.987223],[-118.87399799999999,33.983314],[-118.856846,33.96597],[-118.85278700000002,33.962565],[-118.841116,33.955371],[-118.83476100000001,33.952382],[-118.824893,33.949042],[-118.814752,33.947214],[-118.803613,33.94724],[-118.792126,33.949519],[-118.77903900000001,33.954527],[-118.76427800000002,33.963609],[-118.75686600000002,33.966402],[-118.74960600000001,33.971804],[-118.746391,33.975501],[-118.73552799999999,33.97703500000001],[-118.727459,33.980307],[-118.71674199999998,33.978687],[-118.704574,33.97784],[-118.698514,33.978187],[-118.689144,33.97995],[-118.677017,33.979268],[-118.666514,33.980562],[-118.656463,33.983798],[-118.64394,33.985797],[-118.63306699999998,33.985645],[-118.625916,33.987233],[-118.611321,33.986193],[-118.59971499999999,33.986668],[-118.594079,33.988065],[-118.586577,33.987013],[-118.576018,33.987517],[-118.56968700000002,33.988811],[-118.56907500000001,33.994517],[-118.58430000000001,34.037511],[-118.587601,34.045606],[-118.595663,34.045601],[-118.638648,34.04563],[-118.63913,34.046297],[-118.65407,34.047485],[-118.682247,34.04752500000001],[-118.68651000000001,34.045714],[-118.698359,34.044998],[-118.697801,34.040637],[-118.70165999999999,34.039334],[-118.703585,34.03479],[-118.70874900000001,34.036621]]]},"properties":{"name":"Malibu","geoid":"0645246","county":"Los Angeles","countyFP":"037"}},
{"type":"Feature","geometry":{"type":"Polygon","coordinates":[[[-117.93873500000001,34.660684],[-117.93866899999999,34.67542000000001],[-117.947589,34.675475],[-117.947555,34.680938],[-117.95195500000001,34.682774],[-117.96966600000002,34.6829],[-117.96966600000002,34.679214],[-117.978587,34.679158],[-117.978625,34.690199],[-118.041201,34.689957],[-118.041228,34.69719],[-118.05922300000002,34.697266],[-118.059156,34.71928],[-118.094234,34.718778],[-118.112322,34.718885],[-118.13062,34.718519],[-118.130797,34.733403],[-118.175082,34.733224],[-118.175611,34.762348],[-118.219702,34.762009],[-118.25465600000001,34.761992],[-118.25471500000002,34.725804],[-118.258025,34.725783],[-118.25900299999999,34.722151],[-118.254607,34.722175],[-118.25453200000001,34.718554],[-118.265503,34.71848],[-118.26546,34.71484],[-118.27204300000001,34.714808],[-118.272258,34.725792],[-118.27675400000001,34.725823],[-118.2768,34.729314],[-118.28121500000002,34.729293],[-118.281025,34.725674],[-118.294142,34.725614],[-118.29440700000002,34.736461],[-118.29221000000001,34.740124],[-118.29871700000001,34.740079],[-118.298708,34.747345],[-118.316165,34.747134],[-118.316268,34.752071],[-118.31233500000002,34.752144],[-118.312531,34.760874],[-118.307554,34.761889],[-118.30768800000001,34.769147],[-118.312139,34.769051],[-118.312013,34.761815],[-118.32087400000002,34.761617],[-118.32069800000001,34.750713],[-118.318963,34.742294],[-118.32486800000001,34.742338],[-118.32475,34.739777],[-118.31879499999998,34.737464],[-118.31894300000002,34.74169],[-118.307197,34.743684],[-118.30692800000001,34.729197],[-118.311365,34.729178],[-118.31134800000001,34.732713],[-118.315718,34.732669],[-118.31570100000002,34.729152],[-118.320071,34.729132],[-118.32006199999998,34.725506],[-118.315688,34.725526],[-118.31567400000002,34.721907],[-118.320054,34.721894],[-118.320045,34.718237],[-118.315661,34.718254],[-118.31558400000002,34.711048],[-118.30685299999999,34.71103],[-118.306773,34.703744],[-118.311163,34.703763],[-118.311153,34.700151],[-118.31551200000001,34.700167],[-118.315517,34.689228],[-118.324223,34.689213],[-118.324151,34.678285],[-118.319802,34.678302],[-118.319776,34.674664],[-118.32415000000002,34.674644],[-118.32431500000001,34.664625],[-118.32243600000001,34.660074],[-118.31577600000001,34.655426],[-118.30649299999999,34.652733],[-118.30644700000002,34.645427],[-118.28884400000001,34.645472],[-118.27123499999999,34.645509],[-118.259281,34.645538],[-118.25481199999999,34.645589],[-118.25475800000001,34.645589],[-118.253707,34.649201],[-118.244924,34.649415],[-118.244896,34.645607],[-118.23606,34.645605],[-118.23611600000001,34.649282],[-118.231709,34.649244],[-118.231625,34.645629],[-118.22726900000002,34.645609],[-118.22762400000002,34.660218],[-118.223158,34.660248],[-118.22324400000001,34.674873],[-118.21887600000001,34.674906],[-118.21884,34.667603],[-118.211319,34.671266],[-118.210272,34.678901],[-118.205836,34.677558],[-118.205885,34.674787],[-118.20134700000001,34.671178000000005],[-118.20244000000001,34.663787],[-118.201357,34.660138],[-118.20124,34.645591],[-118.207291,34.645612],[-118.20997600000001,34.644296],[-118.21000900000001,34.63095],[-118.183373,34.631122],[-118.18305300000002,34.64569],[-118.153252,34.64572],[-118.112327,34.645937],[-118.112256,34.660466],[-118.05887200000001,34.660616],[-118.05892300000001,34.667899],[-118.054457,34.667905],[-118.04997300000001,34.666097],[-118.049929,34.66062],[-118.040985,34.660628],[-118.04105500000001,34.671514],[-118.027642,34.67163],[-118.02762500000001,34.667972000000006],[-118.036573,34.667981],[-118.03655100000002,34.664285],[-118.00523000000001,34.664364],[-118.00523099999998,34.668035],[-118.014211,34.668003],[-118.014211,34.675361],[-118.00975500000001,34.675364],[-118.009747,34.671683],[-118.00079899999999,34.6717],[-118.000803,34.675382],[-117.996326,34.675385],[-117.996393,34.686403],[-117.99187200000001,34.686418],[-117.991814,34.668056],[-117.996318,34.668042],[-117.996322,34.664366],[-117.98736899999999,34.664351],[-117.98736000000001,34.660768],[-117.96979299999998,34.660747],[-117.969636,34.675515],[-117.952049,34.675467000000005],[-117.952046,34.668049],[-117.94759899999998,34.668064],[-117.947639,34.660745],[-117.93873500000001,34.660684]],[[-118.311142,34.696417],[-118.30356800000001,34.698328],[-118.30258699999999,34.703777],[-118.302618,34.71832],[-118.293836,34.718348],[-118.293803,34.711041],[-118.28940600000001,34.711108],[-118.28926499999999,34.696548],[-118.284898,34.69656500000001],[-118.28482,34.69292600000001],[-118.28061,34.692939],[-118.280613,34.70328000000001],[-118.285014,34.703848],[-118.285081,34.714774],[-118.27639399999998,34.714772],[-118.276205,34.696599],[-118.26737399999999,34.696616],[-118.26723600000001,34.689326],[-118.26066600000001,34.689338],[-118.260656,34.685678],[-118.28257299999999,34.685594],[-118.280477,34.68384],[-118.280426,34.67471],[-118.28909600000001,34.674747],[-118.28916000000001,34.687471],[-118.29145100000001,34.689268],[-118.311075,34.689225],[-118.311142,34.696417]],[[-118.263253,34.709353],[-118.263253,34.711191],[-118.25440600000002,34.71124],[-118.254105,34.689345],[-118.258476,34.689334],[-118.25870300000001,34.700281],[-118.26307400000002,34.700254],[-118.263253,34.709353]],[[-118.244956,34.651782],[-118.240635,34.652881],[-118.24069700000001,34.656533],[-118.236276,34.65653],[-118.236222,34.652892],[-118.239954,34.65056],[-118.244956,34.651782]]]},"properties":{"name":"Lancaster","geoid":"0640130","county":"Los Angeles","countyFP":"037"}},
{"type":"Feature","geometry":{"type":"Polygon","coordinates":[[[-118.15529000000001,34.098672],[-118.16066,34.093441],[-118.16049600000001,34.075131],[-118.16529300000002,34.062298],[-118.15253000000001,34.062318],[-118.14502100000001,34.060048],[-118.134988,34.063284],[-118.135707,34.069741],[-118.10924700000001,34.069841],[-118.108189,34.07165400000001],[-118.10839700000001,34.095443],[-118.11269,34.093726],[-118.112945,34.101619],[-118.116866,34.107322],[-118.12109500000001,34.105275],[-118.12793500000001,34.111146],[-118.13529600000001,34.10645],[-118.134694,34.104085],[-118.14182999999998,34.10414],[-118.14178400000002,34.098765],[-118.15529000000001,34.098672]]]},"properties":{"name":"Alhambra","geoid":"0600884","county":"Los Angeles","countyFP":"037"}},
{"type":"Feature","geometry":{"type":"Polygon","coordinates":[[[-118.10746400000001,34.071558],[-118.107296,34.062569],[-118.10803300000002,34.055338],[-118.10325700000001,34.053127],[-118.099457,34.055373],[-118.09113399999998,34.053998],[-118.084004,34.048135],[-118.08398400000002,34.044507],[-118.08901600000002,34.043804],[-118.09043999999999,34.040434],[-118.077894,34.0356],[-118.080756,34.039405],[-118.078644,34.041923],[-118.081831,34.044493],[-118.08185599999999,34.049966],[-118.075279,34.057224],[-118.07025999999999,34.057241],[-118.068568,34.062836],[-118.067761,34.06535],[-118.072546,34.070154],[-118.072927,34.072266],[-118.055768,34.07245],[-118.055969,34.084701],[-118.059406,34.081294],[-118.06308,34.08118700000001],[-118.061845,34.086633],[-118.07378,34.090582],[-118.087262,34.095017],[-118.08820500000002,34.091738],[-118.08774999999999,34.085511],[-118.083512,34.08045],[-118.08788200000001,34.080281],[-118.08709899999998,34.072368],[-118.09953799999998,34.072329],[-118.10746400000001,34.071558]]]},"properties":{"name":"Rosemead","geoid":"0662896","county":"Los Angeles","countyFP":"037"}},
{"type":"Feature","geometry":{"type":"Polygon","coordinates":[[[-118.14415999999999,34.033463],[-118.14285900000002,34.032158],[-118.143357,34.023936],[-118.130155,34.01597],[-118.126728,34.013127000000004],[-118.12756899999998,34.008047],[-118.129858,33.993048],[-118.125231,33.991168],[-118.128542,33.985536],[-118.134219,33.985656],[-118.122811,33.974409],[-118.119972,33.975491],[-118.116737,33.981113],[-118.114334,33.988921],[-118.108659,33.993343],[-118.103402,33.999555],[-118.09734400000002,34.001312],[-118.096201,34.007662],[-118.092927,34.013709],[-118.085787,34.018785],[-118.07379700000001,34.027303],[-118.073003,34.030608],[-118.077894,34.0356],[-118.09043999999999,34.040434],[-118.09529100000002,34.044531],[-118.10027200000002,34.044762],[-118.106517,34.040403],[-118.098305,34.035234],[-118.099086,34.032267],[-118.103631,34.032075],[-118.10768500000002,34.026994],[-118.11513500000001,34.033698],[-118.14415999999999,34.033463]]]},"properties":{"name":"Montebello","geoid":"0648816","county":"Los Angeles","countyFP":"037"}},
{"type":"Feature","geometry":{"type":"Polygon","coordinates":[[[-118.32649200000002,33.901811],[-118.326488,33.882821],[-118.313487,33.886906],[-118.313451,33.872937],[-118.30912000000001,33.872944],[-118.30914799999998,33.865608],[-118.299319,33.865698],[-118.29914299999999,33.870531],[-118.29435699999999,33.870522],[-118.294499,33.86647],[-118.29052500000002,33.866406],[-118.291689,33.894588],[-118.29160699999998,33.916422],[-118.314312,33.91645],[-118.326501,33.916446],[-118.326502,33.91282],[-118.326512,33.909197],[-118.32649200000002,33.901811]]]},"properties":{"name":"Gardena","geoid":"0628168","county":"Los Angeles","countyFP":"037"}},
{"type":"Feature","geometry":{"type":"Polygon","coordinates":[[[-118.14665100000002,33.868936],[-118.146594,33.86031],[-118.15698500000002,33.860105],[-118.155501,33.854401],[-118.16770400000001,33.854258],[-118.167559,33.84694],[-118.164322,33.847056],[-118.16431,33.827802],[-118.167361,33.827781],[-118.16735700000001,33.820054],[-118.164643,33.820047],[-118.164037,33.827596],[-118.15791700000001,33.825136],[-118.14990300000001,33.832514],[-118.142707,33.832541],[-118.142651,33.846726],[-118.12492399999998,33.847054],[-118.12498300000001,33.832437],[-118.097794,33.832347],[-118.09343200000002,33.83129],[-118.081926,33.831262],[-118.07969,33.83401],[-118.07884199999998,33.838717],[-118.067641,33.837992],[-118.06771100000002,33.833306],[-118.06123,33.833314],[-118.058988,33.835207],[-118.059005,33.838852],[-118.059038,33.845634],[-118.05904000000001,33.846195],[-118.081981,33.846006],[-118.08202100000001,33.849641],[-118.08637100000001,33.849633],[-118.086369,33.845971],[-118.099211,33.845876],[-118.103074,33.858401],[-118.108317,33.858371],[-118.108429,33.865587],[-118.11427900000001,33.865574],[-118.11430699999998,33.868972],[-118.14665100000002,33.868936]]]},"properties":{"name":"Lakewood","geoid":"0639892","county":"Los Angeles","countyFP":"037"}},
{"type":"Feature","geometry":{"type":"Polygon","coordinates":[[[-118.246204,33.917292],[-118.25434099999998,33.917286],[-118.254456,33.912828],[-118.260926,33.9128],[-118.26091299999999,33.905567],[-118.26314900000001,33.902376],[-118.253762,33.902801],[-118.252466,33.896261],[-118.26006200000002,33.895233],[-118.25891299999999,33.890294],[-118.26089100000002,33.886178],[-118.25781099999999,33.883971],[-118.261247,33.880029],[-118.25342700000002,33.880258],[-118.24874100000001,33.882017],[-118.24866500000002,33.869499],[-118.24249500000002,33.867728],[-118.23566799999999,33.867853],[-118.23562200000002,33.867299],[-118.226533,33.863148],[-118.22567300000001,33.868155],[-118.21545900000001,33.869514],[-118.216111,33.873565],[-118.206972,33.873719],[-118.206165,33.870353],[-118.205498,33.874287],[-118.208525,33.874796],[-118.208874,33.881292],[-118.18789200000002,33.881457],[-118.18719600000001,33.885443],[-118.186901,33.892528],[-118.18159300000002,33.892623],[-118.182374,33.896212],[-118.18814899999998,33.894716],[-118.18988600000002,33.900564],[-118.187451,33.903173],[-118.18777000000001,33.903428],[-118.187048,33.90537],[-118.199979,33.90667700000001],[-118.19842500000001,33.91057],[-118.20581200000001,33.912674],[-118.20643300000002,33.910535],[-118.213829,33.913118],[-118.21693599999999,33.912313],[-118.21835600000001,33.921357],[-118.21994,33.922301],[-118.22880500000001,33.922685],[-118.22803399999998,33.919832],[-118.22409000000002,33.919799],[-118.22237099999998,33.908826],[-118.224813,33.909011],[-118.23605800000001,33.905973],[-118.23605800000001,33.913739],[-118.239132,33.917831],[-118.246204,33.917292]],[[-118.25438500000001,33.906028000000006],[-118.24551099999998,33.906297],[-118.245619,33.903399],[-118.253594,33.902936],[-118.25438500000001,33.906028000000006]],[[-118.206143,33.88815],[-118.198148,33.888261],[-118.196763,33.881654],[-118.204278,33.881617],[-118.206143,33.88815]],[[-118.200432,33.906112],[-118.190756,33.905532],[-118.189423,33.889533],[-118.19724800000002,33.888746],[-118.200432,33.906112]]]},"properties":{"name":"Compton","geoid":"0615044","county":"Los Angeles","countyFP":"037"}},
{"type":"Feature","geometry":{"type":"Polygon","coordinates":[[[-118.091194,34.115308],[-118.09803000000001,34.115273],[-118.099652,34.113466],[-118.113908,34.113709],[-118.11678999999998,34.112212],[-118.12109500000001,34.105275],[-118.116866,34.107322],[-118.112945,34.101619],[-118.11269,34.093726],[-118.10839700000001,34.095443],[-118.108189,34.07165400000001],[-118.10746400000001,34.071558],[-118.09953799999998,34.072329],[-118.08709899999998,34.072368],[-118.08788200000001,34.080281],[-118.083512,34.08045],[-118.08774999999999,34.085511],[-118.08820500000002,34.091738],[-118.087262,34.095017],[-118.081467,34.099445],[-118.077894,34.098965],[-118.07721,34.103034],[-118.08127300000001,34.105604],[-118.08137800000002,34.113513],[-118.082206,34.104036],[-118.084998,34.103953],[-118.086628,34.108101],[-118.090901,34.108069],[-118.091194,34.115308]],[[-118.09033,34.102305],[-118.08449899999998,34.102951],[-118.084934,34.099569],[-118.0897,34.099532],[-118.09033,34.102305]]]},"properties":{"name":"San Gabriel","geoid":"0667042","county":"Los Angeles","countyFP":"037"}},
{"type":"Feature","geometry":{"type":"Polygon","coordinates":[[[-118.09033,33.931674],[-118.104768,33.932011],[-118.10704699999998,33.931131],[-118.111551,33.922224],[-118.11124,33.915761],[-118.10975100000002,33.909816],[-118.10834099999998,33.906377],[-118.10816000000001,33.88694],[-118.095533,33.887426],[-118.095431,33.880314],[-118.091086,33.880326],[-118.08780600000001,33.880338],[-118.074895,33.880383],[-118.07282500000001,33.885833],[-118.064244,33.887162],[-118.05538299999999,33.88765],[-118.055357,33.895061],[-118.063969,33.895436],[-118.06395499999999,33.902271],[-118.05813399999998,33.90000400000001],[-118.046954,33.893954],[-118.042204,33.895205],[-118.04440300000002,33.898797],[-118.044431,33.90248],[-118.05350900000002,33.902437],[-118.05103600000001,33.909755],[-118.058309,33.914111],[-118.060618,33.917095],[-118.06389299999998,33.917214],[-118.063956,33.929901],[-118.06832100000001,33.929891],[-118.07267999999999,33.931701],[-118.08237500000001,33.931683],[-118.08425499999998,33.933479],[-118.088259,33.92968100000001],[-118.09033,33.931674]]]},"properties":{"name":"Norwalk","geoid":"0652526","county":"Los Angeles","countyFP":"037"}},
{"type":"Feature","geometry":{"type":"Polygon","coordinates":[[[-118.15860400000001,33.951894],[-118.15839400000002,33.948581],[-118.162176,33.942339],[-118.16594200000002,33.938546],[-118.166085,33.93537],[-118.16154099999999,33.928847],[-118.166301,33.927513],[-118.170424,33.923608],[-118.156237,33.917044],[-118.14922200000001,33.913704],[-118.153502,33.907371],[-118.142932,33.902467],[-118.142404,33.910453],[-118.13913900000001,33.909027],[-118.13409,33.909764],[-118.10975100000002,33.909816],[-118.11124,33.915761],[-118.111551,33.922224],[-118.10704699999998,33.931131],[-118.104768,33.932011],[-118.09033,33.931674],[-118.098421,33.943394],[-118.093369,33.950362],[-118.096639,33.951773],[-118.111022,33.961787],[-118.12128399999999,33.972968],[-118.12937000000001,33.970986],[-118.13385100000002,33.970612],[-118.13997700000002,33.963239],[-118.15361399999999,33.955898],[-118.15860400000001,33.951894]]]},"properties":{"name":"Downey","geoid":"0619766","county":"Los Angeles","countyFP":"037"}},
{"type":"Feature","geometry":{"type":"Polygon","coordinates":[[[-118.07229600000001,33.993218],[-118.067421,33.99315],[-118.06405499999998,33.989931],[-118.051033,33.981235],[-118.05366800000002,33.974321],[-118.051131,33.969917],[-118.054922,33.968176],[-118.05486099999999,33.961759],[-118.05080400000001,33.958929000000005],[-118.053086,33.956611],[-118.04962199999999,33.953274],[-118.04566700000001,33.950562],[-118.04282400000001,33.9534],[-118.03810300000002,33.954071],[-118.034241,33.952867],[-118.003414,33.938273],[-118.00083,33.935237],[-118.00084399999999,33.929337],[-117.98999300000001,33.931858],[-117.981359,33.928217],[-117.97653000000001,33.928034],[-117.976498,33.94605],[-117.96669100000001,33.946058],[-117.965251,33.949685],[-117.992997,33.949929],[-117.980783,33.957808],[-117.983633,33.965007],[-117.976574,33.964804],[-117.976661,33.974829],[-117.993762,33.975163],[-117.993568,33.982409],[-118.006753,33.982401],[-118.00665300000001,33.986028],[-118.019793,33.986117],[-118.01972599999999,33.989684],[-118.028627,33.989946],[-118.028606,34.003776],[-118.037352,34.003834],[-118.037331,34.000786],[-118.04602200000001,34.000892],[-118.05402300000002,34.003492],[-118.05657200000002,34.001881],[-118.06185600000002,34.005495],[-118.07067100000002,33.99657],[-118.07229600000001,33.993218]]]},"properties":{"name":"Whittier","geoid":"0685292","county":"Los Angeles","countyFP":"037"}},
{"type":"Feature","geometry":{"type":"Polygon","coordinates":[[[-118.085787,34.018785],[-118.092927,34.013709],[-118.096201,34.007662],[-118.09734400000002,34.001312],[-118.103402,33.999555],[-118.108659,33.993343],[-118.114334,33.988921],[-118.116737,33.981113],[-118.119972,33.975491],[-118.122811,33.974409],[-118.12128399999999,33.972968],[-118.111022,33.961787],[-118.096639,33.951773],[-118.093369,33.950362],[-118.08710600000002,33.959096],[-118.08681500000002,33.962134000000006],[-118.08883699999998,33.966913],[-118.08821800000001,33.968867],[-118.075258,33.984986],[-118.07229600000001,33.993218],[-118.07067100000002,33.99657],[-118.06169100000001,34.00735],[-118.06498800000001,34.009577],[-118.06228599999999,34.012212],[-118.05670400000001,34.01334],[-118.05252,34.017774],[-118.050197,34.016213],[-118.04071600000002,34.025323],[-118.047131,34.029302],[-118.051497,34.026043],[-118.05294200000002,34.021363],[-118.069358,34.020448],[-118.07285700000001,34.020833],[-118.076973,34.0185],[-118.085787,34.018785]]]},"properties":{"name":"Pico Rivera","geoid":"0656924","county":"Los Angeles","countyFP":"037"}},
{"type":"Feature","geometry":{"type":"Polygon","coordinates":[[[-118.446646,33.836286],[-118.450538,33.832265],[-118.47025899999998,33.817557],[-118.39126100000001,33.815201],[-118.386862,33.814777],[-118.38538,33.818921],[-118.378844,33.8163],[-118.37443,33.815656000000004],[-118.374416,33.827402],[-118.372849,33.827275],[-118.37837,33.854952],[-118.37549,33.858256],[-118.353627,33.858316],[-118.35798,33.862252],[-118.358956,33.865542],[-118.352461,33.865526],[-118.35250899999998,33.874317],[-118.354711,33.872854],[-118.36129,33.872858],[-118.36129,33.894653],[-118.365858,33.894643],[-118.378721,33.894646],[-118.378667,33.880073],[-118.379955,33.872834],[-118.39137100000002,33.872812],[-118.38586600000001,33.864406],[-118.38473000000002,33.856671],[-118.446646,33.836286]]]},"properties":{"name":"Redondo Beach","geoid":"0660018","county":"Los Angeles","countyFP":"037"}},
{"type":"Feature","geometry":{"type":"Polygon","coordinates":[[[-118.47025899999998,33.817557],[-118.48324,33.804412],[-118.361701,33.804173000000006],[-118.351054,33.795205],[-118.342017,33.787585],[-118.34048300000002,33.786292],[-118.333651,33.78052],[-118.33128499999998,33.786132],[-118.328162,33.783392],[-118.323149,33.782521],[-118.323149,33.785865],[-118.32779800000002,33.786199],[-118.327941,33.806862],[-118.31170400000002,33.807645],[-118.311739,33.802251],[-118.30878999999999,33.802217],[-118.309124,33.836416],[-118.30914799999998,33.865608],[-118.30912000000001,33.872944],[-118.313451,33.872937],[-118.313487,33.886906],[-118.326488,33.882821],[-118.343776,33.877234],[-118.35250899999998,33.874317],[-118.352461,33.865526],[-118.358956,33.865542],[-118.35798,33.862252],[-118.353627,33.858316],[-118.37549,33.858256],[-118.37837,33.854952],[-118.372849,33.827275],[-118.374416,33.827402],[-118.37443,33.815656000000004],[-118.378844,33.8163],[-118.38538,33.818921],[-118.386862,33.814777],[-118.39126100000001,33.815201],[-118.47025899999998,33.817557]]]},"properties":{"name":"Torrance","geoid":"0680000","county":"Los Angeles","countyFP":"037"}},
{"type":"Feature","geometry":{"type":"Polygon","coordinates":[[[-118.189743,33.982021],[-118.20258100000001,33.982569],[-118.20624,33.979572],[-118.20269200000001,33.971862],[-118.199526,33.970954],[-118.194059,33.969229],[-118.187894,33.969149],[-118.17287499999999,33.967547],[-118.16909400000002,33.963786],[-118.16571100000002,33.968163],[-118.167593,33.972839],[-118.16704900000002,33.979358],[-118.17024799999999,33.988156],[-118.16166999999999,33.987268],[-118.160939,33.991933],[-118.152812,33.990696],[-118.15207,33.992216],[-118.16040200000002,33.995028],[-118.170122,33.999547],[-118.175109,33.998102],[-118.17793000000002,33.995561],[-118.17735100000002,33.991105],[-118.172554,33.986482],[-118.170187,33.980092],[-118.189743,33.982021]]]},"properties":{"name":"Bell","geoid":"0604870","county":"Los Angeles","countyFP":"037"}},
{"type":"Feature","geometry":{"type":"Polygon","coordinates":[[[-118.239021,33.989403],[-118.238954,33.977176],[-118.237632,33.97473800000001],[-118.230233,33.974745],[-118.217543,33.973414],[-118.21073800000002,33.971821],[-118.21188800000002,33.964049],[-118.19278199999998,33.961622],[-118.199897,33.967792],[-118.199526,33.970954],[-118.20269200000001,33.971862],[-118.20624,33.979572],[-118.20258100000001,33.982569],[-118.189743,33.982021],[-118.19005,33.987187],[-118.204156,33.988957],[-118.204027,33.983094],[-118.212601,33.984049],[-118.212766,33.989674],[-118.215051,33.991552],[-118.223621,33.991563],[-118.22363199999998,33.996216],[-118.22968700000001,33.995692],[-118.230284,33.989214],[-118.23791799999998,33.989393],[-118.239021,33.989403]]]},"properties":{"name":"Huntington Park","geoid":"0636056","county":"Los Angeles","countyFP":"037"}},
{"type":"Feature","geometry":{"type":"Polygon","coordinates":[[[-118.229647,33.9612],[-118.23148500000002,33.960938],[-118.228602,33.948301],[-118.227476,33.943091],[-118.226906,33.940167],[-118.22324600000002,33.937842],[-118.214187,33.936921],[-118.21676799999999,33.945441],[-118.213109,33.94504],[-118.21378699999998,33.940172],[-118.210856,33.937061],[-118.181802,33.934369],[-118.18293299999999,33.930782],[-118.176825,33.930675],[-118.17417,33.93056],[-118.176183,33.917989],[-118.15901899999999,33.909917],[-118.156237,33.917044],[-118.170424,33.923608],[-118.166301,33.927513],[-118.16154099999999,33.928847],[-118.166085,33.93537],[-118.16594200000002,33.938546],[-118.162176,33.942339],[-118.15839400000002,33.948581],[-118.15860400000001,33.951894],[-118.170285,33.954103],[-118.173152,33.95632],[-118.17792400000002,33.956825],[-118.179653,33.955099],[-118.18528000000002,33.955637],[-118.19278199999998,33.961622],[-118.21188800000002,33.964049],[-118.22569199999998,33.965445],[-118.22297400000001,33.959029],[-118.229647,33.9612]]]},"properties":{"name":"South Gate","geoid":"0673080","county":"Los Angeles","countyFP":"037"}},
{"type":"Feature","geometry":{"type":"Polygon","coordinates":[[[-118.37808000000001,34.021221],[-118.37622,34.028646],[-118.371901,34.029929],[-118.36957699999999,34.03508],[-118.37591900000001,34.032417],[-118.387171,34.0294],[-118.39835000000001,34.02291700000001],[-118.39745500000001,34.021662],[-118.40500000000002,34.017177],[-118.406864,34.018574],[-118.42141100000002,34.010324],[-118.417344,34.006749],[-118.42124900000002,34.004422],[-118.418239,34.000619],[-118.42048399999999,33.99867],[-118.42598,33.99807],[-118.430327,33.999446],[-118.442457,33.993599],[-118.448472,33.993359],[-118.44695000000002,33.990553],[-118.43717400000001,33.995276],[-118.43018199999999,33.990125],[-118.431102,33.996381],[-118.420206,33.997463],[-118.414231,34.003433],[-118.40588899999999,33.999236],[-118.402768,34.003465000000006],[-118.399792,34.001826],[-118.402815,33.995833],[-118.40785600000001,33.992117],[-118.40620300000002,33.989404],[-118.401239,33.986386],[-118.39866800000001,33.988015],[-118.394895,33.983854],[-118.39765000000001,33.98207],[-118.386654,33.976907],[-118.384768,33.978478],[-118.378934,33.98885],[-118.38606100000001,33.993483],[-118.382714,34.000401],[-118.39093900000002,34.00152],[-118.38521700000001,34.012608],[-118.379619,34.011509],[-118.37309300000001,34.01191300000001],[-118.373851,34.016109],[-118.37966599999999,34.019309],[-118.37808000000001,34.021221]]]},"properties":{"name":"Culver City","geoid":"0617568","county":"Los Angeles","countyFP":"037"}},
{"type":"Feature","geometry":{"type":"Polygon","coordinates":[[[-117.258004,33.713872],[-117.25804400000001,33.684828],[-117.253652,33.684867],[-117.25368700000001,33.688505],[-117.240469,33.68863],[-117.24043100000002,33.684985],[-117.235583,33.684992],[-117.23532,33.67786],[-117.240474,33.677701],[-117.240475,33.670587],[-117.216843,33.670776],[-117.216813,33.667054],[-117.221154,33.667004],[-117.22339200000002,33.663352],[-117.22339000000001,33.655965],[-117.22343799999999,33.626957],[-117.206115,33.627015],[-117.171076,33.627037],[-117.17105699999999,33.64153400000001],[-117.166447,33.641522],[-117.16566,33.634244],[-117.15411700000001,33.634172],[-117.153993,33.641456],[-117.14545599999998,33.6415],[-117.145448,33.634176],[-117.12332700000002,33.634289],[-117.123202,33.627008],[-117.118855,33.627012],[-117.11910300000001,33.641618],[-117.136842,33.6415],[-117.136603,33.674419],[-117.13648699999999,33.735905],[-117.136471,33.757653],[-117.180403,33.757643],[-117.184739,33.754918],[-117.189057,33.754296],[-117.189188,33.750342],[-117.18476900000002,33.750327],[-117.18474800000001,33.745913],[-117.18045700000002,33.746588],[-117.180444,33.742963],[-117.184828,33.742972],[-117.184744,33.735657],[-117.19317000000001,33.735814],[-117.193301,33.742995],[-117.22352100000002,33.743034],[-117.22330299999999,33.714066],[-117.231574,33.71596],[-117.23057,33.720584],[-117.23413899999998,33.720537],[-117.23545900000002,33.723265],[-117.240649,33.721421],[-117.24063899999999,33.71414600000001],[-117.258004,33.713872]]]},"properties":{"name":"Menifee","geoid":"0646842","county":"Riverside","countyFP":"065"}},
{"type":"Feature","geometry":{"type":"Polygon","coordinates":[[[-117.91999,33.946081],[-117.919989,33.924616],[-117.92433599999998,33.924395],[-117.922163,33.921002],[-117.922163,33.917386],[-117.915627,33.917362],[-117.91562200000001,33.908336],[-117.911352,33.906684],[-117.887959,33.907107],[-117.888568,33.910483],[-117.876721,33.910784],[-117.86392000000001,33.909236],[-117.863877,33.907404],[-117.855133,33.907511],[-117.855079,33.90565],[-117.846,33.905738],[-117.842413,33.910146000000005],[-117.83692100000002,33.910063],[-117.83507599999999,33.918439],[-117.82675300000001,33.918252],[-117.809157,33.918017],[-117.809131,33.922381],[-117.80057500000001,33.921409],[-117.800586,33.924961],[-117.79167799999999,33.924901],[-117.791634,33.928461],[-117.783068,33.928373],[-117.783108,33.93925],[-117.77466000000001,33.940196],[-117.783252,33.946261],[-117.80031099999998,33.946626],[-117.800498,33.935927],[-117.80176699999998,33.932327],[-117.813328,33.932402],[-117.813285,33.928716],[-117.817831,33.928769],[-117.81786600000001,33.920517],[-117.82824700000002,33.920644],[-117.828097,33.927883],[-117.832341,33.927943],[-117.83237099999998,33.931628],[-117.838425,33.930251],[-117.845382,33.931734],[-117.84857499999998,33.934225],[-117.871833,33.935591],[-117.87992699999998,33.940311],[-117.886434,33.941572],[-117.88640800000002,33.936873],[-117.89294500000001,33.936533],[-117.898747,33.939299],[-117.90405700000001,33.939193],[-117.90564,33.945293],[-117.91189299999999,33.946076],[-117.91956,33.947636],[-117.91999,33.946081]]]},"properties":{"name":"Brea","geoid":"0608100","county":"Orange","countyFP":"059"}},
{"type":"Feature","geometry":{"type":"Polygon","coordinates":[[[-117.867728,33.691939],[-117.868569,33.688619],[-117.864008,33.686248],[-117.856947,33.68312300000001],[-117.864029,33.671739],[-117.86125300000002,33.670983],[-117.85428400000002,33.666129],[-117.86280300000001,33.657568],[-117.86000800000001,33.651383],[-117.85876,33.64083],[-117.85634,33.63805],[-117.84882000000002,33.63324],[-117.83458000000002,33.62857],[-117.82892,33.6238],[-117.82211,33.62071],[-117.81757999999999,33.61376],[-117.81408,33.61104],[-117.80506000000001,33.60919],[-117.799159,33.607081],[-117.78878000000002,33.60309],[-117.78426,33.60253],[-117.776232,33.599599],[-117.77435199999998,33.618393],[-117.756962,33.625289],[-117.74782700000002,33.618987],[-117.74625999999999,33.621156],[-117.743118,33.625508],[-117.74121900000002,33.63105],[-117.720888,33.628334],[-117.719972,33.628903],[-117.710373,33.646634],[-117.69954200000001,33.659451],[-117.70577200000001,33.663807],[-117.699856,33.667149],[-117.69558199999999,33.664157],[-117.678029,33.685031],[-117.68754,33.691655],[-117.69841300000002,33.698024],[-117.7085,33.701487],[-117.71852900000002,33.70778],[-117.72296700000001,33.709448],[-117.727419,33.703893],[-117.737843,33.711512],[-117.735444,33.715529],[-117.73146300000002,33.717945],[-117.72470800000002,33.717946],[-117.719044,33.72004],[-117.716918,33.732867],[-117.70991200000002,33.734665],[-117.70681700000002,33.740489000000004],[-117.717063,33.748526],[-117.725106,33.751251],[-117.73083700000001,33.754343],[-117.73567000000001,33.750774],[-117.73824600000002,33.754045],[-117.741503,33.753908],[-117.741633,33.760744],[-117.746531,33.764753],[-117.75228899999999,33.767435000000006],[-117.74995800000002,33.771528],[-117.75777100000002,33.770602],[-117.75853,33.773607],[-117.759943,33.769429],[-117.75979599999998,33.76469],[-117.76395999999998,33.75844],[-117.76685000000002,33.74888],[-117.768945,33.745983],[-117.779991,33.734906],[-117.78805199999998,33.729252],[-117.790656,33.723747],[-117.794985,33.719687],[-117.797933,33.721771],[-117.80322000000001,33.71508],[-117.80377400000002,33.706538],[-117.799807,33.703803],[-117.808412,33.695007],[-117.81255,33.693466],[-117.81417800000001,33.69705],[-117.81963099999999,33.700577],[-117.826565,33.694052],[-117.843253,33.705584],[-117.84872800000001,33.700077],[-117.855434,33.704699],[-117.867728,33.691939]]]},"properties":{"name":"Irvine","geoid":"0636770","county":"Orange","countyFP":"059"}},
{"type":"Feature","geometry":{"type":"Polygon","coordinates":[[[-117.97656300000001,33.917418],[-117.97657500000001,33.906406],[-117.95003900000002,33.906468],[-117.94682600000002,33.909075],[-117.94169800000002,33.908609],[-117.94174300000002,33.913715],[-117.93238,33.913703],[-117.93304200000001,33.924608],[-117.92433599999998,33.924395],[-117.919989,33.924616],[-117.91999,33.946081],[-117.92581500000001,33.946079],[-117.92741600000001,33.946082],[-117.92914800000001,33.946082],[-117.954289,33.946069],[-117.964777,33.946054],[-117.96669100000001,33.946058],[-117.976498,33.94605],[-117.97653000000001,33.928034],[-117.97656300000001,33.917418]]]},"properties":{"name":"La Habra","geoid":"0639290","county":"Orange","countyFP":"059"}},
{"type":"Feature","geometry":{"type":"Polygon","coordinates":[[[-118.011806,33.809982],[-118.01068000000001,33.806277],[-118.011048,33.799187],[-118.001651,33.79923300000001],[-118.001559,33.791954],[-117.99928500000001,33.791971],[-117.99872400000001,33.774693],[-117.98830200000002,33.773819],[-117.988407,33.782124],[-117.984116,33.787517],[-117.98661200000001,33.788409],[-117.99064800000001,33.788386],[-117.988556,33.795667],[-117.988819,33.800745],[-117.984458,33.802984],[-117.97728300000001,33.803051],[-117.976447,33.803058],[-117.97563799999999,33.803066],[-117.97348600000001,33.805667],[-117.971919,33.80568900000001],[-117.971937,33.810361],[-117.97432900000001,33.811333],[-117.980151,33.810283000000005],[-117.980182,33.813925],[-117.97580999999998,33.815771],[-117.995512,33.815646],[-117.99766100000001,33.813751],[-118.005784,33.813675],[-118.011806,33.809982]]]},"properties":{"name":"Stanton","geoid":"0673962","county":"Orange","countyFP":"059"}},
{"type":"Feature","geometry":{"type":"Polygon","coordinates":[[[-117.303904,33.618452],[-117.310973,33.612592],[-117.310849,33.59773100000001],[-117.304755,33.596748],[-117.30061200000002,33.587114],[-117.29146700000001,33.585142],[-117.26565100000002,33.583799],[-117.260952,33.585935],[-117.244828,33.576318],[-117.206335,33.60297500000001],[-117.20603600000001,33.611887],[-117.206115,33.627015],[-117.22343799999999,33.626957],[-117.22339000000001,33.655965],[-117.24032399999999,33.655928],[-117.240394,33.648663],[-117.253461,33.648627],[-117.25385599999998,33.655948],[-117.28781599999999,33.656077],[-117.296376,33.652477],[-117.29094199999999,33.639727],[-117.29061800000001,33.633158],[-117.303904,33.618452]]]},"properties":{"name":"Wildomar","geoid":"0685446","county":"Riverside","countyFP":"065"}},
{"type":"Feature","geometry":{"type":"Polygon","coordinates":[[[-116.94681000000001,33.957876],[-116.947006,33.946565],[-116.946751,33.920747],[-116.94628,33.903658],[-116.94063199999998,33.903652],[-116.929196,33.903526],[-116.92926399999999,33.918012],[-116.911614,33.917949],[-116.91158500000002,33.91071],[-116.894193,33.910739],[-116.894116,33.903448],[-116.87627699999999,33.903609],[-116.876678,33.910786],[-116.850604,33.910777],[-116.850637,33.90715300000001],[-116.841849,33.907195],[-116.841831,33.927924],[-116.833273,33.929998],[-116.82463400000002,33.930315],[-116.824471,33.932714],[-116.824465,33.939932],[-116.84204600000001,33.939813],[-116.84189299999998,33.933447],[-116.857867,33.933581],[-116.85948000000002,33.932637],[-116.85963699999999,33.947187],[-116.87693,33.947165],[-116.87700900000002,33.954404],[-116.879954,33.954885],[-116.889948,33.962675],[-116.89007300000002,33.968912],[-116.89448099999998,33.968911],[-116.89445600000002,33.983434],[-116.903151,33.983464],[-116.903133,33.990688],[-116.90088,33.990687],[-116.90094500000001,33.997935],[-116.903125,33.997937],[-116.90312400000002,34.012404],[-116.89877100000001,34.012376],[-116.89877199999998,34.015917],[-116.894419,34.015969],[-116.894419,34.019599],[-116.87701500000001,34.019625000000005],[-116.877125,34.034012],[-116.89455600000001,34.034013],[-116.894451,34.023215],[-116.898847,34.023189],[-116.898832,34.019627],[-116.902951,34.019647],[-116.903125,34.016023],[-116.90747800000001,34.01605],[-116.907477,34.01243000000001],[-116.911821,34.012457],[-116.911818,34.005197],[-116.91008400000001,33.998514],[-116.91184399999999,33.992962],[-116.911857,33.988225],[-116.916139,33.987525],[-116.91515800000002,33.992136],[-116.91457299999999,34.00406900000001],[-116.92055600000002,34.005208],[-116.92056200000002,34.001453],[-116.92953900000002,34.001466],[-116.92953700000001,34.004914],[-116.93364499999998,34.004914],[-116.93367,33.997878],[-116.93164400000002,33.997919],[-116.930541,33.99069],[-116.93051899999999,33.979899],[-116.929518,33.976196],[-116.92483,33.976195],[-116.921534,33.979264],[-116.91377800000001,33.979908],[-116.911717,33.982603],[-116.904071,33.974204],[-116.900403,33.969228],[-116.90098400000001,33.966501],[-116.898775,33.958959],[-116.90431300000002,33.962994],[-116.905225,33.95878],[-116.910706,33.953384],[-116.910103,33.944034],[-116.910689,33.939825],[-116.920624,33.939815],[-116.920631,33.94711],[-116.92346399999998,33.948298],[-116.925043,33.958155],[-116.92942000000001,33.958036],[-116.929431,33.968793],[-116.93816200000002,33.96882],[-116.93809399999999,33.961586],[-116.94681000000001,33.957876]]]},"properties":{"name":"Banning","geoid":"0603820","county":"Riverside","countyFP":"065"}},
{"type":"Feature","geometry":{"type":"Polygon","coordinates":[[[-117.121323,34.003484],[-117.121272,33.996874],[-117.129796,33.996974],[-117.12985,33.989769],[-117.121239,33.989763],[-117.121205,33.986217],[-117.11247600000002,33.986334],[-117.11249099999999,33.989944],[-117.086378,33.98991],[-117.08645199999998,33.982736],[-117.095087,33.975642],[-117.08873000000001,33.97496],[-117.075748,33.96798],[-117.071477,33.964301],[-117.064531,33.965379],[-117.05498599999999,33.964605],[-117.03434100000001,33.961031],[-117.034254,33.954159],[-117.017967,33.953747],[-117.01522399999999,33.955098],[-117.02511300000002,33.9617],[-117.02941300000002,33.965316],[-117.029259,33.975893],[-117.02547,33.975869],[-117.02548000000002,33.982949],[-116.998571,33.983089],[-116.998637,33.989969],[-116.99025300000001,33.990228],[-116.98942100000001,33.998309000000006],[-116.989318,34.000754],[-116.994634,34.000509],[-116.994807,34.004516],[-117.013097,34.004325],[-117.034456,34.004881],[-117.051893,34.004118],[-117.086522,34.00382],[-117.10389800000002,34.004375],[-117.121323,34.003484]]]},"properties":{"name":"Calimesa","geoid":"0609864","county":"Riverside","countyFP":"065"}},
{"type":"Feature","geometry":{"type":"Polygon","coordinates":[[[-117.27530299999998,33.706228],[-117.275408,33.695349],[-117.27985,33.695334],[-117.279754,33.688077],[-117.28400599999999,33.688035],[-117.28401700000002,33.683148],[-117.28075499999998,33.683137],[-117.277564,33.67951],[-117.276928,33.674038],[-117.26661899999999,33.673978],[-117.266596,33.670375],[-117.240475,33.670587],[-117.240474,33.677701],[-117.23532,33.67786],[-117.235583,33.684992],[-117.24043100000002,33.684985],[-117.240469,33.68863],[-117.25368700000001,33.688505],[-117.253652,33.684867],[-117.25804400000001,33.684828],[-117.258004,33.713872],[-117.25813699999999,33.713869],[-117.27543100000001,33.713491],[-117.27530299999998,33.706228]]]},"properties":{"name":"Canyon Lake","geoid":"0610928","county":"Riverside","countyFP":"065"}},
{"type":"Feature","geometry":{"type":"MultiPolygon","coordinates":[[[[-116.19896600000001,33.649321],[-116.203238,33.649359],[-116.202952,33.64209],[-116.198634,33.642058],[-116.19896600000001,33.649321]]],[[[-116.19906,33.700386],[-116.21645299999999,33.70035],[-116.21647100000001,33.693187],[-116.21217400000002,33.693093],[-116.213248,33.685498],[-116.21211,33.681768],[-116.203486,33.68181],[-116.203364,33.672744],[-116.207742,33.672744],[-116.20776400000001,33.669161],[-116.20343100000001,33.665546],[-116.19906599999999,33.665538],[-116.19928200000001,33.656552],[-116.164224,33.656731],[-116.164136,33.653039],[-116.159807,33.653036],[-116.1598,33.656708],[-116.153656,33.656694],[-116.146891,33.648854],[-116.142176,33.648852],[-116.138016,33.642079],[-116.12713600000001,33.642107],[-116.12486899999999,33.645707],[-116.124885,33.649398],[-116.111768,33.649387],[-116.111833,33.65297],[-116.11628200000001,33.652975],[-116.116362,33.656688],[-116.12930900000002,33.656672],[-116.12932500000001,33.66026],[-116.13368200000001,33.660322],[-116.133673,33.663909],[-116.138049,33.66393],[-116.138045,33.66765],[-116.14670899999999,33.667758],[-116.146722,33.671315],[-116.120635,33.671171],[-116.09436699999999,33.671565],[-116.07803700000001,33.67144],[-116.07830300000002,33.685725000000005],[-116.094548,33.685664],[-116.094474,33.698202],[-116.08574799999998,33.699381],[-116.078273,33.69953],[-116.07824499999998,33.729288],[-116.129304,33.729447],[-116.129312,33.71488],[-116.154671,33.714935],[-116.158108,33.721165],[-116.16418000000002,33.726466],[-116.17288000000002,33.729478],[-116.181646,33.729549],[-116.18166999999998,33.722252],[-116.18151000000002,33.704042],[-116.181551,33.700402],[-116.185946,33.700371],[-116.190285,33.70036],[-116.19469,33.700365],[-116.19906,33.700386]]]]},"properties":{"name":"Coachella","geoid":"0614260","county":"Riverside","countyFP":"065"}},
{"type":"Feature","geometry":{"type":"Polygon","coordinates":[[[-116.30388600000002,33.72901],[-116.330087,33.728977],[-116.330052,33.743575],[-116.347537,33.7435],[-116.347532,33.728891],[-116.36068,33.728878],[-116.36073800000001,33.716117],[-116.36497499999999,33.71297400000001],[-116.37364900000001,33.711654],[-116.37294699999998,33.670718],[-116.32146600000002,33.670679],[-116.321068,33.699376],[-116.31242500000002,33.699422],[-116.29884600000001,33.70707],[-116.29889999999999,33.717662],[-116.2968,33.720996],[-116.30207700000001,33.72532000000001],[-116.30388600000002,33.72901]]]},"properties":{"name":"Indian Wells","geoid":"0636434","county":"Riverside","countyFP":"065"}},
{"type":"Feature","geometry":{"type":"Polygon","coordinates":[[[-116.32146600000002,33.670679],[-116.321458,33.612645],[-116.268103,33.612652],[-116.26812199999999,33.598182],[-116.28501999999999,33.598136],[-116.284938,33.583762],[-116.250317,33.583682],[-116.25030800000002,33.598187],[-116.233359,33.598236],[-116.233378,33.605552],[-116.229022,33.605578],[-116.229046,33.6165],[-116.22471500000002,33.616499],[-116.22468899999998,33.620231],[-116.23337100000002,33.619205],[-116.233463,33.642157],[-116.233997,33.656642],[-116.233892,33.67103600000001],[-116.2513,33.67102],[-116.251333,33.685361],[-116.26871099999998,33.685372],[-116.26873799999998,33.702715],[-116.27053300000001,33.707282],[-116.26636800000001,33.709833],[-116.264397,33.7147],[-116.27748100000001,33.714647],[-116.27751600000002,33.721914],[-116.26881300000001,33.721968],[-116.26882,33.729831000000004],[-116.266817,33.738317],[-116.267376,33.736497],[-116.27525600000001,33.736467],[-116.2754,33.729139],[-116.28627800000001,33.729117],[-116.286282,33.732811],[-116.298421,33.732712],[-116.29836500000002,33.736317],[-116.303864,33.738121],[-116.30388600000002,33.72901],[-116.30207700000001,33.72532000000001],[-116.2968,33.720996],[-116.29889999999999,33.717662],[-116.29884600000001,33.70707],[-116.31242500000002,33.699422],[-116.321068,33.699376],[-116.32146600000002,33.670679]]]},"properties":{"name":"La Quinta","geoid":"0640354","county":"Riverside","countyFP":"065"}},
{"type":"Feature","geometry":{"type":"Polygon","coordinates":[[[-116.477802,33.758139],[-116.477804,33.742689],[-116.46065900000002,33.742731],[-116.46005300000002,33.714079],[-116.425505,33.714138],[-116.408125,33.714193],[-116.408148,33.733107],[-116.40538500000001,33.732196],[-116.39555800000001,33.732529],[-116.39118599999999,33.73605],[-116.391179,33.757688],[-116.390788,33.772567],[-116.38818699999999,33.772575],[-116.38816500000001,33.801892],[-116.39685499999999,33.801823],[-116.39671900000002,33.809999],[-116.423377,33.825627],[-116.423306,33.816218000000006],[-116.431933,33.816112],[-116.432088,33.823324],[-116.436402,33.82327900000001],[-116.43644499999999,33.826935],[-116.440824,33.826859],[-116.440615,33.801501],[-116.449343,33.801472],[-116.449426,33.78697],[-116.440769,33.787003],[-116.44083100000002,33.779715],[-116.443068,33.77972],[-116.443093,33.773514],[-116.447351,33.776283],[-116.45393400000002,33.776360000000004],[-116.45383599999998,33.772567],[-116.461716,33.772568],[-116.46586999999998,33.769512],[-116.468111,33.764945],[-116.472804,33.76303],[-116.47315999999998,33.760038],[-116.477802,33.758139]],[[-116.423306,33.816218000000006],[-116.41050999999999,33.81633],[-116.40659599999998,33.808298],[-116.405963,33.801748],[-116.41027800000002,33.801725],[-116.410271,33.806722],[-116.415832,33.812213],[-116.42334200000002,33.812587],[-116.423306,33.816218000000006]]]},"properties":{"name":"Rancho Mirage","geoid":"0659500","county":"Riverside","countyFP":"065"}},
{"type":"Feature","geometry":{"type":"Polygon","coordinates":[[[-117.19002000000002,33.513428],[-117.173766,33.497648],[-117.16537900000002,33.497231],[-117.16244399999998,33.492331],[-117.155362,33.48851100000001],[-117.14914800000001,33.482049],[-117.148339,33.478599],[-117.14425400000002,33.475092],[-117.145604,33.473414],[-117.153052,33.471866],[-117.155851,33.469933],[-117.15546299999998,33.466268],[-117.15937400000001,33.4648],[-117.16741200000001,33.464501],[-117.20637100000002,33.450536],[-117.20641699999999,33.446651],[-117.19752900000002,33.446595],[-117.197552,33.442967],[-117.20644,33.443028],[-117.20652500000001,33.432129],[-117.178907,33.432308],[-117.15377199999999,33.432625],[-117.153479,33.44718],[-117.13675499999998,33.447158],[-117.136299,33.45254],[-117.137447,33.461125],[-117.12895600000002,33.453257],[-117.12420700000001,33.459249],[-117.115446,33.452488],[-117.107728,33.459579],[-117.09398100000001,33.448533],[-117.08733,33.448556],[-117.08732800000001,33.452219],[-117.083052,33.452202],[-117.083084,33.455801],[-117.07875600000001,33.455798],[-117.07878900000001,33.459308],[-117.083168,33.459609],[-117.08319000000002,33.464003],[-117.07064900000002,33.471248],[-117.07276900000001,33.474317],[-117.06820800000001,33.478963],[-117.063487,33.480904],[-117.064346,33.484329],[-117.05473900000001,33.48714],[-117.05523100000002,33.488395],[-117.06616399999999,33.485115],[-117.07441700000001,33.483834],[-117.07643800000001,33.491492],[-117.07161,33.49418],[-117.075392,33.50247],[-117.079096,33.504546],[-117.080616,33.507698],[-117.07992100000001,33.512322],[-117.08987099999999,33.50819],[-117.08969000000002,33.512967],[-117.09323000000002,33.518157],[-117.09825600000002,33.523051],[-117.10110000000002,33.529925],[-117.101119,33.539793],[-117.083792,33.539836],[-117.083798,33.554423],[-117.10109399999999,33.553902],[-117.120612,33.554113],[-117.122701,33.549304],[-117.12384600000001,33.540508],[-117.12894800000001,33.544348],[-117.13515900000002,33.539039],[-117.141941,33.541993],[-117.14263800000002,33.546736],[-117.14128,33.549539],[-117.15048700000001,33.543699],[-117.153362,33.546328],[-117.15972000000001,33.541426],[-117.16265699999998,33.544052],[-117.17257,33.536507],[-117.16824100000001,33.530065],[-117.19002000000002,33.513428]]]},"properties":{"name":"Temecula","geoid":"0678120","county":"Riverside","countyFP":"065"}},
{"type":"Feature","geometry":{"type":"Polygon","coordinates":[[[-116.45752900000001,33.946798],[-116.457502,33.96139],[-116.47503,33.961423],[-116.47539999999998,33.975325],[-116.492652,33.976018],[-116.49268699999999,33.983255],[-116.51887100000002,33.983265],[-116.51894600000001,33.990461],[-116.527728,33.990541],[-116.52749200000001,33.976084],[-116.541214,33.97613],[-116.54304000000002,33.983132],[-116.536323,33.988473],[-116.53786,33.99056],[-116.58022300000002,33.990995],[-116.582458,33.994481],[-116.586827,33.994248],[-116.58899,33.99052],[-116.597741,33.990044],[-116.61537000000001,33.990021],[-116.63268500000001,33.990645],[-116.632407,33.961431],[-116.632606,33.947345],[-116.615232,33.947333],[-116.615245,33.946401],[-116.59771800000001,33.946448],[-116.59772100000002,33.961015],[-116.588986,33.961422],[-116.545024,33.96146],[-116.54513000000001,33.954134],[-116.5363,33.9541],[-116.53633000000002,33.961494],[-116.527685,33.961503],[-116.52742299999998,33.946741],[-116.53164,33.946728],[-116.527515,33.940566],[-116.52761700000002,33.924922],[-116.536563,33.924902],[-116.536545,33.917696],[-116.545312,33.917598],[-116.54538900000001,33.903189],[-116.540088,33.903025],[-116.53055099999999,33.899706],[-116.52222,33.894507],[-116.50666000000001,33.881234],[-116.50369000000002,33.879752],[-116.50193800000001,33.882782],[-116.50162299999998,33.891382],[-116.50176400000001,33.917756],[-116.49302699999998,33.917683],[-116.493203,33.924998],[-116.50177000000001,33.924998],[-116.501747,33.93223],[-116.49746600000002,33.93222],[-116.497072,33.939481],[-116.475373,33.939529],[-116.475068,33.946858],[-116.45752900000001,33.946798]],[[-116.514547,33.975887],[-116.51019499999998,33.972371],[-116.51016199999998,33.968735],[-116.514513,33.968735],[-116.514547,33.975887]]]},"properties":{"name":"Desert Hot Springs","geoid":"0618996","county":"Riverside","countyFP":"065"}},
{"type":"Feature","geometry":{"type":"Polygon","coordinates":[[[-116.678174,33.922679],[-116.672631,33.916796],[-116.667529,33.914215],[-116.66730300000002,33.888139],[-116.684689,33.888074],[-116.68472300000002,33.859046],[-116.66728899999998,33.859085],[-116.66685699999998,33.873773],[-116.63260100000001,33.87378],[-116.63266,33.859161],[-116.614666,33.859197],[-116.614569,33.830169000000005],[-116.571644,33.830385],[-116.571656,33.823162],[-116.563072,33.823116],[-116.56291399999999,33.801416],[-116.56306100000002,33.772279],[-116.52994,33.772316],[-116.529934,33.761437],[-116.521614,33.761515],[-116.521633,33.772299],[-116.512946,33.772282],[-116.51288,33.713988],[-116.530246,33.713995],[-116.530193,33.684969],[-116.51217299999999,33.68494400000001],[-116.512122,33.655851],[-116.49497799999999,33.65602],[-116.494841,33.626914],[-116.47753099999998,33.62698],[-116.47754,33.612422],[-116.460159,33.612467],[-116.460147,33.641589],[-116.442812,33.641599],[-116.442845,33.656123],[-116.460184,33.656038],[-116.46005300000002,33.714079],[-116.46065900000002,33.742731],[-116.477804,33.742689],[-116.477802,33.758139],[-116.481324,33.76059],[-116.48151200000001,33.762446],[-116.47953300000002,33.768055],[-116.47553600000002,33.772426],[-116.47550400000002,33.781411],[-116.48641700000002,33.786822],[-116.48311199999999,33.794388],[-116.47983000000002,33.794271],[-116.479871,33.787427],[-116.46940300000001,33.786872],[-116.46693200000001,33.789501],[-116.471124,33.793822],[-116.475457,33.795914],[-116.475592,33.81591],[-116.488558,33.815879],[-116.48854600000001,33.819472],[-116.49300200000002,33.819456],[-116.49357200000001,33.871163],[-116.50369000000002,33.879752],[-116.50666000000001,33.881234],[-116.52222,33.894507],[-116.53055099999999,33.899706],[-116.540088,33.903025],[-116.54538900000001,33.903189],[-116.545312,33.917598],[-116.554056,33.917584],[-116.55401200000001,33.92485],[-116.570584,33.924827],[-116.57056,33.931916],[-116.580232,33.93206500000001],[-116.58014500000002,33.901069],[-116.60308699999999,33.900367],[-116.61491300000002,33.902376],[-116.61508,33.894629],[-116.589781,33.879674],[-116.58278800000001,33.874527],[-116.61526100000002,33.874708],[-116.615195,33.888165],[-116.632543,33.888159],[-116.63228299999999,33.899873],[-116.63254699999999,33.921873],[-116.63591899999999,33.923051],[-116.645312,33.923598],[-116.65670800000001,33.922034],[-116.671416,33.922905],[-116.678174,33.922679]]]},"properties":{"name":"Palm Springs","geoid":"0655254","county":"Riverside","countyFP":"065"}},
{"type":"Feature","geometry":{"type":"Polygon","coordinates":[[[-117.83140099999999,33.772952],[-117.83140099999999,33.750341],[-117.83439799999998,33.744666],[-117.843481,33.741966],[-117.84219,33.738823],[-117.842514,33.73377],[-117.83352999999998,33.73384],[-117.834055,33.726043],[-117.84465000000002,33.71555],[-117.83764000000001,33.71126],[-117.843253,33.705584],[-117.826565,33.694052],[-117.81963099999999,33.700577],[-117.81417800000001,33.69705],[-117.81255,33.693466],[-117.808412,33.695007],[-117.799807,33.703803],[-117.80377400000002,33.706538],[-117.80322000000001,33.71508],[-117.797933,33.721771],[-117.794985,33.719687],[-117.790656,33.723747],[-117.78805199999998,33.729252],[-117.779991,33.734906],[-117.768945,33.745983],[-117.76685000000002,33.74888],[-117.76395999999998,33.75844],[-117.75979599999998,33.76469],[-117.759943,33.769429],[-117.75853,33.773607],[-117.75854200000002,33.773606],[-117.76423600000001,33.773496],[-117.765372,33.769953],[-117.774478,33.763199],[-117.77341400000002,33.758624],[-117.77759600000002,33.754452],[-117.77799500000002,33.754049],[-117.78348499999998,33.746799],[-117.78621100000001,33.748644],[-117.795937,33.738866],[-117.80200300000001,33.738384],[-117.80596999999999,33.74302],[-117.806218,33.748424],[-117.80954000000001,33.75075],[-117.8143,33.748706],[-117.818482,33.748638],[-117.818419,33.752273],[-117.822431,33.752254],[-117.822466,33.758056],[-117.82040899999998,33.76349],[-117.822721,33.76617600000001],[-117.82982700000001,33.767149],[-117.83006,33.773067000000005],[-117.83140099999999,33.772952]]]},"properties":{"name":"Tustin","geoid":"0680854","county":"Orange","countyFP":"059"}},
{"type":"Feature","geometry":{"type":"Polygon","coordinates":[[[-118.028717,33.866242],[-118.037598,33.866013],[-118.03753600000002,33.862369],[-118.04188400000001,33.862332],[-118.041853,33.858715],[-118.046188,33.858688],[-118.04608199999998,33.853611],[-118.05040199999999,33.853539],[-118.05037499999999,33.849872],[-118.05472300000001,33.849821],[-118.05468699999999,33.846218],[-118.05892000000001,33.846196],[-118.04142200000001,33.835541],[-118.041465,33.839012],[-118.034946,33.83907],[-118.03284,33.844557],[-118.028549,33.84459400000001],[-118.02862200000001,33.850894],[-118.03729000000001,33.8508],[-118.03736,33.85366],[-118.03303299999999,33.853698],[-118.033155,33.858772],[-118.02852000000001,33.85881],[-118.028717,33.866242]]]},"properties":{"name":"La Palma","geoid":"0640256","county":"Orange","countyFP":"059"}},
{"type":"Feature","geometry":{"type":"Polygon","coordinates":[[[-118.06317,33.81968100000001],[-118.07283300000002,33.814856],[-118.08474400000001,33.80291],[-118.086228,33.796879],[-118.093029,33.786121],[-118.089243,33.785021],[-118.08614299999999,33.796404],[-118.08095,33.80299],[-118.07196,33.80303],[-118.07201000000002,33.78757],[-118.067625,33.784949],[-118.067643,33.781321],[-118.041727,33.781167],[-118.04151,33.792119],[-118.03711000000001,33.792097],[-118.037085,33.79452],[-118.032806,33.795671],[-118.03276800000002,33.800701],[-118.03709,33.80305],[-118.05445,33.80315],[-118.05455,33.81031],[-118.06305199999998,33.810423],[-118.06317,33.81968100000001]]]},"properties":{"name":"Los Alamitos","geoid":"0643224","county":"Orange","countyFP":"059"}},
{"type":"Feature","geometry":{"type":"Polygon","coordinates":[[[-117.62420400000002,33.672756],[-117.626731,33.669916],[-117.63743900000001,33.662893],[-117.64203500000002,33.662217],[-117.644109,33.658565],[-117.647392,33.658764],[-117.653189,33.656355],[-117.66064200000001,33.644035],[-117.664695,33.641066],[-117.68653,33.62184],[-117.69241,33.61748],[-117.695724,33.613389],[-117.69284699999999,33.610879],[-117.69466000000001,33.606812],[-117.68626,33.60202000000001],[-117.67738799999998,33.598474],[-117.67449,33.59631],[-117.67322500000002,33.578033],[-117.67639899999999,33.578026],[-117.67638,33.568626],[-117.67257099999999,33.568492],[-117.67390700000001,33.558598],[-117.673194,33.550405],[-117.67413200000001,33.543135],[-117.658992,33.533833],[-117.65901700000002,33.55605],[-117.65449000000001,33.562858000000006],[-117.65049000000002,33.570606],[-117.642758,33.577462],[-117.64006000000002,33.581327],[-117.64195500000001,33.582975],[-117.63943500000002,33.587098],[-117.638447,33.588913],[-117.639137,33.596238],[-117.63715100000002,33.596667],[-117.63409499999999,33.59972],[-117.62775400000001,33.612405],[-117.62618599999999,33.618996],[-117.626903,33.622244],[-117.62657699999998,33.636805],[-117.62492,33.639604],[-117.624933,33.669842],[-117.62138,33.668879],[-117.619615,33.672797],[-117.62420400000002,33.672756]]]},"properties":{"name":"Mission Viejo","geoid":"0648256","county":"Orange","countyFP":"059"}},
{"type":"Feature","geometry":{"type":"Polygon","coordinates":[[[-117.62138,33.668879],[-117.624933,33.669842],[-117.62492,33.639604],[-117.62657699999998,33.636805],[-117.626903,33.622244],[-117.62618599999999,33.618996],[-117.62775400000001,33.612405],[-117.63409499999999,33.59972],[-117.63715100000002,33.596667],[-117.63019400000002,33.595163],[-117.623692,33.598351],[-117.623026,33.601808],[-117.615604,33.60168],[-117.615339,33.598512],[-117.618814,33.587285],[-117.61102,33.58676],[-117.60655000000001,33.58901],[-117.60156300000001,33.589673],[-117.601685,33.594529],[-117.595049,33.598924],[-117.59619700000002,33.606169],[-117.594409,33.610581],[-117.596586,33.613994],[-117.596698,33.619656000000006],[-117.593658,33.622562],[-117.584051,33.639312],[-117.57952899999998,33.641763],[-117.574005,33.638295],[-117.57288100000001,33.630795],[-117.57098599999999,33.627722],[-117.570852,33.621205],[-117.569027,33.618351],[-117.57010100000001,33.612151],[-117.57356300000001,33.609174],[-117.56629900000001,33.612672],[-117.565904,33.618007],[-117.56018600000002,33.62748],[-117.55928300000001,33.634763],[-117.555114,33.64261],[-117.55625300000001,33.644177000000006],[-117.556242,33.651323],[-117.55209799999999,33.651363],[-117.55202500000001,33.656745],[-117.55621099999999,33.658528],[-117.556225,33.664646],[-117.564938,33.66462],[-117.564899,33.657432],[-117.57625300000001,33.657443],[-117.58274700000001,33.658301],[-117.589629,33.655458],[-117.59909,33.649],[-117.60375,33.650486],[-117.608768,33.655641],[-117.60726400000001,33.657982],[-117.60665900000001,33.664884],[-117.62138,33.668879]]]},"properties":{"name":"Rancho Santa Margarita","geoid":"0659587","county":"Orange","countyFP":"059"}},
{"type":"Feature","geometry":{"type":"Polygon","coordinates":[[[-117.612493,33.483496],[-117.613911,33.480088],[-117.623197,33.479582],[-117.625525,33.478569],[-117.63306800000001,33.478983],[-117.63804500000002,33.481081],[-117.64269000000002,33.478144],[-117.642641,33.471767],[-117.649566,33.467073],[-117.664553,33.468399],[-117.666447,33.466926],[-117.65495599999998,33.463284],[-117.65545,33.4598],[-117.65996999999999,33.45447],[-117.651322,33.448941],[-117.650111,33.445381],[-117.64492,33.440216],[-117.64655199999999,33.438137],[-117.63348200000001,33.428828],[-117.623281,33.417528],[-117.615345,33.410812],[-117.60788900000001,33.403581],[-117.59678000000001,33.383629],[-117.59620300000002,33.386895],[-117.57848000000001,33.453927],[-117.57333900000002,33.453339],[-117.571443,33.45597600000001],[-117.57119000000002,33.46099],[-117.57900299999999,33.464704],[-117.577824,33.46899],[-117.57339100000002,33.46899],[-117.573425,33.483423],[-117.57840500000002,33.483445],[-117.579874,33.490833],[-117.58292100000001,33.49077],[-117.59431800000002,33.484288],[-117.59498100000002,33.483499],[-117.612493,33.483496]]]},"properties":{"name":"San Clemente","geoid":"0665084","county":"Orange","countyFP":"059"}},
{"type":"Feature","geometry":{"type":"Polygon","coordinates":[[[-118.117803,33.739655],[-118.114394,33.740165],[-118.102754,33.736786],[-118.09747400000002,33.737066],[-118.09175800000001,33.731424],[-118.08379000000001,33.727079],[-118.07971800000001,33.723107],[-118.07057200000001,33.729758],[-118.04170000000002,33.729937],[-118.04191399999999,33.749684],[-118.04303700000001,33.752258],[-118.04293500000001,33.770585],[-118.04245700000001,33.774036],[-118.041727,33.781167],[-118.067643,33.781321],[-118.067625,33.784949],[-118.07201000000002,33.78757],[-118.07618,33.785938],[-118.07612999999999,33.78077],[-118.07216999999999,33.77797],[-118.07939600000002,33.774872],[-118.08633500000002,33.775396],[-118.089117,33.77791700000001],[-118.089243,33.785021],[-118.093029,33.786121],[-118.096392,33.779842],[-118.09706000000001,33.773723],[-118.092332,33.764532],[-118.09197000000002,33.758472],[-118.11323700000001,33.746985],[-118.117803,33.739655]]]},"properties":{"name":"Seal Beach","geoid":"0670686","county":"Orange","countyFP":"059"}},
{"type":"Feature","geometry":{"type":"Polygon","coordinates":[[[-117.798847,33.813123],[-117.80090400000002,33.818136],[-117.795747,33.817706],[-117.796042,33.823337],[-117.793782,33.826439],[-117.798429,33.830811],[-117.805055,33.830168],[-117.81288,33.824959],[-117.81799700000002,33.825149],[-117.82428200000001,33.826838],[-117.826261,33.82366600000001],[-117.823229,33.817629],[-117.82025300000001,33.805964],[-117.815703,33.80226],[-117.80980400000001,33.80703100000001],[-117.80892,33.810681],[-117.800885,33.810901],[-117.798847,33.813123]]]},"properties":{"name":"Villa Park","geoid":"0682744","county":"Orange","countyFP":"059"}},
{"type":"Feature","geometry":{"type":"Polygon","coordinates":[[[-117.75717100000001,33.585643],[-117.75480299999998,33.586517],[-117.74601700000001,33.58235100000001],[-117.743152,33.576912],[-117.74420600000002,33.574926],[-117.740857,33.572017],[-117.74354899999999,33.562843],[-117.735081,33.556966],[-117.73802500000001,33.553906],[-117.73698300000001,33.548695],[-117.733602,33.549817],[-117.72934600000002,33.545035],[-117.72345099999998,33.545942],[-117.721042,33.550643],[-117.716331,33.561051],[-117.71427,33.571220000000004],[-117.70939899999999,33.5693],[-117.70296,33.57151],[-117.70083600000001,33.56977],[-117.700952,33.572223],[-117.705389,33.574564],[-117.706923,33.579717],[-117.711757,33.583886],[-117.709002,33.585196],[-117.71616000000002,33.595916],[-117.716417,33.597616],[-117.71729899999998,33.601416],[-117.72243599999999,33.607121],[-117.72569899999999,33.606025],[-117.73230700000002,33.606048],[-117.733802,33.608883],[-117.739242,33.60724],[-117.748063,33.597735],[-117.75082000000002,33.59159],[-117.75717100000001,33.585643]]]},"properties":{"name":"Aliso Viejo","geoid":"0600947","county":"Orange","countyFP":"059"}},
{"type":"Feature","geometry":{"type":"Polygon","coordinates":[[[-118.04191399999999,33.749684],[-118.04170000000002,33.729937],[-118.07057200000001,33.729758],[-118.07971800000001,33.723107],[-118.066026,33.711084],[-118.06205400000002,33.708904],[-118.05431900000002,33.70179],[-118.03901699999999,33.685713],[-118.032133,33.679231],[-118.03428599999998,33.671683],[-118.020093,33.66488300000001],[-117.987724,33.643715],[-117.966092,33.63282],[-117.958939,33.62792900000001],[-117.957061,33.631773],[-117.954106,33.643183],[-117.953927,33.643734],[-117.951313,33.650644],[-117.95084399999999,33.652302],[-117.950686,33.652857],[-117.945132,33.672386],[-117.94471600000001,33.676084],[-117.94044,33.68681],[-117.98012,33.686783],[-117.98054000000002,33.71567],[-117.97178000000001,33.71576],[-117.97191700000002,33.719843],[-117.975441,33.722944],[-117.98897100000002,33.722867],[-117.98902299999999,33.726578],[-117.98072,33.726629],[-117.98073300000001,33.73034],[-117.98907300000002,33.730283],[-117.993853,33.737457],[-117.993909,33.741059],[-117.998203,33.741027],[-117.99815300000002,33.73738],[-118.00691,33.73735],[-118.00698,33.74444],[-118.01571,33.74434],[-118.01579600000001,33.750886],[-118.019097,33.753947],[-118.024657,33.755342],[-118.03335,33.755295],[-118.04191399999999,33.749684]],[[-118.06396099999999,33.711524],[-118.052088,33.711551],[-118.04681600000002,33.706922],[-118.0426,33.70643],[-118.038937,33.708009],[-118.030048,33.700981],[-118.020905,33.695015],[-118.01669300000002,33.69789],[-118.01500000000001,33.69367],[-118.01819,33.69277],[-118.01814000000002,33.68914],[-118.02673100000001,33.682711],[-118.034358,33.682143],[-118.053003,33.70195],[-118.06396099999999,33.711524]]]},"properties":{"name":"Huntington Beach","geoid":"0636000","county":"Orange","countyFP":"059"}},
{"type":"Feature","geometry":{"type":"Polygon","coordinates":[[[-117.69954200000001,33.659451],[-117.710373,33.646634],[-117.719972,33.628903],[-117.720888,33.628334],[-117.710134,33.616847],[-117.70340000000002,33.61096],[-117.69466000000001,33.606812],[-117.69284699999999,33.610879],[-117.695724,33.613389],[-117.69241,33.61748],[-117.68653,33.62184],[-117.664695,33.641066],[-117.66064200000001,33.644035],[-117.653189,33.656355],[-117.647392,33.658764],[-117.644109,33.658565],[-117.64203500000002,33.662217],[-117.63743900000001,33.662893],[-117.626731,33.669916],[-117.62420400000002,33.672756],[-117.62319899999999,33.674801],[-117.6206,33.68314],[-117.623576,33.685886],[-117.628244,33.692852],[-117.63426800000002,33.698126],[-117.6396,33.69982],[-117.642017,33.70378],[-117.647979,33.706176],[-117.654887,33.706675],[-117.678029,33.685031],[-117.69558199999999,33.664157],[-117.69954200000001,33.659451]]]},"properties":{"name":"Lake Forest","geoid":"0639496","county":"Orange","countyFP":"059"}},
{"type":"Feature","geometry":{"type":"Polygon","coordinates":[[[-118.028717,33.866242],[-118.02852000000001,33.85881],[-118.033155,33.858772],[-118.03303299999999,33.853698],[-118.03736,33.85366],[-118.03729000000001,33.8508],[-118.02862200000001,33.850894],[-118.028549,33.84459400000001],[-118.03284,33.844557],[-118.034946,33.83907],[-118.03276000000001,33.838209],[-118.032669,33.831789],[-118.02171100000001,33.831891],[-118.019656,33.830813],[-118.019514,33.817166],[-118.02810000000001,33.81703],[-118.02806,33.80983],[-118.01727000000001,33.80993],[-118.01734800000001,33.817187],[-118.015194,33.820472],[-118.01739300000001,33.822669],[-118.01417,33.826527],[-118.01312000000001,33.830439],[-118.007742,33.831917],[-118.002263,33.835678],[-117.986078,33.835785],[-117.98568999999999,33.839457],[-117.98049500000002,33.839506],[-117.98057900000002,33.854032],[-117.983016,33.857721],[-117.976562,33.859106],[-117.976276,33.864562],[-117.98066,33.864536],[-117.980639,33.859998],[-117.98503899999999,33.859972],[-117.985151,33.875529],[-117.97640300000002,33.873941],[-117.97662899999999,33.895561],[-117.98532700000001,33.895603],[-117.98968300000001,33.895494],[-117.994044,33.889379],[-118.00285500000001,33.888161],[-118.00275399999998,33.880894],[-118.01147400000002,33.880846],[-118.01138299999998,33.873431],[-118.028782,33.873322],[-118.028717,33.866242]]]},"properties":{"name":"Buena Park","geoid":"0608786","county":"Orange","countyFP":"059"}},
{"type":"Feature","geometry":{"type":"Polygon","coordinates":[[[-117.73226899999999,33.498128],[-117.731868,33.484591],[-117.726724,33.48353],[-117.715144,33.464598],[-117.71461700000002,33.459914],[-117.70703900000001,33.46028],[-117.70471800000001,33.458009],[-117.691355,33.454279],[-117.68951900000002,33.461167],[-117.681688,33.461572],[-117.67662400000002,33.459669],[-117.66471300000002,33.45214],[-117.658306,33.449494],[-117.64492,33.440216],[-117.650111,33.445381],[-117.651322,33.448941],[-117.65996999999999,33.45447],[-117.65545,33.4598],[-117.65495599999998,33.463284],[-117.666447,33.466926],[-117.67371,33.46663],[-117.679342,33.469056],[-117.678126,33.478271],[-117.68536700000001,33.480771],[-117.68409400000002,33.485029],[-117.686633,33.487293],[-117.700054,33.491228],[-117.70810299999998,33.488829],[-117.712854,33.49041],[-117.716841,33.494476],[-117.721924,33.494835],[-117.72566300000001,33.497459],[-117.72976200000001,33.496553],[-117.73226899999999,33.498128]]]},"properties":{"name":"Dana Point","geoid":"0617946","county":"Orange","countyFP":"059"}},
{"type":"Feature","geometry":{"type":"Polygon","coordinates":[[[-117.97191700000002,33.719843],[-117.97178000000001,33.71576],[-117.98054000000002,33.71567],[-117.98012,33.686783],[-117.94044,33.68681],[-117.934923,33.695741],[-117.920556,33.717423],[-117.915345,33.728826],[-117.915572,33.732858],[-117.924148,33.732837],[-117.92413000000002,33.73099],[-117.93658800000001,33.730846],[-117.941656,33.733508],[-117.945982,33.732483],[-117.963381,33.732639],[-117.96329800000001,33.73035],[-117.971958,33.730284],[-117.97191700000002,33.719843]]]},"properties":{"name":"Fountain Valley","geoid":"0625380","county":"Orange","countyFP":"059"}},
{"type":"Feature","geometry":{"type":"Polygon","coordinates":[[[-117.756355,33.610298],[-117.759679,33.606331],[-117.76157800000001,33.599609],[-117.76010499999998,33.594014],[-117.760394,33.588483],[-117.764014,33.574288],[-117.76464799999998,33.564459],[-117.769579,33.564141],[-117.772635,33.562281],[-117.77594,33.55365],[-117.78133,33.54889],[-117.786507,33.548787],[-117.791829,33.551957],[-117.79478900000001,33.549339],[-117.80173599999999,33.55412],[-117.80613799999999,33.552349],[-117.812421,33.554898],[-117.815683,33.558727],[-117.818287,33.554123],[-117.812632,33.554687],[-117.806422,33.552198],[-117.80493999999999,33.546706],[-117.80701700000002,33.544423],[-117.79378800000002,33.542325],[-117.78078800000002,33.534425],[-117.76398699999999,33.518026],[-117.76188700000002,33.513226],[-117.756343,33.50969],[-117.738687,33.487127],[-117.731868,33.484591],[-117.73226899999999,33.498128],[-117.73456500000002,33.498156],[-117.73448700000002,33.504568],[-117.73744800000001,33.505967],[-117.73477800000002,33.509134],[-117.739173,33.512817],[-117.74096900000002,33.512812],[-117.74099100000001,33.525268],[-117.749433,33.525232],[-117.75294900000002,33.527144],[-117.75415999999998,33.530519],[-117.75429,33.5417],[-117.74943000000002,33.5416],[-117.74937100000001,33.58194],[-117.76135999999998,33.58182],[-117.75717100000001,33.585643],[-117.75082000000002,33.59159],[-117.748063,33.597735],[-117.751597,33.598849],[-117.751726,33.606645],[-117.756355,33.610298]]]},"properties":{"name":"Laguna Beach","geoid":"0639178","county":"Orange","countyFP":"059"}},
{"type":"Feature","geometry":{"type":"Polygon","coordinates":[[[-117.74625999999999,33.621156],[-117.738971,33.613274],[-117.73605500000001,33.617526],[-117.731105,33.617481],[-117.73132000000001,33.6211],[-117.714376,33.620996],[-117.71044000000002,33.61499],[-117.71282199999999,33.609879],[-117.71037,33.60739],[-117.7059,33.60636],[-117.70301,33.60365],[-117.70155,33.59571],[-117.70675999999999,33.59321],[-117.716417,33.597616],[-117.71616000000002,33.595916],[-117.709002,33.585196],[-117.711757,33.583886],[-117.706923,33.579717],[-117.705389,33.574564],[-117.700952,33.572223],[-117.70083600000001,33.56977],[-117.69284400000001,33.562603],[-117.69262700000002,33.559916],[-117.685465,33.557372],[-117.67645000000002,33.563528],[-117.67638,33.568626],[-117.67639899999999,33.578026],[-117.67322500000002,33.578033],[-117.67449,33.59631],[-117.67738799999998,33.598474],[-117.68626,33.60202000000001],[-117.69466000000001,33.606812],[-117.70340000000002,33.61096],[-117.710134,33.616847],[-117.720888,33.628334],[-117.74121900000002,33.63105],[-117.743118,33.625508],[-117.74625999999999,33.621156]]]},"properties":{"name":"Laguna Hills","geoid":"0639220","county":"Orange","countyFP":"059"}},
{"type":"Feature","geometry":{"type":"Polygon","coordinates":[[[-117.756962,33.625289],[-117.75567299999999,33.621951],[-117.757881,33.617122],[-117.754056,33.612284],[-117.756355,33.610298],[-117.751726,33.606645],[-117.751597,33.598849],[-117.748063,33.597735],[-117.739242,33.60724],[-117.733802,33.608883],[-117.73230700000002,33.606048],[-117.72569899999999,33.606025],[-117.72243599999999,33.607121],[-117.71729899999998,33.601416],[-117.716417,33.597616],[-117.70675999999999,33.59321],[-117.70155,33.59571],[-117.70301,33.60365],[-117.7059,33.60636],[-117.71037,33.60739],[-117.71282199999999,33.609879],[-117.71044000000002,33.61499],[-117.714376,33.620996],[-117.73132000000001,33.6211],[-117.731105,33.617481],[-117.73605500000001,33.617526],[-117.738971,33.613274],[-117.74625999999999,33.621156],[-117.74782700000002,33.618987],[-117.756962,33.625289]]]},"properties":{"name":"Laguna Woods","geoid":"0639259","county":"Orange","countyFP":"059"}},
{"type":"Feature","geometry":{"type":"Polygon","coordinates":[[[-117.739173,33.512817],[-117.73477800000002,33.509134],[-117.73744800000001,33.505967],[-117.73448700000002,33.504568],[-117.73456500000002,33.498156],[-117.73226899999999,33.498128],[-117.72976200000001,33.496553],[-117.72566300000001,33.497459],[-117.721924,33.494835],[-117.716841,33.494476],[-117.712854,33.49041],[-117.70810299999998,33.488829],[-117.700054,33.491228],[-117.686633,33.487293],[-117.68417899999999,33.493138],[-117.686071,33.493717],[-117.683879,33.500545],[-117.677542,33.506139],[-117.67970400000002,33.51045],[-117.67915899999998,33.517954],[-117.68043,33.523235],[-117.683384,33.524656],[-117.68225400000001,33.528478],[-117.68352999999999,33.532537],[-117.68245400000002,33.538292],[-117.67413200000001,33.543135],[-117.673194,33.550405],[-117.67390700000001,33.558598],[-117.67257099999999,33.568492],[-117.67638,33.568626],[-117.67645000000002,33.563528],[-117.685465,33.557372],[-117.69262700000002,33.559916],[-117.69284400000001,33.562603],[-117.70083600000001,33.56977],[-117.70296,33.57151],[-117.70939899999999,33.5693],[-117.71427,33.571220000000004],[-117.716331,33.561051],[-117.721042,33.550643],[-117.719498,33.549408],[-117.72113500000002,33.543188],[-117.726683,33.538872],[-117.734677,33.540309],[-117.737001,33.539551],[-117.738257,33.532475],[-117.733153,33.520132],[-117.736678,33.512813],[-117.739173,33.512817]]]},"properties":{"name":"Laguna Niguel","geoid":"0639248","county":"Orange","countyFP":"059"}},
{"type":"Feature","geometry":{"type":"Polygon","coordinates":[[[-117.55233799999999,33.949989],[-117.549224,33.949606],[-117.54410200000001,33.952086],[-117.543594,33.955633],[-117.540633,33.9573],[-117.53412500000002,33.957349],[-117.525428,33.958601],[-117.52321700000002,33.960988],[-117.515733,33.962985],[-117.514244,33.966147],[-117.50580900000001,33.966231],[-117.50581799999999,33.967835],[-117.488516,33.9681],[-117.47558900000001,33.964668],[-117.461125,33.964536],[-117.45360200000002,33.966885],[-117.44838199999998,33.969028],[-117.440116,33.969328],[-117.43585400000002,33.968413],[-117.435826,33.968489],[-117.43173900000001,33.967731],[-117.421823,33.970224],[-117.410451,33.975685],[-117.405225,33.976576],[-117.39274900000001,33.98984],[-117.391405,33.995982],[-117.38448099999998,34.003993],[-117.378656,34.005521],[-117.37397,34.010526],[-117.367299,34.019354],[-117.37164800000001,34.019368],[-117.37541599999999,34.019399],[-117.375385,34.025407],[-117.377284,34.026718],[-117.37415800000001,34.030849],[-117.37534399999998,34.033875],[-117.383295,34.033889],[-117.39058700000001,34.033873],[-117.401494,34.034018],[-117.41448,34.034313000000004],[-117.435407,34.034227],[-117.453663,34.033617],[-117.52431299999999,34.033469],[-117.55023699999998,34.033472],[-117.55031699999999,33.99367],[-117.548863,33.984364],[-117.548914,33.957226],[-117.55233799999999,33.949989]]]},"properties":{"name":"Jurupa Valley","geoid":"0637692","county":"Riverside","countyFP":"065"}},
{"type":"Feature","geometry":{"type":"Polygon","coordinates":[[[-117.983016,33.857721],[-117.98057900000002,33.854032],[-117.98049500000002,33.839506],[-117.98568999999999,33.839457],[-117.986078,33.835785],[-118.002263,33.835678],[-118.007742,33.831917],[-118.01312000000001,33.830439],[-118.01417,33.826527],[-118.01739300000001,33.822669],[-118.015194,33.820472],[-118.01734800000001,33.817187],[-118.01727000000001,33.80993],[-118.011806,33.809982],[-118.005784,33.813675],[-117.99766100000001,33.813751],[-117.995512,33.815646],[-117.97580999999998,33.815771],[-117.980182,33.813925],[-117.980151,33.810283000000005],[-117.97432900000001,33.811333],[-117.971937,33.810361],[-117.96759,33.810402],[-117.967638,33.827665],[-117.96332799999999,33.828803],[-117.96030100000002,33.827631],[-117.96328000000001,33.821354],[-117.958914,33.814687],[-117.958882,33.806775],[-117.963233,33.806735],[-117.963222,33.803098],[-117.94141600000002,33.803081],[-117.94124199999999,33.792296],[-117.93472399999999,33.792333],[-117.932594,33.795977],[-117.928279,33.798742],[-117.923869,33.796053],[-117.91735,33.796081],[-117.91724000000002,33.792427],[-117.914886,33.788947],[-117.91048,33.788855],[-117.904126,33.792502],[-117.891384,33.791904],[-117.895558,33.796129],[-117.889184,33.796125],[-117.88917600000002,33.793625],[-117.88126199999999,33.79305],[-117.87880699999998,33.799452],[-117.87190999999999,33.812862],[-117.86471900000001,33.833953],[-117.863438,33.835463],[-117.85799000000002,33.841731],[-117.85847300000002,33.843619],[-117.85069,33.847134],[-117.849924,33.845428],[-117.845163,33.846823],[-117.836401,33.84713],[-117.834474,33.839099],[-117.82158200000002,33.834519],[-117.81432800000002,33.838291],[-117.80979500000001,33.837049],[-117.80677400000002,33.838757],[-117.80177299999998,33.838772],[-117.79940900000001,33.836195],[-117.788649,33.835171],[-117.78389600000001,33.832664],[-117.776412,33.830619],[-117.77251300000002,33.832529],[-117.767533,33.832714],[-117.765207,33.834603],[-117.76140700000002,33.831889],[-117.76057599999999,33.827478],[-117.74716600000002,33.825781],[-117.732363,33.843189],[-117.72904100000001,33.845627],[-117.725184,33.844881],[-117.722326,33.841466],[-117.72063700000001,33.829992],[-117.71473999999999,33.827044],[-117.71284600000001,33.832616],[-117.70905000000002,33.828212],[-117.70266700000002,33.829004],[-117.699658,33.834434],[-117.702527,33.83674],[-117.697301,33.845175],[-117.70059300000001,33.847701],[-117.697277,33.856181],[-117.69491500000001,33.856612],[-117.68849500000002,33.853405],[-117.68566499999999,33.854735],[-117.68666,33.860203],[-117.67967200000001,33.863211],[-117.674555,33.862134],[-117.67505300000002,33.868725],[-117.68392099999998,33.870973],[-117.69100900000001,33.873284],[-117.697252,33.872904],[-117.710857,33.86701],[-117.716318,33.866252],[-117.72561200000001,33.867302],[-117.73797300000001,33.87083],[-117.744563,33.870242],[-117.75,33.87733],[-117.75917,33.87474],[-117.76780000000001,33.87346],[-117.77097999999998,33.87192],[-117.777568,33.865305],[-117.781068,33.863475],[-117.79047799999998,33.86235],[-117.79127000000001,33.865557],[-117.80294300000001,33.874061],[-117.805932,33.871919],[-117.817293,33.870188],[-117.81843300000001,33.862044],[-117.828315,33.861018],[-117.831262,33.864233],[-117.837056,33.864167],[-117.837107,33.868172],[-117.86529800000001,33.868656],[-117.867711,33.86716400000001],[-117.86718699999999,33.863749],[-117.87033100000001,33.862025],[-117.86880100000002,33.857738],[-117.884977,33.853613],[-117.88313200000002,33.859742],[-117.889385,33.859693],[-117.90237200000001,33.854213],[-117.906713,33.854223],[-117.90687000000001,33.86319],[-117.919884,33.863115],[-117.919887,33.854541],[-117.967937,33.854258],[-117.97466,33.856305],[-117.97649399999999,33.85419],[-117.983016,33.857721]]]},"properties":{"name":"Anaheim","geoid":"0602000","county":"Orange","countyFP":"059"}},
{"type":"Feature","geometry":{"type":"Polygon","coordinates":[[[-117.953927,33.643734],[-117.954106,33.643183],[-117.945125,33.643342],[-117.94526899999998,33.647794],[-117.94174999999998,33.647824],[-117.943627,33.643334],[-117.94482000000002,33.640501],[-117.942751,33.637427],[-117.93936800000002,33.632422],[-117.931836,33.631584],[-117.92750899999999,33.632079],[-117.91757399999999,33.625171],[-117.91479999999999,33.627963],[-117.91146400000001,33.625644],[-117.89923200000001,33.637953],[-117.90195500000002,33.64089],[-117.89815700000001,33.644711],[-117.89861500000002,33.648576],[-117.89511,33.652034],[-117.89046700000002,33.652359],[-117.889899,33.652937],[-117.888398,33.654447],[-117.891925,33.656658],[-117.887626,33.660984],[-117.89434999999999,33.665661],[-117.88920600000002,33.670629],[-117.88324000000001,33.665397],[-117.879409,33.663573],[-117.86724,33.682614],[-117.864008,33.686248],[-117.868569,33.688619],[-117.867728,33.691939],[-117.86822000000001,33.69408],[-117.89216000000002,33.69412],[-117.89217000000001,33.6964],[-117.90782400000002,33.696307],[-117.91939999999998,33.69559],[-117.91946,33.70209],[-117.929533,33.701981],[-117.93928400000001,33.687082],[-117.942262,33.681024],[-117.945132,33.672386],[-117.950686,33.652857],[-117.95084399999999,33.652302],[-117.951313,33.650644],[-117.953927,33.643734]]]},"properties":{"name":"Costa Mesa","geoid":"0616532","county":"Orange","countyFP":"059"}},
{"type":"Feature","geometry":{"type":"Polygon","coordinates":[[[-118.06123,33.833314],[-118.06332199999999,33.831541],[-118.06326800000001,33.824107],[-118.06317,33.81968100000001],[-118.06305199999998,33.810423],[-118.05455,33.81031],[-118.05445,33.80315],[-118.03709,33.80305],[-118.03276800000002,33.800701],[-118.032806,33.795671],[-118.037085,33.79452],[-118.03711000000001,33.792097],[-118.01108500000001,33.791998],[-118.011048,33.799187],[-118.01068000000001,33.806277],[-118.011806,33.809982],[-118.01727000000001,33.80993],[-118.02806,33.80983],[-118.02810000000001,33.81703],[-118.019514,33.817166],[-118.019656,33.830813],[-118.02171100000001,33.831891],[-118.032669,33.831789],[-118.03276000000001,33.838209],[-118.034946,33.83907],[-118.041465,33.839012],[-118.04142200000001,33.835541],[-118.05892000000001,33.846196],[-118.05904000000001,33.846195],[-118.059038,33.845634],[-118.059005,33.838852],[-118.058988,33.835207],[-118.06123,33.833314]]]},"properties":{"name":"Cypress","geoid":"0617750","county":"Orange","countyFP":"059"}},
{"type":"Feature","geometry":{"type":"Polygon","coordinates":[[[-117.97657500000001,33.906406],[-117.97659300000001,33.90281],[-117.98540500000001,33.902766],[-117.98532700000001,33.895603],[-117.97662899999999,33.895561],[-117.97640300000002,33.873941],[-117.985151,33.875529],[-117.98503899999999,33.859972],[-117.980639,33.859998],[-117.98066,33.864536],[-117.976276,33.864562],[-117.976562,33.859106],[-117.983016,33.857721],[-117.97649399999999,33.85419],[-117.97466,33.856305],[-117.967937,33.854258],[-117.919887,33.854541],[-117.919884,33.863115],[-117.90687000000001,33.86319],[-117.906713,33.854223],[-117.90237200000001,33.854213],[-117.889385,33.859693],[-117.88313200000002,33.859742],[-117.876958,33.880973],[-117.87374300000002,33.884064],[-117.86738,33.88275],[-117.86544,33.88931],[-117.87305000000002,33.89187],[-117.876724,33.890384],[-117.876752,33.896359],[-117.87237800000001,33.898197],[-117.87245000000001,33.90367],[-117.863877,33.907404],[-117.86392000000001,33.909236],[-117.876721,33.910784],[-117.888568,33.910483],[-117.887959,33.907107],[-117.911352,33.906684],[-117.91562200000001,33.908336],[-117.915627,33.917362],[-117.922163,33.917386],[-117.922163,33.921002],[-117.92433599999998,33.924395],[-117.93304200000001,33.924608],[-117.93238,33.913703],[-117.94174300000002,33.913715],[-117.94169800000002,33.908609],[-117.94682600000002,33.909075],[-117.95003900000002,33.906468],[-117.97657500000001,33.906406]]]},"properties":{"name":"Fullerton","geoid":"0628000","county":"Orange","countyFP":"059"}},
{"type":"Feature","geometry":{"type":"Polygon","coordinates":[[[-118.041727,33.781167],[-118.04245700000001,33.774036],[-117.99427700000001,33.773849],[-117.98981900000001,33.766537],[-117.981129,33.76661000000001],[-117.981071,33.759335],[-117.96366700000002,33.759472],[-117.959252,33.752197],[-117.946225,33.7523],[-117.945982,33.732483],[-117.941656,33.733508],[-117.943877,33.737074],[-117.941772,33.741395],[-117.94189000000001,33.752338],[-117.93755499999999,33.752376],[-117.93763299999999,33.759635],[-117.91155600000002,33.759823],[-117.91152,33.756203],[-117.90707,33.753518],[-117.907252,33.763489],[-117.90291,33.764738],[-117.90300900000001,33.77262],[-117.898682,33.773786],[-117.898627,33.768989],[-117.89427700000002,33.769001],[-117.89435300000001,33.774479],[-117.89743299999999,33.774467],[-117.89750000000001,33.788918],[-117.90468,33.788882],[-117.904126,33.792502],[-117.91048,33.788855],[-117.914886,33.788947],[-117.91724000000002,33.792427],[-117.91735,33.796081],[-117.923869,33.796053],[-117.928279,33.798742],[-117.932594,33.795977],[-117.93472399999999,33.792333],[-117.94124199999999,33.792296],[-117.94141600000002,33.803081],[-117.963222,33.803098],[-117.971919,33.803076],[-117.971919,33.80568900000001],[-117.97348600000001,33.805667],[-117.97563799999999,33.803066],[-117.976447,33.803058],[-117.97728300000001,33.803051],[-117.984458,33.802984],[-117.988819,33.800745],[-117.988556,33.795667],[-117.98420900000002,33.795691],[-117.98414400000001,33.790007],[-117.98661200000001,33.788409],[-117.984116,33.787517],[-117.988407,33.782124],[-117.98830200000002,33.773819],[-117.99872400000001,33.774693],[-117.99928500000001,33.791971],[-118.001559,33.791954],[-118.001651,33.79923300000001],[-118.011048,33.799187],[-118.01108500000001,33.791998],[-118.03711000000001,33.792097],[-118.04151,33.792119],[-118.041727,33.781167]]]},"properties":{"name":"Garden Grove","geoid":"0629000","county":"Orange","countyFP":"059"}},
{"type":"Feature","geometry":{"type":"Polygon","coordinates":[[[-117.904126,33.792502],[-117.90468,33.788882],[-117.89750000000001,33.788918],[-117.89743299999999,33.774467],[-117.89435300000001,33.774479],[-117.88811700000001,33.773627],[-117.88196700000002,33.784012],[-117.87614900000001,33.778552],[-117.867292,33.778623],[-117.86732,33.775009],[-117.84881,33.774853],[-117.840098,33.776948],[-117.839013,33.773249],[-117.83140099999999,33.772952],[-117.83006,33.773067000000005],[-117.82707699999999,33.773236],[-117.81835199999999,33.773476],[-117.81713,33.773485],[-117.81403100000001,33.773498],[-117.80534,33.773516],[-117.80545599999999,33.777453],[-117.80426,33.777967],[-117.80310300000001,33.78483],[-117.79364500000001,33.786958],[-117.79500400000002,33.783964],[-117.784839,33.780178],[-117.780799,33.781617],[-117.77757200000002,33.787813],[-117.77463000000002,33.78788],[-117.77313500000001,33.784409],[-117.762155,33.776768],[-117.76423600000001,33.773496],[-117.75854200000002,33.773606],[-117.753956,33.779033],[-117.7472,33.779397],[-117.74588499999999,33.776589],[-117.73567600000001,33.769191],[-117.733565,33.771375],[-117.73345199999999,33.77588],[-117.73763400000001,33.77677],[-117.73895899999998,33.782007],[-117.734948,33.787965],[-117.744137,33.792089],[-117.74684800000001,33.790306],[-117.756008,33.794656],[-117.761184,33.7963],[-117.76608800000001,33.801677],[-117.76614899999998,33.823954],[-117.74708200000002,33.824146000000006],[-117.74716600000002,33.825781],[-117.76057599999999,33.827478],[-117.76140700000002,33.831889],[-117.765207,33.834603],[-117.767533,33.832714],[-117.77251300000002,33.832529],[-117.776412,33.830619],[-117.78389600000001,33.832664],[-117.788649,33.835171],[-117.79940900000001,33.836195],[-117.80177299999998,33.838772],[-117.80677400000002,33.838757],[-117.80979500000001,33.837049],[-117.81432800000002,33.838291],[-117.82158200000002,33.834519],[-117.834474,33.839099],[-117.836401,33.84713],[-117.845163,33.846823],[-117.849924,33.845428],[-117.858817,33.839068],[-117.85873,33.834935],[-117.863438,33.835463],[-117.86471900000001,33.833953],[-117.87190999999999,33.812862],[-117.87880699999998,33.799452],[-117.88126199999999,33.79305],[-117.88917600000002,33.793625],[-117.889184,33.796125],[-117.895558,33.796129],[-117.891384,33.791904],[-117.904126,33.792502]],[[-117.815703,33.80226],[-117.82025300000001,33.805964],[-117.823229,33.817629],[-117.826261,33.82366600000001],[-117.82428200000001,33.826838],[-117.81799700000002,33.825149],[-117.81288,33.824959],[-117.805055,33.830168],[-117.798429,33.830811],[-117.793782,33.826439],[-117.796042,33.823337],[-117.795747,33.817706],[-117.80090400000002,33.818136],[-117.798847,33.813123],[-117.79781799999999,33.810456],[-117.802495,33.807254],[-117.808866,33.806761],[-117.808866,33.798698],[-117.814254,33.798714],[-117.815703,33.80226]],[[-117.809626,33.791222],[-117.80569900000002,33.793218],[-117.799165,33.792236],[-117.79917299999998,33.788632],[-117.80632999999999,33.788654],[-117.809626,33.791222]],[[-117.790776,33.804066],[-117.78351,33.81358],[-117.779221,33.814184],[-117.77801,33.81024],[-117.77875300000001,33.803745],[-117.782408,33.801415],[-117.78185499999998,33.793382],[-117.784927,33.793338],[-117.785431,33.799119],[-117.78873300000001,33.799536],[-117.790776,33.804066]]]},"properties":{"name":"Orange","geoid":"0653980","county":"Orange","countyFP":"059"}},
{"type":"Feature","geometry":{"type":"Polygon","coordinates":[[[-117.88313200000002,33.859742],[-117.884977,33.853613],[-117.86880100000002,33.857738],[-117.87033100000001,33.862025],[-117.86718699999999,33.863749],[-117.867711,33.86716400000001],[-117.86529800000001,33.868656],[-117.837107,33.868172],[-117.837056,33.864167],[-117.831262,33.864233],[-117.828315,33.861018],[-117.81843300000001,33.862044],[-117.817293,33.870188],[-117.81626,33.87222],[-117.826144,33.87217],[-117.83147200000002,33.874197],[-117.83432200000001,33.876984],[-117.83436000000002,33.879913],[-117.83147000000001,33.87996],[-117.83154100000002,33.885593],[-117.83733999999998,33.885534],[-117.83796300000002,33.89013],[-117.84443399999999,33.88824],[-117.845832,33.903962],[-117.842184,33.903995],[-117.842413,33.910146000000005],[-117.846,33.905738],[-117.855079,33.90565],[-117.855133,33.907511],[-117.863877,33.907404],[-117.87245000000001,33.90367],[-117.87237800000001,33.898197],[-117.876752,33.896359],[-117.876724,33.890384],[-117.87305000000002,33.89187],[-117.86544,33.88931],[-117.86738,33.88275],[-117.87374300000002,33.884064],[-117.876958,33.880973],[-117.88313200000002,33.859742]],[[-117.83436000000002,33.879913],[-117.84159,33.87979],[-117.841564,33.882672],[-117.834389,33.882748],[-117.83436000000002,33.879913]]]},"properties":{"name":"Placentia","geoid":"0657526","county":"Orange","countyFP":"059"}},
{"type":"Feature","geometry":{"type":"Polygon","coordinates":[[[-117.686633,33.487293],[-117.68409400000002,33.485029],[-117.68536700000001,33.480771],[-117.678126,33.478271],[-117.679342,33.469056],[-117.67371,33.46663],[-117.666447,33.466926],[-117.664553,33.468399],[-117.649566,33.467073],[-117.642641,33.471767],[-117.64269000000002,33.478144],[-117.63804500000002,33.481081],[-117.63306800000001,33.478983],[-117.625525,33.478569],[-117.623197,33.479582],[-117.613911,33.480088],[-117.612493,33.483496],[-117.617135,33.494159],[-117.61592099999999,33.494991],[-117.62196,33.50763],[-117.62274000000001,33.5122],[-117.61980699999998,33.51919],[-117.628838,33.517682],[-117.63067,33.51641],[-117.63725300000002,33.520445],[-117.64759399999998,33.526791],[-117.658992,33.533833],[-117.67413200000001,33.543135],[-117.68245400000002,33.538292],[-117.68352999999999,33.532537],[-117.68225400000001,33.528478],[-117.683384,33.524656],[-117.68043,33.523235],[-117.67915899999998,33.517954],[-117.67970400000002,33.51045],[-117.677542,33.506139],[-117.683879,33.500545],[-117.686071,33.493717],[-117.68417899999999,33.493138],[-117.686633,33.487293]]]},"properties":{"name":"San Juan Capistrano","geoid":"0668028","county":"Orange","countyFP":"059"}},
{"type":"Feature","geometry":{"type":"Polygon","coordinates":[[[-117.89435300000001,33.774479],[-117.89427700000002,33.769001],[-117.898627,33.768989],[-117.898682,33.773786],[-117.90300900000001,33.77262],[-117.90291,33.764738],[-117.907252,33.763489],[-117.90707,33.753518],[-117.91152,33.756203],[-117.91155600000002,33.759823],[-117.93763299999999,33.759635],[-117.93755499999999,33.752376],[-117.94189000000001,33.752338],[-117.941772,33.741395],[-117.943877,33.737074],[-117.941656,33.733508],[-117.93658800000001,33.730846],[-117.92413000000002,33.73099],[-117.924148,33.732837],[-117.915572,33.732858],[-117.915345,33.728826],[-117.91658299999999,33.722654],[-117.920424,33.715568],[-117.929533,33.701981],[-117.91946,33.70209],[-117.91939999999998,33.69559],[-117.90782400000002,33.696307],[-117.89217000000001,33.6964],[-117.89216000000002,33.69412],[-117.86822000000001,33.69408],[-117.867728,33.691939],[-117.855434,33.704699],[-117.84872800000001,33.700077],[-117.843253,33.705584],[-117.83764000000001,33.71126],[-117.84465000000002,33.71555],[-117.834055,33.726043],[-117.83352999999998,33.73384],[-117.842514,33.73377],[-117.84219,33.738823],[-117.843481,33.741966],[-117.83439799999998,33.744666],[-117.83140099999999,33.750341],[-117.83140099999999,33.772952],[-117.839013,33.773249],[-117.840098,33.776948],[-117.84881,33.774853],[-117.86732,33.775009],[-117.867292,33.778623],[-117.87614900000001,33.778552],[-117.88196700000002,33.784012],[-117.88811700000001,33.773627],[-117.89435300000001,33.774479]]]},"properties":{"name":"Santa Ana","geoid":"0669000","county":"Orange","countyFP":"059"}},
{"type":"Feature","geometry":{"type":"Polygon","coordinates":[[[-118.04245700000001,33.774036],[-118.04293500000001,33.770585],[-118.04303700000001,33.752258],[-118.04191399999999,33.749684],[-118.03335,33.755295],[-118.024657,33.755342],[-118.019097,33.753947],[-118.01579600000001,33.750886],[-118.01571,33.74434],[-118.00698,33.74444],[-118.00691,33.73735],[-117.99815300000002,33.73738],[-117.998203,33.741027],[-117.993909,33.741059],[-117.98933800000002,33.740186],[-117.9893,33.73746],[-117.993853,33.737457],[-117.98907300000002,33.730283],[-117.98073300000001,33.73034],[-117.98072,33.726629],[-117.98902299999999,33.726578],[-117.98897100000002,33.722867],[-117.975441,33.722944],[-117.97191700000002,33.719843],[-117.971958,33.730284],[-117.96329800000001,33.73035],[-117.963381,33.732639],[-117.945982,33.732483],[-117.946225,33.7523],[-117.959252,33.752197],[-117.96366700000002,33.759472],[-117.981071,33.759335],[-117.981129,33.76661000000001],[-117.98981900000001,33.766537],[-117.99427700000001,33.773849],[-118.04245700000001,33.774036]],[[-117.98947000000001,33.75019],[-117.98795,33.752026],[-117.97666500000001,33.752094],[-117.976612,33.7448],[-117.98348099999998,33.74471],[-117.983432,33.741131],[-117.989244,33.742256],[-117.98947000000001,33.75019]]]},"properties":{"name":"Westminster","geoid":"0684550","county":"Orange","countyFP":"059"}},
{"type":"Feature","geometry":{"type":"MultiPolygon","coordinates":[[[[-117.83436000000002,33.879913],[-117.834389,33.882748],[-117.841564,33.882672],[-117.84159,33.87979],[-117.83436000000002,33.879913]]],[[[-117.842413,33.910146000000005],[-117.842184,33.903995],[-117.845832,33.903962],[-117.84443399999999,33.88824],[-117.83796300000002,33.89013],[-117.83733999999998,33.885534],[-117.83154100000002,33.885593],[-117.83147000000001,33.87996],[-117.83436000000002,33.879913],[-117.83432200000001,33.876984],[-117.83147200000002,33.874197],[-117.826144,33.87217],[-117.81626,33.87222],[-117.817293,33.870188],[-117.805932,33.871919],[-117.80294300000001,33.874061],[-117.79127000000001,33.865557],[-117.79147600000002,33.869774],[-117.786589,33.871428],[-117.786358,33.866449],[-117.78116000000001,33.866096],[-117.781068,33.863475],[-117.777568,33.865305],[-117.77097999999998,33.87192],[-117.76780000000001,33.87346],[-117.75917,33.87474],[-117.75,33.87733],[-117.744563,33.870242],[-117.73797300000001,33.87083],[-117.72561200000001,33.867302],[-117.716318,33.866252],[-117.710857,33.86701],[-117.697252,33.872904],[-117.69100900000001,33.873284],[-117.68392099999998,33.870973],[-117.68502800000002,33.875704],[-117.68756499999999,33.876711],[-117.68788399999998,33.882897],[-117.73254499999999,33.910334],[-117.73258900000002,33.903061],[-117.746511,33.903048],[-117.74599,33.893835],[-117.7526,33.89317],[-117.75861299999998,33.895423],[-117.75889499999998,33.903443],[-117.75342400000001,33.903186],[-117.753345,33.910933],[-117.75770599999998,33.913315],[-117.762168,33.913298],[-117.769581,33.908408],[-117.779708,33.908466],[-117.783384,33.906672],[-117.80067999999999,33.906809],[-117.80066100000002,33.909942],[-117.81500100000001,33.909957],[-117.821437,33.907428],[-117.826751,33.910379],[-117.825907,33.913027],[-117.822121,33.914783],[-117.82675300000001,33.918252],[-117.83507599999999,33.918439],[-117.83692100000002,33.910063],[-117.842413,33.910146000000005]],[[-117.800089,33.887911],[-117.79520000000001,33.88863],[-117.795502,33.885483],[-117.792137,33.883243],[-117.791926,33.878884],[-117.797272,33.874941],[-117.800089,33.887911]]]]},"properties":{"name":"Yorba Linda","geoid":"0686832","county":"Orange","countyFP":"059"}},
{"type":"Feature","geometry":{"type":"Polygon","coordinates":[[[-117.440604,34.354237],[-117.433458,34.354191],[-117.43345000000001,34.358433],[-117.42860999999999,34.358469],[-117.42480399999998,34.361558],[-117.42485099999999,34.368918],[-117.41626400000001,34.368828],[-117.41637,34.376078],[-117.41769,34.379245],[-117.40975100000001,34.379179],[-117.40859599999999,34.38303],[-117.399803,34.383094],[-117.40715800000001,34.390274],[-117.403707,34.390364],[-117.399061,34.394245],[-117.396827,34.397753],[-117.39691399999998,34.40129],[-117.39443299999999,34.404845],[-117.38816700000001,34.404899],[-117.388145,34.412155],[-117.381563,34.412215],[-117.38146500000002,34.40488],[-117.372696,34.404886],[-117.372664,34.401288],[-117.367217,34.401271],[-117.36387100000002,34.397663],[-117.35957100000002,34.397704],[-117.359697,34.404866],[-117.37156000000002,34.404873],[-117.371598,34.408529],[-117.36411499999998,34.408512],[-117.36190100000002,34.410335],[-117.356924,34.410357],[-117.355274,34.407032],[-117.355025,34.368705],[-117.36370900000001,34.368846],[-117.36367000000001,34.361537],[-117.35497199999999,34.361522],[-117.35118000000001,34.365317],[-117.346294,34.365783],[-117.34633400000001,34.368625],[-117.31154,34.369138],[-117.289682,34.369129],[-117.289703,34.365522],[-117.29843299999999,34.365532],[-117.29843899999999,34.36192],[-117.30276800000001,34.361909],[-117.30273200000002,34.355435],[-117.311517,34.354638],[-117.311516,34.35101100000001],[-117.315816,34.350908],[-117.315809,34.347299],[-117.324544,34.347133],[-117.32448500000001,34.343621],[-117.32887700000002,34.343531],[-117.328757,34.340026],[-117.33297300000001,34.340038],[-117.33298200000002,34.336384],[-117.35051600000001,34.336344],[-117.35047,34.329082],[-117.354913,34.32904400000001],[-117.35488700000002,34.3254],[-117.36139,34.32545],[-117.361369,34.321834],[-117.37008699999998,34.321848],[-117.371154,34.326342],[-117.37444300000001,34.327273],[-117.37658400000001,34.32275],[-117.38086,34.322744],[-117.38092800000001,34.319719],[-117.376582,34.318966],[-117.37661700000001,34.314533],[-117.38084700000002,34.307321],[-117.38520700000001,34.307316],[-117.38532699999999,34.303574],[-117.36349899999999,34.30364],[-117.363513,34.316686],[-117.350317,34.31425],[-117.350245,34.309226],[-117.345981,34.311024],[-117.33524600000001,34.311037],[-117.335229,34.307485],[-117.32791100000001,34.307551],[-117.320082,34.311163],[-117.30952099999999,34.311118],[-117.309112,34.307714],[-117.29366,34.307595],[-117.293649,34.311178],[-117.259025,34.31096],[-117.25879799999998,34.32596900000001],[-117.276196,34.325795],[-117.27626900000001,34.333086],[-117.28941600000002,34.332951],[-117.28945500000002,34.336547],[-117.28506900000001,34.33658500000001],[-117.28509800000002,34.340122],[-117.27197500000001,34.340257],[-117.271986,34.343821000000005],[-117.25419799999999,34.344058],[-117.248061,34.347307],[-117.24800099999999,34.350535],[-117.25348900000002,34.350416],[-117.254664,34.358447],[-117.26341299999999,34.35834],[-117.263467,34.369199],[-117.241544,34.369606],[-117.241796,34.405852],[-117.23775000000002,34.405907],[-117.23821000000001,34.434981],[-117.241986,34.43494],[-117.242183,34.445828],[-117.246426,34.445802],[-117.24661600000002,34.453068],[-117.25091500000002,34.453041],[-117.251016,34.456669],[-117.25533600000001,34.458302],[-117.25546,34.470944],[-117.283698,34.471043],[-117.34601900000001,34.470462],[-117.37175,34.43757300000001],[-117.38606300000001,34.437541],[-117.386069,34.435586],[-117.397452,34.442329],[-117.404031,34.445434],[-117.41775699999998,34.426705],[-117.40811200000002,34.426724],[-117.408167,34.404992],[-117.417076,34.404936],[-117.416971,34.397564],[-117.42549300000002,34.397544],[-117.42497100000001,34.375854],[-117.4292,34.375763],[-117.428174,34.368962],[-117.43344000000002,34.369032],[-117.43343200000001,34.36516],[-117.437831,34.363367],[-117.437829,34.357876],[-117.440604,34.354237]]]},"properties":{"name":"Hesperia","geoid":"0633434","county":"San Bernardino","countyFP":"071"}},
{"type":"Feature","geometry":{"type":"Polygon","coordinates":[[[-117.26869000000002,34.580698],[-117.281857,34.565855],[-117.28248099999999,34.556645],[-117.282193,34.535938],[-117.28698499999999,34.533324],[-117.282096,34.52911],[-117.27922300000002,34.523885],[-117.272112,34.51872],[-117.264412,34.515842],[-117.25996200000002,34.510554],[-117.259124,34.502089],[-117.253679,34.493722000000005],[-117.252185,34.488138],[-117.25419799999999,34.480959],[-117.253557,34.475953],[-117.25546,34.470944],[-117.25533600000001,34.458302],[-117.251016,34.456669],[-117.25091500000002,34.453041],[-117.24661600000002,34.453068],[-117.246426,34.445802],[-117.242183,34.445828],[-117.241986,34.43494],[-117.23821000000001,34.434981],[-117.23383799999999,34.435028],[-117.229492,34.436889],[-117.231715,34.442318],[-117.207616,34.442545],[-117.207435,34.42803],[-117.189939,34.428051],[-117.189977,34.435272],[-117.17257999999998,34.435443],[-117.172692,34.464436],[-117.15519200000001,34.46461],[-117.155272,34.511767],[-117.155627,34.553189],[-117.15389800000001,34.556815],[-117.153932,34.57156],[-117.17144,34.57161],[-117.171578,34.593653],[-117.16284900000001,34.593671],[-117.16293,34.60103],[-117.154186,34.601053],[-117.15424600000001,34.615837],[-117.171806,34.615818],[-117.17180100000002,34.645196],[-117.21507600000001,34.64545],[-117.218112,34.644317],[-117.23088799999998,34.627483],[-117.26248,34.58759],[-117.26869000000002,34.580698]],[[-117.231263,34.608427],[-117.224811,34.608483],[-117.22476200000001,34.623099],[-117.215925,34.62304400000001],[-117.216051,34.63781],[-117.207173,34.637784],[-117.206974,34.601031],[-117.23019399999998,34.601063],[-117.231263,34.608427]]]},"properties":{"name":"Apple Valley","geoid":"0602364","county":"San Bernardino","countyFP":"071"}},
{"type":"Feature","geometry":{"type":"MultiPolygon","coordinates":[[[[-117.16507699999998,34.142216],[-117.165068,34.145974],[-117.16934300000001,34.146155],[-117.16935700000002,34.14257800000001],[-117.17364200000002,34.142765],[-117.173626,34.149903],[-117.19124899999998,34.150158],[-117.19132099999999,34.146599],[-117.19999800000001,34.146531],[-117.19978,34.15738],[-117.20861,34.157309000000005],[-117.208773,34.150227],[-117.22618,34.150598],[-117.22617299999999,34.164761000000006],[-117.243762,34.165065000000006],[-117.243844,34.170353],[-117.252473,34.170576],[-117.257679,34.16952],[-117.262251,34.165007],[-117.26135900000001,34.175782],[-117.265737,34.175801],[-117.265726,34.179267],[-117.261324,34.179289],[-117.261279,34.182857],[-117.2438,34.182641],[-117.243786,34.179069],[-117.235047,34.179513],[-117.226454,34.179036],[-117.226229,34.193478],[-117.243749,34.193474],[-117.24382800000001,34.189825],[-117.24817299999998,34.189852],[-117.24818700000002,34.193425],[-117.261176,34.193575],[-117.261208,34.19001],[-117.269785,34.190047],[-117.26968100000002,34.193604],[-117.274108,34.193691],[-117.274439,34.201011],[-117.278822,34.201146],[-117.279003,34.207989],[-117.286299,34.207914],[-117.28760099999998,34.200984],[-117.283134,34.20106400000001],[-117.280732,34.197392],[-117.27878,34.190975],[-117.29625600000001,34.190804],[-117.29733399999999,34.183877],[-117.30972,34.189215],[-117.30930100000002,34.19348300000001],[-117.304752,34.193548],[-117.304857,34.20081],[-117.313588,34.200905],[-117.31357100000001,34.197206],[-117.31994500000002,34.197242],[-117.32510600000002,34.194231],[-117.33161699999998,34.200871],[-117.329831,34.211911],[-117.32688999999999,34.211803],[-117.32672599999998,34.21865300000001],[-117.32205399999998,34.218443],[-117.321638,34.22164],[-117.33513100000002,34.222356],[-117.33439000000001,34.230075],[-117.33924,34.23006],[-117.33983699999999,34.226165],[-117.34823200000001,34.226497],[-117.348242,34.222926],[-117.339492,34.222499],[-117.339587,34.218997],[-117.335409,34.219065],[-117.33565700000001,34.208426],[-117.348218,34.208421],[-117.356979,34.215607],[-117.36844099999999,34.215689],[-117.37258,34.213362],[-117.376274,34.21588200000001],[-117.373505,34.219695],[-117.379371,34.223664],[-117.385617,34.222339000000005],[-117.384709,34.228324],[-117.39300100000001,34.226839],[-117.398878,34.219876],[-117.36394600000001,34.192749],[-117.36597999999998,34.188941],[-117.37420599999999,34.18357],[-117.376153,34.187662],[-117.373333,34.195553],[-117.38236300000001,34.201908],[-117.386165,34.201903],[-117.38537199999999,34.206735],[-117.387141,34.208663],[-117.40050499999998,34.219042],[-117.40246700000002,34.213166],[-117.392046,34.203678],[-117.38017,34.179367],[-117.3802,34.174534],[-117.37042600000001,34.174507],[-117.36548699999999,34.16847],[-117.363707,34.174456],[-117.35166100000001,34.174309],[-117.35983500000002,34.166138],[-117.353429,34.166112],[-117.34648300000002,34.169722],[-117.33109699999999,34.153551],[-117.331125,34.136159],[-117.33820099999998,34.13697],[-117.345295,34.142878],[-117.34579900000001,34.138443],[-117.34862500000001,34.136009],[-117.348608,34.121371],[-117.342456,34.117889],[-117.348584,34.115886],[-117.352938,34.116801],[-117.352917,34.101433],[-117.357276,34.099552],[-117.357244,34.090474],[-117.359401,34.085012],[-117.344077,34.085031],[-117.339988,34.086617],[-117.33930200000002,34.092338],[-117.333719,34.091831],[-117.33222299999998,34.094363],[-117.325432,34.09527],[-117.32534300000002,34.092179],[-117.320082,34.092144],[-117.318344,34.088521],[-117.313861,34.08851000000001],[-117.313866,34.084892],[-117.309284,34.084981],[-117.303803,34.077257],[-117.30490900000001,34.071246],[-117.300521,34.068653],[-117.29555400000001,34.068207],[-117.29466700000002,34.065489],[-117.28756900000002,34.063969],[-117.287405,34.050777000000004],[-117.27804000000002,34.051901],[-117.271201,34.05516],[-117.26934,34.064116],[-117.264501,34.064412],[-117.25070300000002,34.066902],[-117.24370199999998,34.067096],[-117.24372500000001,34.085384],[-117.233558,34.092116],[-117.226142,34.09209],[-117.22614300000001,34.094289],[-117.217456,34.09713],[-117.21528900000001,34.099231],[-117.208775,34.099098],[-117.2088,34.10263100000001],[-117.20882499999999,34.10619],[-117.22619999999999,34.106757],[-117.22620900000001,34.110379],[-117.23198000000001,34.110374],[-117.237112,34.108455],[-117.23926099999998,34.111851],[-117.24807800000002,34.108331],[-117.24961600000002,34.10456],[-117.259718,34.104584],[-117.278787,34.104599],[-117.27795600000002,34.109284],[-117.266833,34.107402],[-117.266419,34.112983],[-117.261012,34.112972],[-117.260996,34.115762],[-117.256598,34.115762],[-117.257052,34.110204],[-117.251562,34.110205],[-117.252526,34.121313],[-117.25853999999998,34.121325],[-117.26476,34.122527],[-117.26568499999999,34.128631],[-117.25669599999999,34.128633],[-117.25675600000001,34.133415],[-117.250923,34.132331],[-117.248026,34.135859],[-117.24368000000001,34.135866],[-117.24367,34.12858],[-117.23929,34.128579],[-117.241452,34.123369],[-117.232747,34.123241],[-117.22728,34.121282],[-117.22729000000001,34.128572],[-117.230634,34.130493],[-117.230645,34.134983],[-117.22183499999998,34.135814],[-117.22184900000002,34.128557],[-117.217449,34.126734],[-117.213137,34.127077],[-117.21312,34.132153],[-117.208934,34.132094],[-117.208751,34.128516],[-117.195543,34.128514],[-117.19555100000001,34.132124],[-117.20217,34.132143],[-117.202151,34.135772],[-117.187313,34.135726],[-117.18543200000002,34.133932],[-117.171954,34.137068],[-117.170918,34.139194],[-117.16507699999998,34.142216]],[[-117.312,34.174345],[-117.31201000000001,34.175503],[-117.30054900000002,34.17556],[-117.30054100000001,34.171866],[-117.296183,34.171903],[-117.295003,34.164674],[-117.30438,34.16458500000001],[-117.309233,34.166606],[-117.311408,34.169772],[-117.312,34.174345]],[[-117.264465,34.153979],[-117.261657,34.154065],[-117.26125600000002,34.161344],[-117.25685,34.159915],[-117.25676500000002,34.14675],[-117.264441,34.146754],[-117.264465,34.153979]],[[-117.252455,34.152185],[-117.25243200000001,34.157637],[-117.24358499999998,34.157568],[-117.238812,34.153965],[-117.23930500000002,34.152154],[-117.230624,34.152208],[-117.230588,34.149424],[-117.246607,34.14916],[-117.252418,34.144094],[-117.252455,34.152185]],[[-117.250546,34.138589],[-117.24949200000002,34.140377],[-117.243699,34.141303],[-117.243756,34.146736],[-117.233497,34.148198],[-117.230594,34.146717],[-117.230573,34.136841],[-117.234959,34.136848],[-117.239313,34.138558],[-117.250546,34.138589]]],[[[-117.443116,34.242499],[-117.439389,34.237366],[-117.436312,34.240388],[-117.443116,34.242499]]]]},"properties":{"name":"San Bernardino","geoid":"0665000","county":"San Bernardino","countyFP":"071"}},
{"type":"Feature","geometry":{"type":"Polygon","coordinates":[[[-117.45100899999998,34.506485],[-117.45094900000001,34.484783],[-117.468716,34.484954],[-117.46864,34.477672],[-117.44703299999999,34.477354],[-117.43477700000001,34.477554],[-117.43459399999999,34.463237],[-117.408381,34.463029],[-117.408481,34.455826],[-117.41714000000002,34.455795],[-117.417125,34.451169],[-117.404031,34.445434],[-117.397452,34.442329],[-117.386069,34.435586],[-117.38606300000001,34.437541],[-117.37175,34.43757300000001],[-117.34601900000001,34.470462],[-117.283698,34.471043],[-117.25546,34.470944],[-117.253557,34.475953],[-117.25419799999999,34.480959],[-117.258891,34.481403],[-117.26844200000001,34.478331],[-117.27731700000001,34.478299],[-117.277552,34.514659],[-117.280137,34.51464],[-117.283591,34.52664500000001],[-117.286536,34.529131],[-117.28698499999999,34.533324],[-117.282193,34.535938],[-117.28248099999999,34.556645],[-117.281857,34.565855],[-117.26869000000002,34.580698],[-117.268736,34.586315],[-117.290193,34.586687],[-117.325828,34.586321],[-117.32573099999999,34.593629],[-117.331949,34.593637],[-117.33132100000002,34.587435],[-117.332308,34.583362],[-117.327903,34.576483],[-117.330059,34.574199],[-117.334422,34.576429000000005],[-117.33448099999998,34.58388],[-117.338892,34.585141],[-117.33887600000001,34.58637],[-117.34942999999998,34.601153],[-117.351052,34.608466],[-117.35317000000002,34.608437],[-117.35642,34.626537],[-117.356583,34.644659],[-117.35914500000001,34.64519],[-117.386226,34.645474],[-117.392,34.645258],[-117.39165699999998,34.615815],[-117.38989900000001,34.615827],[-117.38990800000002,34.601226],[-117.40083,34.60119],[-117.400737,34.579312],[-117.398518,34.579307],[-117.398485,34.572045],[-117.37424,34.57222],[-117.37405600000001,34.557275],[-117.36409000000002,34.557221],[-117.364239,34.543],[-117.399376,34.543133],[-117.399542,34.50668],[-117.45100899999998,34.506485]],[[-117.38182599999999,34.511051],[-117.381776,34.51397],[-117.364337,34.514009],[-117.364337,34.507719],[-117.38064600000001,34.507696],[-117.38182599999999,34.511051]],[[-117.36426400000002,34.499473],[-117.359137,34.506711],[-117.351183,34.506723],[-117.346771,34.504919],[-117.3345,34.505093],[-117.334562,34.493657],[-117.33615300000001,34.490197],[-117.34135900000001,34.486226],[-117.346788,34.486159],[-117.346786,34.492215],[-117.360109,34.492198],[-117.360077,34.49945],[-117.36426400000002,34.499473]]]},"properties":{"name":"Victorville","geoid":"0682590","county":"San Bernardino","countyFP":"071"}},
{"type":"Feature","geometry":{"type":"Polygon","coordinates":[[[-117.802539,33.975551],[-117.802445,33.968308],[-117.793667,33.968135],[-117.793551,33.953822],[-117.783252,33.946261],[-117.77466000000001,33.940196],[-117.748687,33.921814],[-117.73253200000002,33.911352],[-117.73254499999999,33.910334],[-117.68788399999998,33.882897],[-117.679303,33.877621],[-117.67301899999998,33.871039],[-117.670537,33.874264],[-117.67264899999999,33.876644],[-117.668816,33.880549],[-117.67041200000001,33.883242],[-117.676286,33.888815],[-117.654885,33.888815],[-117.65537500000002,33.924343],[-117.658314,33.92911900000001],[-117.674019,33.946871],[-117.666233,33.949058],[-117.67327099999999,33.955917],[-117.674812,33.959985],[-117.679406,33.962406],[-117.683363,33.968934],[-117.68729200000001,33.971425],[-117.69126400000002,33.976802],[-117.69719400000001,33.98277],[-117.708956,33.982728],[-117.715069,33.98765],[-117.720899,33.986974],[-117.720926,33.989865],[-117.716513,33.990654],[-117.72067699999998,33.995161],[-117.725983,34.00367],[-117.733762,34.011499],[-117.74600500000001,34.020119],[-117.767631,34.023509],[-117.767654,34.019386],[-117.76704600000001,34.011193],[-117.767525,34.004695],[-117.785033,34.004854],[-117.802539,33.975551]]]},"properties":{"name":"Chino Hills","geoid":"0613214","county":"San Bernardino","countyFP":"071"}},
{"type":"Feature","geometry":{"type":"Polygon","coordinates":[[[-117.261012,34.112972],[-117.26105599999998,34.106198],[-117.259718,34.104584],[-117.24961600000002,34.10456],[-117.24807800000002,34.108331],[-117.23926099999998,34.111851],[-117.237112,34.108455],[-117.23198000000001,34.110374],[-117.22620900000001,34.110379],[-117.22619999999999,34.106757],[-117.20882499999999,34.10619],[-117.2088,34.10263100000001],[-117.199417,34.102586],[-117.199875,34.099037],[-117.15649899999998,34.098805],[-117.134527,34.099076],[-117.134567,34.091814],[-117.11243100000002,34.091392],[-117.112441,34.089434],[-117.105083,34.089002],[-117.103342,34.091183],[-117.09475999999998,34.091254],[-117.094995,34.076801],[-117.06858300000002,34.077017],[-117.06869100000002,34.078229],[-117.06032600000002,34.082104],[-117.064537,34.084156],[-117.064484,34.087775],[-117.06887800000001,34.087755],[-117.068882,34.091313],[-117.086122,34.091264],[-117.08611800000001,34.09855],[-117.094827,34.098488],[-117.094963,34.105702],[-117.09925900000002,34.105697],[-117.09945,34.109347],[-117.121282,34.10930400000001],[-117.12574600000002,34.109713],[-117.12586199999998,34.116707],[-117.139139,34.117014],[-117.139262,34.134894],[-117.16507600000001,34.135325],[-117.16507699999998,34.142216],[-117.170918,34.139194],[-117.171954,34.137068],[-117.18543200000002,34.133932],[-117.187313,34.135726],[-117.202151,34.135772],[-117.20217,34.132143],[-117.19555100000001,34.132124],[-117.195543,34.128514],[-117.208751,34.128516],[-117.208934,34.132094],[-117.21312,34.132153],[-117.213137,34.127077],[-117.217449,34.126734],[-117.22184900000002,34.128557],[-117.22183499999998,34.135814],[-117.230645,34.134983],[-117.230634,34.130493],[-117.22729000000001,34.128572],[-117.22728,34.121282],[-117.232747,34.123241],[-117.241452,34.123369],[-117.23929,34.128579],[-117.24367,34.12858],[-117.25240200000002,34.128613],[-117.252526,34.121313],[-117.251562,34.110205],[-117.257052,34.110204],[-117.256598,34.115762],[-117.260996,34.115762],[-117.261012,34.112972]]]},"properties":{"name":"Highland","geoid":"0633588","county":"San Bernardino","countyFP":"071"}},
{"type":"Feature","geometry":{"type":"Polygon","coordinates":[[[-117.735344,34.0188],[-117.73051500000001,34.018849],[-117.72864,34.022432],[-117.724212,34.022447],[-117.721056,34.026137],[-117.71769100000002,34.02336],[-117.71545800000001,34.018916],[-117.716474,34.011648],[-117.733762,34.011499],[-117.725983,34.00367],[-117.72067699999998,33.995161],[-117.716513,33.990654],[-117.720926,33.989865],[-117.720899,33.986974],[-117.715069,33.98765],[-117.708956,33.982728],[-117.69719400000001,33.98277],[-117.69126400000002,33.976802],[-117.68729200000001,33.971425],[-117.683363,33.968934],[-117.679406,33.962406],[-117.674812,33.959985],[-117.67327099999999,33.955917],[-117.666233,33.949058],[-117.674019,33.946871],[-117.658314,33.92911900000001],[-117.65537500000002,33.924343],[-117.65538599999998,33.925114],[-117.610947,33.925114],[-117.610943,33.971807],[-117.599802,33.975312],[-117.606813,33.975408],[-117.606825,33.983324],[-117.650627,33.98305800000001],[-117.650628,34.019331],[-117.654483,34.019313],[-117.65456899999998,34.0301],[-117.656755,34.031968],[-117.678542,34.031833],[-117.680748,34.035433],[-117.68076500000001,34.048356],[-117.689539,34.047752],[-117.69175900000002,34.047641],[-117.691697,34.040818],[-117.70479000000002,34.040747],[-117.702539,34.035284],[-117.71348800000001,34.038856],[-117.713472,34.035218],[-117.717786,34.033396],[-117.71338099999998,34.027991],[-117.719914,34.027959],[-117.71995600000001,34.033393],[-117.72802600000001,34.033534],[-117.73012500000002,34.021371],[-117.735344,34.0188]]]},"properties":{"name":"Chino","geoid":"0613210","county":"San Bernardino","countyFP":"071"}},
{"type":"Feature","geometry":{"type":"MultiPolygon","coordinates":[[[[-114.519739,33.662732],[-114.554398,33.66207000000001],[-114.554318,33.657765],[-114.557264,33.654714],[-114.56124,33.647146],[-114.554153,33.647411],[-114.553828,33.632914],[-114.59956200000002,33.632136],[-114.59758400000001,33.638419],[-114.597757,33.646725],[-114.615035,33.64644],[-114.615246,33.653674],[-114.619686,33.653668],[-114.61986499999999,33.660906],[-114.61546000000001,33.660978],[-114.615871,33.686377],[-114.629159,33.68621],[-114.636089,33.687049],[-114.642156,33.68932],[-114.64201300000002,33.682319],[-114.644228,33.682289],[-114.64407700000001,33.675122],[-114.65059199999999,33.675144],[-114.65046000000001,33.667834],[-114.65912400000002,33.667826],[-114.65898300000002,33.660705],[-114.62861499999998,33.660806],[-114.62814500000002,33.639011],[-114.626505,33.631766],[-114.61044100000001,33.631973],[-114.610162,33.619234],[-114.614532,33.617331],[-114.614268,33.610111],[-114.62745500000001,33.60998],[-114.627531,33.613537],[-114.63618000000001,33.613563],[-114.640136,33.61722],[-114.65361500000002,33.617232],[-114.65373899999999,33.620902],[-114.658099,33.620926],[-114.657854,33.61361],[-114.67073,33.613621],[-114.67076300000001,33.617287],[-114.692328,33.617266],[-114.692313,33.609867],[-114.69051,33.606823],[-114.68175700000002,33.60623],[-114.669458,33.606377],[-114.62348300000001,33.606303],[-114.60755800000001,33.606644],[-114.6075,33.599279],[-114.60325200000001,33.601172],[-114.587937,33.601417000000005],[-114.587899,33.599578],[-114.579224,33.599749],[-114.579153,33.59612],[-114.57482600000002,33.596191],[-114.574632,33.588915],[-114.544233,33.589362],[-114.54533,33.583172],[-114.543901,33.579062],[-114.544913,33.573227],[-114.544316,33.568782],[-114.535776,33.568925],[-114.540652,33.58287200000001],[-114.540179,33.588502],[-114.540308,33.588777],[-114.540617,33.591412],[-114.537493,33.594895],[-114.531051,33.604482],[-114.526782,33.608831],[-114.522071,33.611277],[-114.522367,33.614172],[-114.527378,33.617828],[-114.531215,33.623913],[-114.531034,33.628213],[-114.52637,33.630259],[-114.523802,33.6347],[-114.524862,33.638675000000006],[-114.547138,33.638724],[-114.543876,33.641676],[-114.534466,33.641439],[-114.528546,33.643091],[-114.533215,33.648443],[-114.533194,33.65166],[-114.530583,33.654461],[-114.525163,33.655939],[-114.518337,33.655927],[-114.514057,33.660179],[-114.519739,33.662732]]],[[[-114.938122,33.569123],[-114.93806400000001,33.565543],[-114.933791,33.565534],[-114.93381600000001,33.55465],[-114.916439,33.554679],[-114.91632399999999,33.547425],[-114.91197900000002,33.547409],[-114.912103,33.554662],[-114.89035500000001,33.554709],[-114.890302,33.569209],[-114.938122,33.569123]]]]},"properties":{"name":"Blythe","geoid":"0607218","county":"Riverside","countyFP":"065"}},
{"type":"Feature","geometry":{"type":"MultiPolygon","coordinates":[[[[-116.18151000000002,33.704042],[-116.18594400000002,33.704044],[-116.185946,33.700371],[-116.181551,33.700402],[-116.18151000000002,33.704042]]],[[[-116.283772,33.812888],[-116.292167,33.812829],[-116.29218000000002,33.816536],[-116.30127,33.816467],[-116.301228,33.803855],[-116.301142,33.798329],[-116.28557800000002,33.798368],[-116.283247,33.79518],[-116.283342,33.772939],[-116.28631100000001,33.772922],[-116.28642700000002,33.758359],[-116.29394900000001,33.759025],[-116.29508300000002,33.757023],[-116.285189,33.753883],[-116.26680099999999,33.746131],[-116.268427,33.743749],[-116.266817,33.738317],[-116.26882,33.729831000000004],[-116.26881300000001,33.721968],[-116.27751600000002,33.721914],[-116.27748100000001,33.714647],[-116.264397,33.7147],[-116.26636800000001,33.709833],[-116.27053300000001,33.707282],[-116.26873799999998,33.702715],[-116.26871099999998,33.685372],[-116.251333,33.685361],[-116.2513,33.67102],[-116.233892,33.67103600000001],[-116.21644400000001,33.671011],[-116.216526,33.685514],[-116.213248,33.685498],[-116.21217400000002,33.693093],[-116.21647100000001,33.693187],[-116.21645299999999,33.70035],[-116.19906,33.700386],[-116.19469,33.700365],[-116.190285,33.70036],[-116.19029,33.705839],[-116.194653,33.707621],[-116.194716,33.722227],[-116.18166999999998,33.722252],[-116.181646,33.729549],[-116.17288000000002,33.729478],[-116.16418000000002,33.726466],[-116.164178,33.74708],[-116.1743,33.773189],[-116.177443,33.780483],[-116.19628300000001,33.78045],[-116.19628,33.773198],[-116.18149199999999,33.773216],[-116.18153400000001,33.745478],[-116.186285,33.747066],[-116.194521,33.74606],[-116.199358,33.749724],[-116.203693,33.751212],[-116.204331,33.754846],[-116.21168,33.758464],[-116.22981600000001,33.758468],[-116.229797,33.761756],[-116.234049,33.761341],[-116.242054,33.765273],[-116.248674,33.770235],[-116.25251299999998,33.774686],[-116.260439,33.777577],[-116.265911,33.77784],[-116.26578300000001,33.802034],[-116.28333899999998,33.801966],[-116.283772,33.812888]]]]},"properties":{"name":"Indio","geoid":"0636448","county":"Riverside","countyFP":"065"}},
{"type":"Feature","geometry":{"type":"Polygon","coordinates":[[[-117.243879,33.859029],[-117.24825000000001,33.860574],[-117.25486500000001,33.869896],[-117.262424,33.870142],[-117.26105800000002,33.866223],[-117.25500600000001,33.852112],[-117.25007899999999,33.844064],[-117.24970300000001,33.84045],[-117.233298,33.80106],[-117.24820500000001,33.801061],[-117.24825600000001,33.804608],[-117.25256,33.804613],[-117.252593,33.808234],[-117.261276,33.808187],[-117.26125699999999,33.793733],[-117.257439,33.793729],[-117.26121,33.786504],[-117.25904399999999,33.782883],[-117.258942,33.772389],[-117.25195500000001,33.77562000000001],[-117.24848799999998,33.779283],[-117.24371900000001,33.779273],[-117.24372500000001,33.772009],[-117.24958900000001,33.772061],[-117.249599,33.746621],[-117.25176399999998,33.742957000000004],[-117.26254200000001,33.742816],[-117.262342,33.735624],[-117.25814899999999,33.735681],[-117.25813699999999,33.713869],[-117.258004,33.713872],[-117.24063899999999,33.71414600000001],[-117.240649,33.721421],[-117.23545900000002,33.723265],[-117.23413899999998,33.720537],[-117.23057,33.720584],[-117.231574,33.71596],[-117.22330299999999,33.714066],[-117.22352100000002,33.743034],[-117.193301,33.742995],[-117.19317000000001,33.735814],[-117.184744,33.735657],[-117.184828,33.742972],[-117.180444,33.742963],[-117.18045700000002,33.746588],[-117.18474800000001,33.745913],[-117.18476900000002,33.750327],[-117.189188,33.750342],[-117.189057,33.754296],[-117.184739,33.754918],[-117.180403,33.757643],[-117.17997499999998,33.77215],[-117.19117099999998,33.772129],[-117.19139000000001,33.786654],[-117.19118300000001,33.815728],[-117.205659,33.8157],[-117.20659000000002,33.822912],[-117.19995300000001,33.822959],[-117.19994999999999,33.830236],[-117.19559200000002,33.830255],[-117.195612,33.826608],[-117.17962299999999,33.826621],[-117.17899500000001,33.830279],[-117.190535,33.841838],[-117.198135,33.844657],[-117.20436999999998,33.844628],[-117.204581,33.859099],[-117.21238800000002,33.858712],[-117.243839,33.859031],[-117.243879,33.859029]]]},"properties":{"name":"Perris","geoid":"0656700","county":"Riverside","countyFP":"065"}},
{"type":"Feature","geometry":{"type":"Polygon","coordinates":[[[-117.118546,32.591287],[-117.11446099999999,32.593255],[-117.116823,32.605284],[-117.11976299999999,32.605254],[-117.12686400000001,32.644153],[-117.133264,32.675952],[-117.163921,32.693635],[-117.16665299999998,32.698344],[-117.180042,32.702267],[-117.18085499999998,32.703587],[-117.188517,32.70590200000001],[-117.189355,32.712433],[-117.19100300000001,32.71523],[-117.19613,32.71608],[-117.203761,32.711953],[-117.213889,32.709123],[-117.221304,32.699853],[-117.22569599999999,32.69632800000001],[-117.226534,32.69038],[-117.224163,32.686938],[-117.22022799999999,32.68663],[-117.211663,32.68995],[-117.20722500000001,32.690299],[-117.192907,32.6879],[-117.199834,32.675416],[-117.17525700000002,32.676336],[-117.17423300000002,32.675527],[-117.21033200000001,32.638698],[-117.202229,32.62504],[-117.20011799999999,32.618775],[-117.192914,32.618553],[-117.19307400000001,32.585958],[-117.132966,32.585633],[-117.12175600000002,32.588984],[-117.118546,32.591287]]]},"properties":{"name":"Coronado","geoid":"0616378","county":"San Diego","countyFP":"073"}},
{"type":"Feature","geometry":{"type":"MultiPolygon","coordinates":[[[[-117.023725,33.180605],[-117.016924,33.17969500000001],[-117.016934,33.181987],[-117.023725,33.180605]]],[[[-117.145788,33.16831],[-117.145868,33.16440200000001],[-117.14162100000001,33.163296],[-117.13785899999999,33.16055],[-117.136038,33.160545],[-117.128937,33.159489],[-117.128928,33.156986],[-117.12137500000001,33.152578000000005],[-117.12206900000001,33.149706],[-117.119011,33.14794],[-117.114643,33.152620000000006],[-117.11043100000002,33.152656],[-117.10658299999999,33.13908],[-117.10754600000001,33.136463],[-117.104155,33.133462],[-117.105662,33.127321],[-117.112682,33.130154],[-117.113684,33.128589],[-117.123407,33.132885],[-117.12961,33.133269],[-117.129658,33.127435],[-117.13194900000002,33.127358],[-117.127502,33.124007],[-117.126443,33.127476],[-117.120806,33.125762],[-117.12315300000002,33.12155400000001],[-117.12656900000002,33.120267],[-117.12651800000002,33.114873],[-117.123142,33.110754],[-117.11778400000001,33.104456],[-117.11881700000002,33.098452],[-117.121044,33.09835],[-117.123077,33.098362],[-117.123077,33.087572],[-117.139599,33.087512],[-117.13631200000002,33.083883],[-117.13626700000002,33.080175],[-117.12030100000001,33.080254],[-117.118941,33.08753],[-117.11429699999998,33.089479],[-117.114634,33.092268],[-117.102581,33.090952],[-117.104582,33.082766],[-117.103291,33.081534],[-117.09333200000002,33.079649],[-117.090844,33.084663],[-117.088512,33.093546],[-117.09685700000001,33.095333],[-117.098231,33.098991],[-117.08779099999998,33.09707],[-117.085775,33.094645],[-117.084399,33.084371],[-117.08095099999998,33.088462],[-117.072795,33.089503],[-117.069552,33.075245],[-117.07986300000002,33.077121],[-117.078893,33.072945],[-117.084048,33.073066],[-117.08919900000001,33.071519],[-117.09055200000002,33.057993],[-117.08790700000002,33.05765400000001],[-117.079473,33.063834],[-117.07805900000001,33.0608],[-117.07436800000002,33.060733],[-117.069854,33.062811],[-117.06651799999999,33.067742],[-117.061126,33.068261],[-117.05750700000002,33.065542],[-117.058131,33.062613],[-117.049727,33.058991],[-117.04454899999999,33.05949],[-117.03884600000002,33.062881],[-117.041503,33.067497],[-117.047168,33.067921],[-117.046051,33.071508],[-117.05226499999999,33.073256],[-117.053545,33.075437],[-117.052477,33.080535],[-117.050374,33.081655],[-117.052792,33.085865],[-117.047796,33.09174900000001],[-117.04700799999999,33.097112],[-117.051762,33.096409],[-117.05152,33.091715],[-117.054602,33.09147],[-117.059362,33.097395],[-117.05843300000001,33.102653],[-117.05983799999998,33.108792],[-117.058488,33.109848],[-117.064093,33.114545],[-117.06478599999998,33.120495],[-117.053862,33.122452],[-117.045451,33.1194],[-117.041605,33.121108],[-117.03815600000001,33.125937],[-117.03315199999999,33.126246],[-117.028971,33.124266],[-117.025488,33.128194],[-117.016784,33.128836],[-117.015153,33.122861],[-117.01261100000002,33.120955],[-117.010526,33.116378],[-117.01265,33.114161],[-117.009394,33.114185],[-117.007149,33.109032],[-117.007224,33.101736],[-117.00274900000001,33.101774],[-117.00274900000001,33.105497],[-116.99830500000002,33.105554],[-116.998282,33.109145],[-116.99386499999999,33.109134],[-116.99396099999998,33.112746],[-117.002898,33.11256],[-117.00296,33.116296],[-116.99870200000001,33.11644],[-116.99917599999999,33.122849],[-116.99847100000001,33.134777],[-117.01513100000001,33.13404],[-117.014673,33.152398],[-117.01922600000002,33.152501],[-117.019338,33.148939],[-117.023876,33.148977],[-117.023083,33.162962],[-117.01480400000001,33.162675],[-117.015921,33.166278],[-117.022785,33.166864],[-117.022756,33.170376],[-117.03187800000002,33.170352],[-117.03367399999999,33.185164],[-117.041333,33.185102],[-117.041333,33.18182],[-117.04510700000002,33.181851],[-117.045577,33.196414],[-117.04174799999998,33.19658],[-117.04951799999999,33.203242],[-117.058446,33.203112],[-117.058722,33.207433],[-117.063174,33.207291],[-117.06334499999998,33.211601],[-117.085949,33.21074],[-117.08590500000001,33.210460000000005],[-117.085014,33.203795],[-117.07618200000002,33.203435],[-117.075842,33.196261],[-117.07147800000001,33.196162],[-117.07138100000002,33.192654],[-117.06700700000002,33.192606],[-117.067027,33.170895],[-117.05842000000001,33.170695],[-117.05846500000001,33.167078],[-117.052942,33.166297],[-117.052323,33.163279],[-117.073798,33.16347],[-117.07720600000002,33.167226],[-117.080993,33.16903700000001],[-117.083501,33.175031],[-117.088936,33.173467],[-117.09273200000001,33.171022],[-117.097112,33.171004],[-117.09708300000001,33.167314],[-117.092866,33.167496],[-117.092846,33.163704],[-117.10149600000001,33.163606],[-117.101483,33.167401],[-117.110184,33.167419],[-117.110252,33.163531],[-117.105794,33.163531],[-117.1058,33.160052],[-117.11251599999999,33.159903],[-117.11303,33.162473],[-117.11892,33.161561],[-117.11884199999999,33.182117],[-117.135761,33.18285800000001],[-117.13445700000001,33.180226],[-117.134693,33.174688],[-117.13624700000001,33.17199],[-117.13983800000001,33.172128],[-117.139984,33.168333],[-117.145788,33.16831]],[[-117.08743000000001,33.14627],[-117.087233,33.152631],[-117.078947,33.157191],[-117.077418,33.153941],[-117.08373700000001,33.151239],[-117.084603,33.147633],[-117.08743000000001,33.14627]],[[-117.059362,33.097395],[-117.05819500000001,33.087708],[-117.06156300000002,33.086052],[-117.066552,33.09446],[-117.069485,33.097436],[-117.06687700000002,33.100902],[-117.06435999999998,33.097919],[-117.059362,33.097395]]]]},"properties":{"name":"Escondido","geoid":"0622804","county":"San Diego","countyFP":"073"}},
{"type":"Feature","geometry":{"type":"Polygon","coordinates":[[[-117.132966,32.585633],[-117.133138,32.566579],[-117.130961,32.557868],[-117.127293,32.552377],[-117.12488299999998,32.542737],[-117.12418800000002,32.534317],[-117.118879,32.534787],[-117.118752,32.558216],[-117.101435,32.558265],[-117.101242,32.576503],[-117.10384100000002,32.576517],[-117.103851,32.584073],[-117.10557900000002,32.588032],[-117.118546,32.591287],[-117.12175600000002,32.588984],[-117.132966,32.585633]]]},"properties":{"name":"Imperial Beach","geoid":"0636294","county":"San Diego","countyFP":"073"}},
{"type":"Feature","geometry":{"type":"Polygon","coordinates":[[[-118.284917,33.846239],[-118.28714500000001,33.837136],[-118.287233,33.810414],[-118.288767,33.801089],[-118.28673699999999,33.797818],[-118.26458500000001,33.799127],[-118.264625,33.804496],[-118.256512,33.804774],[-118.25844500000001,33.799442],[-118.23750800000002,33.800508],[-118.230117,33.792618],[-118.22392800000002,33.807053],[-118.225387,33.811008],[-118.22806600000001,33.824195],[-118.224576,33.824381],[-118.215706,33.825901],[-118.21688200000001,33.831477],[-118.213417,33.834286],[-118.211278,33.839180000000006],[-118.20772699999999,33.839185],[-118.206591,33.846567],[-118.233976,33.846646],[-118.23562200000002,33.867299],[-118.23566799999999,33.867853],[-118.24249500000002,33.867728],[-118.24866500000002,33.869499],[-118.24874100000001,33.882017],[-118.25342700000002,33.880258],[-118.261247,33.880029],[-118.25781099999999,33.883971],[-118.26089100000002,33.886178],[-118.282729,33.885466],[-118.28155499999998,33.862802],[-118.28494100000002,33.861344],[-118.284917,33.846239]]]},"properties":{"name":"Carson","geoid":"0611530","county":"Los Angeles","countyFP":"037"}},
{"type":"Feature","geometry":{"type":"Polygon","coordinates":[[[-117.04959300000002,32.743406],[-117.058101,32.735125],[-117.060475,32.730877],[-117.057554,32.729921],[-117.05157499999999,32.733356],[-117.049223,32.729667],[-117.049312,32.715151],[-117.046366,32.715082],[-117.041731,32.72057],[-117.035363,32.721196],[-117.028464,32.718681],[-117.02299400000001,32.718477],[-117.02316500000002,32.724973],[-117.014136,32.724924],[-117.014342,32.728736],[-117.014428,32.740522],[-117.018588,32.744502],[-117.01450600000001,32.747984],[-117.01519700000001,32.750437],[-117.02007900000001,32.747202],[-117.02643800000001,32.74722],[-117.03910200000001,32.744825],[-117.045231,32.744953],[-117.04959300000002,32.743406]]]},"properties":{"name":"Lemon Grove","geoid":"0641124","county":"San Diego","countyFP":"073"}},
{"type":"Feature","geometry":{"type":"Polygon","coordinates":[[[-117.063691,32.650396],[-117.065096,32.650293],[-117.072061,32.656833],[-117.07796999999998,32.656885],[-117.08320200000001,32.658897],[-117.090653,32.657408],[-117.088818,32.652688],[-117.09277399999999,32.651598],[-117.09471600000002,32.656232],[-117.09847300000001,32.65413100000001],[-117.096186,32.648254],[-117.10277800000001,32.646383],[-117.104182,32.65057900000001],[-117.11707000000001,32.647397],[-117.12399400000001,32.646356],[-117.117681,32.607534],[-117.09799800000002,32.613088],[-117.097823,32.605067],[-117.09256499999998,32.604602],[-117.089512,32.594951],[-117.084093,32.594815],[-117.083799,32.591146],[-117.058124,32.591031],[-117.058131,32.587433],[-117.053804,32.587418],[-117.05369700000001,32.591052],[-117.0493,32.591059],[-117.049258,32.587369],[-117.044923,32.587408],[-117.044956,32.591195],[-117.014481,32.59108],[-117.014473,32.583634],[-117.00150900000001,32.583113],[-116.99962999999998,32.577965],[-116.983901,32.582524],[-116.928892,32.59854500000001],[-116.93143500000001,32.604758],[-116.93292,32.608188],[-116.933562,32.617241],[-116.93457500000001,32.619898],[-116.93,32.626733],[-116.9328,32.639761],[-116.93209200000001,32.646197],[-116.937721,32.65091],[-116.93658000000002,32.658256],[-116.93662999999998,32.665162],[-116.93436500000001,32.666959],[-116.92772,32.666979],[-116.92781,32.684283],[-116.94496900000001,32.685151],[-116.945088,32.681589],[-116.940804,32.681625],[-116.94081800000001,32.678032],[-116.94953900000002,32.677988],[-116.949577,32.685407],[-116.958122,32.685613],[-116.958385,32.678119],[-116.962389,32.67632],[-116.96257600000001,32.672022],[-116.975649,32.672549],[-116.979986,32.671565],[-116.988585,32.677857],[-116.988675,32.674279],[-116.997258,32.674247],[-116.997252,32.672321],[-116.99317600000002,32.66522200000001],[-116.989744,32.663936],[-116.98416099999999,32.667255],[-116.980038,32.667260000000006],[-116.98001,32.661332],[-116.981615,32.660275],[-116.99255600000001,32.66025],[-116.993056,32.661529],[-117.001088,32.659442],[-117.003732,32.666432],[-117.01194500000001,32.664168],[-117.008605,32.655547],[-117.01955,32.657763],[-117.022743,32.662039],[-117.026599,32.660039],[-117.028064,32.66269],[-117.023428,32.66615],[-117.022918,32.668716],[-117.03400500000001,32.665703],[-117.03979099999998,32.665147],[-117.04383800000001,32.660019],[-117.040722,32.658077],[-117.03497999999999,32.660432],[-117.035027,32.656434],[-117.037491,32.649321],[-117.05591900000002,32.644095],[-117.053438,32.640993],[-117.061556,32.639749],[-117.06369800000002,32.643341],[-117.06127299999999,32.647823],[-117.063691,32.650396]],[[-117.023131,32.598509],[-117.023082,32.605984],[-117.010722,32.605846],[-117.011527,32.607769],[-116.99962900000001,32.610621],[-116.99915,32.602541],[-117.00779899999999,32.598297],[-117.023131,32.598509]]]},"properties":{"name":"Chula Vista","geoid":"0613392","county":"San Diego","countyFP":"073"}},
{"type":"Feature","geometry":{"type":"MultiPolygon","coordinates":[[[[-116.93292,32.608188],[-116.93143500000001,32.604758],[-116.930836,32.608148],[-116.92568,32.608216],[-116.925647,32.611969],[-116.93292,32.608188]]],[[[-117.26229899999998,32.939748],[-117.25960800000001,32.926001],[-117.25846800000001,32.914288],[-117.25508300000001,32.906011],[-117.253589,32.897212],[-117.25305,32.884779],[-117.251152,32.877195],[-117.25328800000001,32.871335],[-117.256104,32.859767],[-117.26013400000001,32.853329],[-117.264657,32.848965],[-117.267452,32.84868],[-117.27395900000002,32.85090900000001],[-117.28125899999999,32.843158],[-117.28226500000001,32.832622],[-117.27989000000001,32.826155],[-117.280686,32.821959],[-117.273466,32.817602],[-117.267245,32.807564],[-117.26402800000001,32.807074],[-117.25888799999998,32.800336],[-117.256041,32.792768],[-117.25373200000001,32.780581],[-117.253181,32.766025],[-117.254123,32.758981],[-117.25286400000002,32.753536],[-117.253402,32.747708],[-117.255655,32.744965],[-117.255367,32.737788],[-117.25742600000001,32.733456],[-117.255829,32.727445],[-117.25834799999998,32.725648],[-117.255778,32.71617200000001],[-117.25645500000002,32.713245],[-117.30979700000002,32.712878],[-117.30515500000001,32.686396],[-117.297728,32.642007],[-117.276916,32.623474],[-117.268789,32.619415],[-117.25199400000001,32.61486],[-117.246786,32.614854],[-117.233513,32.616678],[-117.22330200000002,32.621238],[-117.22251299999999,32.619546],[-117.20011799999999,32.618775],[-117.202229,32.62504],[-117.21033200000001,32.638698],[-117.17423300000002,32.675527],[-117.17525700000002,32.676336],[-117.199834,32.675416],[-117.192907,32.6879],[-117.20722500000001,32.690299],[-117.211663,32.68995],[-117.22022799999999,32.68663],[-117.224163,32.686938],[-117.226534,32.69038],[-117.22569599999999,32.69632800000001],[-117.221304,32.699853],[-117.213889,32.709123],[-117.203761,32.711953],[-117.19613,32.71608],[-117.19100300000001,32.71523],[-117.189355,32.712433],[-117.188517,32.70590200000001],[-117.18085499999998,32.703587],[-117.180042,32.702267],[-117.16665299999998,32.698344],[-117.163921,32.693635],[-117.133264,32.675952],[-117.12686400000001,32.644153],[-117.11976299999999,32.605254],[-117.116823,32.605284],[-117.11446099999999,32.593255],[-117.118546,32.591287],[-117.10557900000002,32.588032],[-117.103851,32.584073],[-117.10384100000002,32.576517],[-117.101242,32.576503],[-117.101435,32.558265],[-117.118752,32.558216],[-117.118879,32.534787],[-117.02661299999998,32.542691],[-116.927996,32.551077],[-116.92782899999999,32.560085],[-116.936613,32.560196],[-116.936444,32.567458],[-116.95370100000001,32.567605],[-116.95367100000001,32.578598],[-116.95153500000002,32.578559],[-116.95156899999999,32.58584],[-116.962223,32.586188],[-116.96665699999998,32.582456],[-116.983901,32.582524],[-116.99962999999998,32.577965],[-117.00150900000001,32.583113],[-117.014473,32.583634],[-117.014481,32.59108],[-117.044956,32.591195],[-117.044923,32.587408],[-117.049258,32.587369],[-117.0493,32.591059],[-117.05369700000001,32.591052],[-117.053804,32.587418],[-117.058131,32.587433],[-117.058124,32.591031],[-117.083799,32.591146],[-117.084093,32.594815],[-117.089512,32.594951],[-117.09256499999998,32.604602],[-117.097823,32.605067],[-117.10445,32.603094],[-117.116463,32.606565],[-117.11856299999998,32.606268],[-117.120563,32.61898],[-117.12569300000001,32.644748],[-117.13057500000001,32.675522],[-117.135422,32.678614],[-117.12131800000002,32.679424],[-117.10140699999998,32.685017],[-117.10244299999998,32.688962],[-117.09372900000001,32.688976],[-117.090461,32.691314],[-117.08144000000001,32.693288],[-117.07664799999999,32.691917],[-117.075514,32.688475],[-117.06536,32.691352],[-117.065986,32.687328],[-117.06465099999998,32.683839],[-117.07283500000001,32.681556],[-117.06542800000001,32.662415],[-117.05700000000002,32.664197],[-117.05019000000001,32.667008],[-117.04174799999998,32.67148],[-117.03704,32.676459],[-117.02406599999999,32.68651],[-117.021438,32.688306],[-117.022831,32.692475],[-117.021972,32.69459],[-117.025233,32.69868],[-117.019757,32.700909],[-117.02118900000002,32.703945],[-117.018161,32.708255],[-117.020445,32.714769],[-117.02299400000001,32.718477],[-117.028464,32.718681],[-117.035363,32.721196],[-117.041731,32.72057],[-117.046366,32.715082],[-117.049312,32.715151],[-117.049223,32.729667],[-117.05157499999999,32.733356],[-117.057554,32.729921],[-117.060475,32.730877],[-117.058101,32.735125],[-117.04959300000002,32.743406],[-117.049129,32.755656],[-117.053482,32.75576900000001],[-117.053353,32.763268000000004],[-117.051133,32.766014],[-117.04558400000002,32.766006],[-117.040398,32.767743],[-117.040377,32.770953],[-117.04702300000001,32.770842],[-117.04860200000002,32.774257],[-117.04866599999998,32.779525],[-117.042161,32.778932],[-117.037522,32.783096],[-117.036318,32.785867],[-117.03710000000001,32.791466],[-117.00601,32.79132],[-117.00587800000001,32.794729],[-117.005948,32.812943],[-117.00997000000001,32.815625],[-117.03841400000002,32.834103],[-117.03668,32.83844],[-117.026773,32.83702],[-117.01291800000001,32.836097],[-117.00544800000002,32.837325],[-117.007602,32.840569],[-117.013799,32.839819],[-117.01863,32.837092],[-117.023276,32.839238],[-117.02394000000001,32.845807],[-117.017102,32.850596],[-117.011569,32.853227],[-117.01381300000001,32.858008],[-117.012303,32.86371],[-117.00933900000001,32.866442],[-117.00319400000001,32.877255],[-116.99554999999998,32.887823],[-116.993058,32.894852],[-116.987744,32.898692],[-116.984292,32.899271],[-116.984325,32.903017],[-116.98927699999999,32.905005],[-116.98954600000002,32.933901],[-116.98372899999998,32.933978],[-116.98452000000002,32.937919],[-116.98198099999999,32.942626],[-116.99592400000002,32.942311],[-116.997806,32.943083],[-117.001152,32.944381],[-117.010478,32.941355],[-117.012979,32.937319],[-117.01768699999998,32.93452500000001],[-117.026128,32.931928],[-117.03745700000002,32.927253],[-117.05018400000002,32.92759300000001],[-117.05554099999999,32.929001],[-117.05821300000001,32.927813],[-117.06663899999998,32.927717],[-117.06676399999999,32.94231],[-117.07106099999999,32.94242],[-117.07107,32.945941],[-117.07539800000002,32.945979],[-117.07539899999999,32.949576],[-117.08389000000001,32.949628],[-117.08429500000001,32.964573],[-117.06687599999998,32.96436],[-117.06634100000001,32.993252],[-117.06010100000002,32.994709],[-117.052363,33.023864],[-117.04100800000002,33.044016],[-117.037918,33.04699],[-117.03826,33.04963],[-117.034126,33.053972],[-117.030123,33.054784],[-117.023153,33.059845],[-117.028707,33.062887],[-117.02942599999999,33.06604],[-117.018766,33.066319],[-117.018713,33.073183],[-116.98854300000002,33.073073],[-116.988386,33.069542],[-116.980012,33.069586],[-116.978061,33.073545],[-116.97429400000001,33.075882],[-116.97156600000001,33.080109],[-116.95765299999998,33.08014],[-116.95404900000001,33.083984],[-116.95494600000002,33.087737],[-116.950636,33.087754],[-116.95080600000001,33.095183],[-116.946436,33.095091],[-116.946262,33.080137],[-116.928179,33.080036],[-116.91431800000001,33.079864],[-116.91435399999999,33.083527],[-116.905723,33.083649],[-116.90573600000002,33.08654],[-116.90576000000001,33.091399],[-116.93227300000001,33.091202],[-116.932291,33.095046],[-116.94168800000001,33.095092],[-116.941506,33.098723],[-116.95494400000001,33.098695],[-116.955284,33.093696],[-116.963712,33.091286],[-116.963358,33.105681],[-116.980952,33.105404],[-116.980974,33.108977],[-116.99386499999999,33.109134],[-116.998282,33.109145],[-116.99830500000002,33.105554],[-117.00274900000001,33.105497],[-117.00274900000001,33.101774],[-117.007224,33.101736],[-117.007149,33.109032],[-117.009394,33.114185],[-117.01265,33.114161],[-117.020278,33.10923],[-117.02012400000001,33.10546],[-117.02483799999999,33.105234],[-117.02435499999999,33.09823],[-117.02103,33.097521],[-117.020592,33.09237],[-117.02155999999998,33.087437],[-117.02637500000002,33.085406],[-117.03052499999998,33.085969],[-117.03537600000001,33.08321],[-117.03510000000001,33.078027],[-117.03855000000001,33.073708],[-117.046051,33.071508],[-117.047168,33.067921],[-117.041503,33.067497],[-117.03884600000002,33.062881],[-117.04454899999999,33.05949],[-117.049727,33.058991],[-117.058131,33.062613],[-117.05750700000002,33.065542],[-117.061126,33.068261],[-117.06651799999999,33.067742],[-117.069854,33.062811],[-117.07436800000002,33.060733],[-117.07805900000001,33.0608],[-117.079473,33.063834],[-117.08790700000002,33.05765400000001],[-117.09055200000002,33.057993],[-117.095782,33.061393],[-117.099027,33.067285],[-117.10376900000001,33.070109],[-117.114145,33.079891],[-117.115444,33.079057],[-117.118195,33.076617],[-117.118134,33.070796],[-117.12018400000001,33.062786],[-117.118183,33.06052],[-117.11829,33.055229000000004],[-117.122122,33.054815],[-117.123652,33.049546],[-117.12974000000001,33.046667],[-117.132853,33.04382],[-117.118419,33.043824],[-117.11802299999998,33.048755],[-117.115085,33.051729],[-117.11277,33.063287],[-117.110272,33.059202],[-117.101797,33.059118],[-117.09477,33.054995],[-117.089848,33.049039],[-117.09900100000002,33.012349],[-117.095857,33.012129],[-117.09962300000001,32.99799],[-117.12472700000001,33.000047],[-117.119344,33.022078],[-117.135522,33.022101],[-117.152419,33.021512],[-117.152454,33.007366],[-117.160856,33.007299],[-117.16986200000001,33.007228],[-117.169866,32.970231],[-117.17851,32.970295],[-117.17851499999999,32.973925],[-117.20016000000001,32.973989],[-117.20025600000001,32.977596],[-117.20448000000002,32.97881],[-117.19662299999999,32.984964],[-117.211475,32.98534],[-117.21712900000001,32.985525],[-117.221512,32.983759],[-117.226021,32.984176000000005],[-117.23335200000001,32.981845],[-117.238754,32.981972],[-117.23869300000001,32.98574],[-117.249585,32.985618],[-117.24952599999999,32.982049],[-117.25606200000001,32.982121],[-117.256149,32.979417],[-117.25590200000002,32.952978],[-117.26018199999999,32.952854],[-117.26013400000001,32.945611],[-117.255918,32.945644],[-117.25598099999999,32.942017],[-117.25814699999998,32.938402],[-117.26229899999998,32.939748]],[[-117.116751,32.893005],[-117.116705,32.898181],[-117.107481,32.898162],[-117.10936600000001,32.894376],[-117.116751,32.893005]]]]},"properties":{"name":"San Diego","geoid":"0666000","county":"San Diego","countyFP":"073"}},
{"type":"Feature","geometry":{"type":"Polygon","coordinates":[[[-117.24370199999998,34.067096],[-117.25070300000002,34.066902],[-117.264501,34.064412],[-117.26934,34.064116],[-117.271201,34.05516],[-117.27804000000002,34.051901],[-117.277834,34.04851],[-117.273538,34.04843300000001],[-117.27362,34.044809],[-117.27369300000001,34.041254],[-117.27006600000001,34.041233],[-117.270602,34.018715],[-117.22553300000001,34.017966],[-117.22579800000001,34.028858],[-117.230152,34.028961],[-117.23024499999998,34.032597],[-117.23478399999999,34.033858],[-117.23485900000001,34.03757],[-117.21925500000002,34.037455],[-117.22425400000002,34.043107000000006],[-117.22450600000002,34.045467],[-117.219362,34.048257],[-117.21960300000002,34.055827],[-117.22335300000002,34.05709],[-117.22617200000002,34.063078],[-117.23014800000001,34.065417],[-117.23586200000001,34.065658],[-117.23846800000001,34.067136],[-117.24370199999998,34.067096]]]},"properties":{"name":"Loma Linda","geoid":"0642370","county":"San Bernardino","countyFP":"071"}},
{"type":"Feature","geometry":{"type":"Polygon","coordinates":[[[-117.720698,34.05586],[-117.71441600000001,34.055984],[-117.713814,34.052222],[-117.711127,34.048569],[-117.70338199999999,34.046965],[-117.702471,34.052202],[-117.698126,34.052196],[-117.69805899999999,34.047247],[-117.69175900000002,34.047641],[-117.689539,34.047752],[-117.68936300000001,34.055923],[-117.690641,34.059795],[-117.680859,34.059861],[-117.68088800000001,34.087374],[-117.680932,34.093907],[-117.68962200000001,34.093925],[-117.689631,34.096744],[-117.704356,34.09529],[-117.71117,34.079536],[-117.71647500000002,34.067577],[-117.720698,34.05586]]]},"properties":{"name":"Montclair","geoid":"0648788","county":"San Bernardino","countyFP":"071"}},
{"type":"Feature","geometry":{"type":"Polygon","coordinates":[[[-114.633251,34.924331],[-114.64456099999998,34.924331],[-114.64448,34.89955],[-114.645033,34.895007],[-114.662102,34.894956],[-114.66230200000001,34.862916],[-114.649966,34.855029],[-114.64460599999998,34.852631],[-114.64455,34.795898],[-114.64403800000001,34.749265],[-114.59143,34.749388],[-114.591617,34.778648],[-114.561542,34.778571],[-114.565184,34.785976],[-114.571847,34.796343],[-114.574474,34.804214],[-114.576452,34.8153],[-114.582197,34.828188],[-114.586842,34.835672],[-114.59233900000001,34.841153],[-114.604255,34.849573],[-114.619878,34.856873],[-114.628276,34.863596],[-114.633051,34.869971],[-114.635176,34.875003],[-114.63676800000002,34.885705],[-114.635425,34.895192],[-114.630877,34.907263],[-114.630552,34.911852],[-114.633237,34.92123],[-114.633251,34.924331]]]},"properties":{"name":"Needles","geoid":"0650734","county":"San Bernardino","countyFP":"071"}},
{"type":"Feature","geometry":{"type":"Polygon","coordinates":[[[-117.959558,34.16516],[-117.977525,34.165107000000006],[-117.977558,34.155903],[-117.98299999999999,34.15753],[-117.985634,34.155285],[-117.980208,34.146869],[-117.975381,34.146914],[-117.97537999999999,34.143658],[-117.968999,34.143706],[-117.966602,34.143728],[-117.951284,34.143688],[-117.95127900000001,34.150741],[-117.959637,34.152038],[-117.959558,34.16516]]]},"properties":{"name":"Bradbury","geoid":"0607946","county":"Los Angeles","countyFP":"037"}},
{"type":"Feature","geometry":{"type":"Polygon","coordinates":[[[-117.680859,34.059861],[-117.68076500000001,34.048356],[-117.680748,34.035433],[-117.678542,34.031833],[-117.656755,34.031968],[-117.65456899999998,34.0301],[-117.654483,34.019313],[-117.650628,34.019331],[-117.650627,33.98305800000001],[-117.606825,33.983324],[-117.606813,33.975408],[-117.599802,33.975312],[-117.55837699999998,33.98842],[-117.558312,34.033451],[-117.55023699999998,34.033472],[-117.52431299999999,34.033469],[-117.524096,34.06741],[-117.52402700000002,34.07718],[-117.60110700000001,34.077552],[-117.60272200000001,34.08362],[-117.608812,34.09206100000001],[-117.62857200000002,34.092558],[-117.633343,34.093224],[-117.633298,34.087076],[-117.643989,34.08747],[-117.68088800000001,34.087374],[-117.680859,34.059861]]]},"properties":{"name":"Ontario","geoid":"0653896","county":"San Bernardino","countyFP":"071"}},
{"type":"Feature","geometry":{"type":"Polygon","coordinates":[[[-116.96233000000001,32.824942],[-116.964034,32.82956],[-116.977221,32.829614],[-116.988203,32.830768],[-116.990056,32.82628],[-116.998658,32.826807],[-117.00320200000002,32.820771],[-117.01120099999999,32.820277],[-117.00997000000001,32.815625],[-117.005948,32.812943],[-117.00587800000001,32.794729],[-116.990097,32.795067],[-116.98832499999999,32.792233],[-116.98720400000002,32.783004],[-116.990387,32.780873],[-116.98819300000001,32.778453],[-116.979274,32.77985600000001],[-116.974132,32.775597],[-116.97566000000002,32.773246],[-116.96397800000001,32.773158],[-116.955828,32.777922],[-116.952606,32.777921],[-116.942632,32.780547],[-116.947187,32.785111],[-116.945049,32.78692100000001],[-116.93841800000001,32.786578],[-116.936405,32.781635],[-116.932148,32.781083],[-116.932141,32.778216],[-116.927875,32.776049],[-116.92706699999998,32.78007300000001],[-116.921679,32.779821],[-116.91810300000002,32.782064],[-116.916344,32.787494],[-116.92142400000002,32.789394],[-116.921505,32.792739],[-116.92467399999998,32.796479],[-116.917971,32.796392],[-116.915809,32.794905],[-116.911691,32.797629],[-116.90334,32.793886],[-116.899901,32.794833],[-116.895911,32.801673],[-116.90246100000002,32.802839],[-116.904775,32.800895],[-116.90812999999999,32.802219],[-116.912131,32.800218],[-116.91951499999999,32.800201],[-116.921468,32.803952],[-116.91695700000001,32.807356],[-116.912043,32.812711],[-116.91306599999999,32.815961],[-116.90998499999999,32.820665],[-116.918192,32.822554],[-116.91983399999998,32.81993],[-116.92235200000002,32.818038],[-116.928119,32.816952],[-116.940012,32.81685],[-116.936147,32.813944],[-116.93649400000001,32.80921],[-116.94405700000002,32.808709],[-116.944611,32.808706],[-116.949259,32.808507],[-116.949253,32.81512],[-116.946575,32.821229],[-116.95179199999998,32.821365],[-116.95004,32.816886],[-116.95378199999999,32.816869],[-116.95866400000001,32.811517],[-116.96598999999999,32.811071],[-116.963719,32.81784],[-116.96507,32.824412],[-116.96233000000001,32.824942]]]},"properties":{"name":"El Cajon","geoid":"0621712","county":"San Diego","countyFP":"073"}},
{"type":"Feature","geometry":{"type":"Polygon","coordinates":[[[-117.311711,33.081896],[-117.312903,33.081629],[-117.309871,33.07114],[-117.30057,33.048041],[-117.297456,33.036297],[-117.29057,33.029242],[-117.28367000000001,33.015043],[-117.28053500000001,33.006743],[-117.279456,32.999272],[-117.27258,33.003926],[-117.25926600000001,33.003827],[-117.26003499999999,33.007422],[-117.24281900000001,33.007465],[-117.24281800000001,33.0128],[-117.24688700000002,33.012783],[-117.24692500000002,33.016789],[-117.24179700000002,33.021773],[-117.242091,33.026822],[-117.23610100000002,33.032262],[-117.23626799999998,33.036964],[-117.23200700000001,33.038179],[-117.229187,33.046616],[-117.227354,33.048502],[-117.22008699999999,33.04647],[-117.21516000000001,33.050909],[-117.20844399999999,33.049028],[-117.20472999999998,33.050371],[-117.204649,33.054703],[-117.200159,33.053816],[-117.19991000000002,33.073044],[-117.195763,33.072958],[-117.195684,33.080406],[-117.199861,33.080563],[-117.20218100000001,33.080595],[-117.198985,33.077594],[-117.21590700000002,33.076047],[-117.224237,33.075697],[-117.223352,33.061254],[-117.239399,33.060519],[-117.24348800000001,33.063979],[-117.249335,33.063732],[-117.249546,33.067364],[-117.25834,33.067107],[-117.26231700000001,33.070146],[-117.272307,33.06866],[-117.27313099999999,33.080449],[-117.270025,33.080465],[-117.270035,33.084956],[-117.279765,33.087734],[-117.28977099999999,33.087042],[-117.299026,33.08408],[-117.30156100000002,33.088877],[-117.305661,33.084368],[-117.311711,33.081896]]]},"properties":{"name":"Encinitas","geoid":"0622678","county":"San Diego","countyFP":"073"}},
{"type":"Feature","geometry":{"type":"Polygon","coordinates":[[[-117.00587800000001,32.794729],[-117.00601,32.79132],[-117.03710000000001,32.791466],[-117.036318,32.785867],[-117.037522,32.783096],[-117.042161,32.778932],[-117.04866599999998,32.779525],[-117.04860200000002,32.774257],[-117.04702300000001,32.770842],[-117.040377,32.770953],[-117.040398,32.767743],[-117.04558400000002,32.766006],[-117.051133,32.766014],[-117.053353,32.763268000000004],[-117.053482,32.75576900000001],[-117.049129,32.755656],[-117.04959300000002,32.743406],[-117.045231,32.744953],[-117.03910200000001,32.744825],[-117.02643800000001,32.74722],[-117.02007900000001,32.747202],[-117.01519700000001,32.750437],[-117.010175,32.752617],[-117.00573600000001,32.752585],[-117.001421,32.752394],[-117.00067799999998,32.756052],[-117.00231900000001,32.76015],[-117.001348,32.762936],[-116.99578600000001,32.761927],[-116.989131,32.767696],[-116.986481,32.771732],[-116.99744999999999,32.768964],[-116.997096,32.778529],[-116.992046,32.777417],[-116.98819300000001,32.778453],[-116.990387,32.780873],[-116.98720400000002,32.783004],[-116.98832499999999,32.792233],[-116.990097,32.795067],[-117.00587800000001,32.794729]]]},"properties":{"name":"La Mesa","geoid":"0640004","county":"San Diego","countyFP":"073"}},
{"type":"Feature","geometry":{"type":"Polygon","coordinates":[[[-117.34698599999999,33.240579],[-117.390426,33.207118],[-117.39800300000002,33.209448],[-117.39587700000001,33.206061],[-117.36439900000002,33.171287],[-117.358905,33.164448],[-117.352782,33.168852],[-117.35282000000001,33.174787],[-117.34961500000001,33.176201],[-117.344288,33.17614400000001],[-117.34410099999998,33.179824],[-117.331341,33.179728],[-117.32261,33.181984],[-117.310192,33.179513],[-117.29941100000002,33.182568],[-117.29887600000002,33.175565],[-117.27525999999999,33.175769],[-117.270957,33.177151],[-117.27063900000002,33.153087],[-117.261851,33.153095],[-117.25919700000001,33.158368],[-117.248864,33.17178],[-117.25316700000002,33.173762],[-117.25372099999998,33.173999],[-117.27378300000001,33.183213],[-117.27737400000001,33.183501],[-117.28009999999999,33.181064],[-117.28393700000001,33.181585],[-117.287746,33.193934],[-117.27951,33.193863],[-117.279486,33.204787],[-117.27361100000002,33.20475],[-117.27092100000002,33.208363],[-117.26655200000002,33.20834],[-117.262199,33.210433],[-117.26221699999999,33.21915],[-117.25601199999998,33.21959],[-117.256076,33.223165],[-117.262224,33.227181],[-117.25857800000001,33.22889],[-117.25913799999998,33.235511],[-117.26279,33.237435],[-117.25572099999998,33.24656],[-117.244933,33.240607],[-117.24501,33.254789],[-117.242859,33.259785],[-117.24926,33.258882],[-117.249279,33.263547],[-117.24503100000001,33.265742],[-117.239238,33.265576],[-117.237872,33.267706],[-117.244964,33.267082],[-117.245832,33.278035],[-117.253605,33.27815],[-117.253619,33.281518],[-117.24935199999999,33.281722],[-117.249302,33.28537],[-117.262255,33.285517],[-117.26224799999999,33.292741],[-117.25795099999999,33.292717],[-117.25798700000001,33.296354],[-117.264191,33.29497],[-117.262321,33.299971],[-117.269824,33.299994],[-117.29661900000002,33.279381],[-117.30602500000002,33.272141],[-117.34698599999999,33.240579]]]},"properties":{"name":"Oceanside","geoid":"0653322","county":"San Diego","countyFP":"073"}},
{"type":"Feature","geometry":{"type":"Polygon","coordinates":[[[-117.023153,33.059845],[-117.030123,33.054784],[-117.034126,33.053972],[-117.03826,33.04963],[-117.037918,33.04699],[-117.04100800000002,33.044016],[-117.052363,33.023864],[-117.06010100000002,32.994709],[-117.06634100000001,32.993252],[-117.06687599999998,32.96436],[-117.08429500000001,32.964573],[-117.08389000000001,32.949628],[-117.07539899999999,32.949576],[-117.07539800000002,32.945979],[-117.07107,32.945941],[-117.07106099999999,32.94242],[-117.06676399999999,32.94231],[-117.06663899999998,32.927717],[-117.05821300000001,32.927813],[-117.05554099999999,32.929001],[-117.05018400000002,32.92759300000001],[-117.03745700000002,32.927253],[-117.026128,32.931928],[-117.01768699999998,32.93452500000001],[-117.012979,32.937319],[-117.010478,32.941355],[-117.001152,32.944381],[-116.997806,32.943083],[-116.99782800000001,32.959568],[-116.98878700000002,32.95952],[-116.98853500000001,32.963069],[-116.96212500000001,32.962951],[-116.96213,32.966565],[-116.95779300000001,32.966695],[-116.9578,32.963065],[-116.95355000000002,32.963248],[-116.95347899999999,32.970449],[-116.94033700000001,32.97065800000001],[-116.94040000000001,32.985194],[-116.94484300000002,32.985153],[-116.944846,32.988695],[-116.953429,32.988716],[-116.95345199999998,32.981436],[-116.957791,32.981358],[-116.957768,32.97766],[-116.96210799999999,32.977448],[-116.962061,32.988677],[-116.957791,32.988696],[-116.957768,32.992414],[-116.962061,32.992472],[-116.961878,33.00009],[-116.97930600000001,33.000167],[-116.97880000000002,33.011174],[-116.970189,33.011213],[-116.970189,33.01495],[-116.983187,33.014988],[-116.98314,33.01101],[-116.99202400000001,33.011255],[-116.99197200000002,33.007598],[-116.996124,33.007672],[-116.99642500000002,33.022228],[-117.001178,33.022731],[-117.00099500000002,33.030053],[-116.99649100000002,33.030164],[-116.99663600000001,33.052066],[-117.005413,33.051821],[-117.005458,33.059233],[-117.00996699999999,33.05912],[-117.01210199999998,33.062535],[-117.01214699999998,33.066353],[-117.018623,33.064703],[-117.018799,33.058715],[-117.023153,33.059845]]]},"properties":{"name":"Poway","geoid":"0658520","county":"San Diego","countyFP":"073"}},
{"type":"Feature","geometry":{"type":"Polygon","coordinates":[[[-117.22986300000001,33.131208],[-117.22982100000002,33.117716],[-117.226679,33.117745],[-117.22572000000001,33.109845],[-117.225721,33.109768],[-117.22575,33.108616],[-117.22539800000001,33.105571000000005],[-117.22116,33.10261],[-117.221007,33.095145],[-117.216689,33.09511],[-117.21669800000001,33.091144],[-117.211793,33.090728],[-117.20855,33.095074],[-117.20370600000001,33.09262],[-117.20502600000002,33.082554],[-117.20218100000001,33.080595],[-117.199861,33.080563],[-117.19939699999999,33.083978],[-117.194898,33.084007],[-117.190686,33.083988],[-117.19064400000002,33.094939],[-117.18324300000002,33.094936],[-117.178755,33.096221],[-117.17727500000001,33.100645],[-117.17073,33.098664],[-117.165675,33.098586],[-117.16236700000002,33.102295],[-117.156399,33.102262],[-117.15622499999999,33.10588],[-117.155968,33.113225],[-117.14011099999999,33.112967],[-117.139968,33.12736000000001],[-117.13194900000002,33.127358],[-117.129658,33.127435],[-117.12961,33.133269],[-117.123407,33.132885],[-117.113684,33.128589],[-117.112682,33.130154],[-117.110763,33.133308],[-117.11636200000001,33.135658],[-117.115574,33.139592],[-117.112737,33.141394],[-117.122173,33.147083],[-117.12206900000001,33.149706],[-117.12137500000001,33.152578000000005],[-117.128928,33.156986],[-117.128937,33.159489],[-117.135071,33.157977],[-117.136038,33.160545],[-117.13785899999999,33.16055],[-117.141364,33.159501],[-117.145868,33.16440200000001],[-117.145788,33.16831],[-117.146489,33.172076],[-117.13993600000002,33.172144],[-117.139655,33.17614300000001],[-117.148226,33.178348],[-117.15051499999998,33.181086],[-117.15255999999998,33.188274],[-117.156483,33.186855],[-117.161964,33.186776],[-117.16191,33.183064],[-117.157941,33.183166],[-117.161483,33.175601],[-117.174526,33.175627],[-117.17716999999999,33.173204],[-117.184104,33.17535],[-117.18723700000001,33.172131],[-117.19138900000002,33.172108],[-117.19134400000002,33.168406],[-117.195588,33.164022],[-117.20345400000001,33.16385],[-117.20916100000001,33.153782],[-117.21317,33.150638],[-117.21993699999999,33.138661],[-117.221292,33.136924],[-117.221245,33.131989],[-117.22986300000001,33.131208]],[[-117.225524,33.116691],[-117.21572100000002,33.124619],[-117.217276,33.126089],[-117.21283300000002,33.13],[-117.208331,33.127777],[-117.2044,33.127795000000006],[-117.20059499999999,33.130609],[-117.196048,33.126979],[-117.19505299999999,33.120535],[-117.19051300000001,33.12029],[-117.19043100000002,33.115013],[-117.208172,33.114886000000006],[-117.209585,33.109574],[-117.21693100000002,33.109649],[-117.216869,33.113378],[-117.225468,33.113358],[-117.225524,33.116691]]]},"properties":{"name":"San Marcos","geoid":"0668196","county":"San Diego","countyFP":"073"}},
{"type":"Feature","geometry":{"type":"Polygon","coordinates":[[[-117.25913799999998,33.235511],[-117.25857800000001,33.22889],[-117.262224,33.227181],[-117.256076,33.223165],[-117.25601199999998,33.21959],[-117.26221699999999,33.21915],[-117.262199,33.210433],[-117.26655200000002,33.20834],[-117.27092100000002,33.208363],[-117.27361100000002,33.20475],[-117.279486,33.204787],[-117.27951,33.193863],[-117.287746,33.193934],[-117.28393700000001,33.181585],[-117.28009999999999,33.181064],[-117.27737400000001,33.183501],[-117.274192,33.18627],[-117.271331,33.182997],[-117.266435,33.182967],[-117.260076,33.184527],[-117.25608000000001,33.181107],[-117.25372099999998,33.173999],[-117.25316700000002,33.173762],[-117.25355500000002,33.176719],[-117.248459,33.177932],[-117.24670000000002,33.173534],[-117.248864,33.17178],[-117.25919700000001,33.158368],[-117.256859,33.157127],[-117.25563200000002,33.152203],[-117.253209,33.152464],[-117.25323700000001,33.145787],[-117.24671900000001,33.145801],[-117.245996,33.134949],[-117.22990299999998,33.135026],[-117.22986300000001,33.131208],[-117.221245,33.131989],[-117.221292,33.136924],[-117.21993699999999,33.138661],[-117.21317,33.150638],[-117.218711,33.153449],[-117.21637600000001,33.158026],[-117.218992,33.159664],[-117.21812300000002,33.162908],[-117.21242599999998,33.167534],[-117.21395000000001,33.173862],[-117.225109,33.173572],[-117.22887300000001,33.179465],[-117.22406600000001,33.181247],[-117.218789,33.181031],[-117.219082,33.185056],[-117.221347,33.187555],[-117.220095,33.19069],[-117.213525,33.190277],[-117.213444,33.186637],[-117.209611,33.186644],[-117.20955500000001,33.192493],[-117.21344900000001,33.195679],[-117.21681499999998,33.201093],[-117.215858,33.204139],[-117.20845599999998,33.204793],[-117.203954,33.202447],[-117.19783899999999,33.2011],[-117.192282,33.201096],[-117.19225400000002,33.207116],[-117.19866199999998,33.208253],[-117.19979,33.206081],[-117.205171,33.206311],[-117.206655,33.212034],[-117.206668,33.219315],[-117.203644,33.222063],[-117.20472399999998,33.226532000000006],[-117.211585,33.226636],[-117.213943,33.23034],[-117.222292,33.230334],[-117.21910500000001,33.23403],[-117.22075300000002,33.237251],[-117.226202,33.234418000000005],[-117.229374,33.234825],[-117.22940999999999,33.228394],[-117.23591399999998,33.228908],[-117.243069,33.232487],[-117.24686800000002,33.23539],[-117.25105500000001,33.23532],[-117.25683099999999,33.23848],[-117.25913799999998,33.235511]],[[-117.24476199999998,33.177453],[-117.239115,33.179357],[-117.234639,33.179402],[-117.235493,33.173071],[-117.242925,33.172984],[-117.24476199999998,33.177453]]]},"properties":{"name":"Vista","geoid":"0682996","county":"San Diego","countyFP":"073"}},
{"type":"Feature","geometry":{"type":"Polygon","coordinates":[[[-116.1946,34.13535],[-116.19440300000001,34.12045],[-116.134658,34.120385],[-116.119523,34.120642],[-116.07157800000002,34.12084],[-116.05436300000001,34.121104],[-116.054409,34.107146],[-116.036721,34.106957],[-116.03656699999999,34.078257],[-115.98400300000002,34.077862],[-115.98396400000001,34.116404],[-115.978665,34.115504],[-115.978646,34.118521],[-115.974274,34.118533000000006],[-115.974282,34.121806],[-115.98389400000002,34.121778],[-115.983912,34.150896],[-116.00151900000002,34.150875],[-116.00132100000002,34.194275],[-116.03642300000001,34.19412],[-116.036505,34.216169],[-116.04110999999999,34.223161],[-116.043591,34.22311800000001],[-116.063016,34.25185],[-116.09826699999999,34.251644],[-116.098262,34.244371],[-116.076027,34.244421],[-116.075983,34.237159],[-116.06719799999999,34.237072],[-116.058385,34.227798],[-116.0583,34.208337],[-116.071426,34.20826],[-116.071762,34.178109],[-116.07167,34.16443],[-116.09375499999999,34.164308],[-116.09157800000001,34.165701],[-116.091571,34.171595],[-116.098172,34.171572],[-116.098121,34.175206],[-116.10701699999998,34.175194],[-116.107024,34.164335],[-116.13995700000001,34.1641],[-116.17706700000001,34.164205],[-116.17695200000001,34.149535],[-116.19448399999999,34.149641],[-116.1946,34.13535]]]},"properties":{"name":"Twentynine Palms","geoid":"0680994","county":"San Bernardino","countyFP":"071"}},
{"type":"Feature","geometry":{"type":"Polygon","coordinates":[[[-117.704356,34.09529],[-117.689631,34.096744],[-117.68962200000001,34.093925],[-117.680932,34.093907],[-117.68088800000001,34.087374],[-117.643989,34.08747],[-117.633298,34.087076],[-117.633343,34.093224],[-117.62857200000002,34.092558],[-117.628472,34.11645200000001],[-117.62346000000001,34.118579000000004],[-117.621681,34.12598500000001],[-117.62519500000002,34.132574],[-117.629894,34.13627],[-117.635874,34.146724],[-117.636916,34.150577],[-117.661055,34.150553],[-117.66099900000002,34.146942],[-117.67041200000001,34.1469],[-117.67043900000002,34.152323],[-117.67397600000001,34.150512],[-117.683264,34.150488],[-117.686799,34.138122],[-117.704356,34.09529]]]},"properties":{"name":"Upland","geoid":"0681344","county":"San Bernardino","countyFP":"071"}},
{"type":"Feature","geometry":{"type":"Polygon","coordinates":[[[-117.126232,34.028152],[-117.12598400000002,34.02703100000001],[-117.10665800000001,34.02244],[-117.103915,34.017554],[-117.109243,34.017525],[-117.104882,34.010378],[-117.10752800000002,34.007663],[-117.10389800000002,34.004375],[-117.086522,34.00382],[-117.051893,34.004118],[-117.034456,34.004881],[-117.013097,34.004325],[-116.994807,34.004516],[-116.97167600000002,34.004788],[-116.963067,34.004814],[-116.962883,34.017479],[-116.967421,34.019054],[-116.967451,34.011921],[-116.97404300000001,34.01188],[-116.980424,34.010072],[-116.98125,34.018519],[-116.98636,34.018683],[-116.986114,34.022284],[-116.99040900000001,34.022417],[-116.99031800000002,34.026098],[-116.980442,34.025836],[-116.98050000000002,34.031452],[-116.980527,34.032845],[-116.990221,34.033211],[-116.990341,34.029662],[-116.995554,34.029801],[-116.995526,34.033468],[-116.99979700000002,34.03351],[-116.99950300000002,34.04894],[-116.99074299999998,34.052749],[-116.99075600000002,34.056008],[-116.98635900000001,34.056265],[-116.986354,34.060489],[-116.986354,34.063419],[-116.9978,34.062804],[-117.00817700000002,34.062885],[-117.008276,34.077398],[-117.03441299999999,34.077509],[-117.052413,34.077002],[-117.05648600000002,34.075365],[-117.05645100000001,34.069801],[-117.052216,34.069782],[-117.051945,34.055696],[-117.060569,34.055573],[-117.06059400000001,34.048465],[-117.093258,34.048259],[-117.104197,34.04800000000001],[-117.10410300000001,34.041089],[-117.107346,34.04109],[-117.11277100000001,34.041086],[-117.11278599999999,34.033874],[-117.12322499999999,34.033894],[-117.12323000000002,34.030399],[-117.126232,34.028152]]]},"properties":{"name":"Yucaipa","geoid":"0687042","county":"San Bernardino","countyFP":"071"}},
{"type":"Feature","geometry":{"type":"Polygon","coordinates":[[[-116.35205800000001,34.164021],[-116.352049,34.165862],[-116.387048,34.165821],[-116.420293,34.166158],[-116.42248600000002,34.171572],[-116.42254700000001,34.193447],[-116.440049,34.1935],[-116.44016800000001,34.1643],[-116.457674,34.164271],[-116.457637,34.135337],[-116.49263599999999,34.135309],[-116.49279200000001,34.111656],[-116.481141,34.111694],[-116.481138,34.107406],[-116.475289,34.109134000000005],[-116.475166,34.075860000000006],[-116.44933100000002,34.076274],[-116.37042499999998,34.076048],[-116.37039,34.094198],[-116.370416,34.120548],[-116.36992200000002,34.120551],[-116.369578,34.149556000000004],[-116.35218100000002,34.149489],[-116.35205800000001,34.164021]]]},"properties":{"name":"Yucca Valley","geoid":"0687056","county":"San Bernardino","countyFP":"071"}},
{"type":"Feature","geometry":{"type":"Polygon","coordinates":[[[-117.35914500000001,34.64519],[-117.361474,34.659808],[-117.40077100000002,34.659918],[-117.40055500000001,34.63192],[-117.40077400000001,34.623111],[-117.418386,34.622967],[-117.436055,34.623331],[-117.436288,34.660331],[-117.439868,34.660557],[-117.48922600000002,34.66038],[-117.48980600000002,34.646007000000004],[-117.489768,34.631139],[-117.480936,34.631082],[-117.480899,34.616391],[-117.472028,34.616396],[-117.47147000000001,34.587143],[-117.485112,34.58686],[-117.485213,34.579592],[-117.507381,34.57950000000001],[-117.507325,34.557515],[-117.50368600000002,34.557499],[-117.503613,34.528763],[-117.46426,34.52855],[-117.464304,34.53584],[-117.453036,34.535565],[-117.408191,34.535852],[-117.408158,34.528517],[-117.434736,34.528482],[-117.43466300000001,34.517547],[-117.45986,34.51757],[-117.459809,34.521134],[-117.475344,34.521378],[-117.47533300000002,34.517739],[-117.48628600000002,34.517883],[-117.48626300000001,34.506978],[-117.45100899999998,34.506485],[-117.399542,34.50668],[-117.399376,34.543133],[-117.364239,34.543],[-117.36409000000002,34.557221],[-117.37405600000001,34.557275],[-117.37424,34.57222],[-117.398485,34.572045],[-117.398518,34.579307],[-117.400737,34.579312],[-117.40083,34.60119],[-117.38990800000002,34.601226],[-117.38989900000001,34.615827],[-117.39165699999998,34.615815],[-117.392,34.645258],[-117.386226,34.645474],[-117.35914500000001,34.64519]]]},"properties":{"name":"Adelanto","geoid":"0600296","county":"San Bernardino","countyFP":"071"}},
{"type":"Feature","geometry":{"type":"Polygon","coordinates":[[[-117.2088,34.10263100000001],[-117.208775,34.099098],[-117.21528900000001,34.099231],[-117.217456,34.09713],[-117.22614300000001,34.094289],[-117.226142,34.09209],[-117.233558,34.092116],[-117.24372500000001,34.085384],[-117.24370199999998,34.067096],[-117.23846800000001,34.067136],[-117.23586200000001,34.065658],[-117.23014800000001,34.065417],[-117.22617200000002,34.063078],[-117.22335300000002,34.05709],[-117.21960300000002,34.055827],[-117.219362,34.048257],[-117.21739400000001,34.04587],[-117.217256,34.035873],[-117.20849499999998,34.031669],[-117.208097,34.018451],[-117.22553300000001,34.017966],[-117.225373,34.004189],[-117.19041999999999,34.004056],[-117.138528,34.004256],[-117.121323,34.003484],[-117.10389800000002,34.004375],[-117.10752800000002,34.007663],[-117.104882,34.010378],[-117.109243,34.017525],[-117.103915,34.017554],[-117.10665800000001,34.02244],[-117.12598400000002,34.02703100000001],[-117.126232,34.028152],[-117.13719300000001,34.032647],[-117.138807,34.036601],[-117.13886799999999,34.042926],[-117.136651,34.044762],[-117.13669999999999,34.059245],[-117.13895100000002,34.06320500000001],[-117.134848,34.067556],[-117.138894,34.069576],[-117.138848,34.077389],[-117.13662199999999,34.077355],[-117.13885900000001,34.084589],[-117.13638800000001,34.084563],[-117.138612,34.091301],[-117.121309,34.091089],[-117.121683,34.077115000000006],[-117.121669,34.073494],[-117.106031,34.073283],[-117.10558599999999,34.069602],[-117.101059,34.06953200000001],[-117.09942,34.073175],[-117.08627100000001,34.073279],[-117.07864500000001,34.074845],[-117.07656,34.072096],[-117.07931400000001,34.062465],[-117.06950499999999,34.062605],[-117.06804800000002,34.076469],[-117.064679,34.075084],[-117.05648600000002,34.075365],[-117.052413,34.077002],[-117.052405,34.08064],[-117.060352,34.080593],[-117.060572,34.077003],[-117.06858300000002,34.077017],[-117.094995,34.076801],[-117.103666,34.076755],[-117.103632,34.081255],[-117.11081300000001,34.084507],[-117.112441,34.089434],[-117.11243100000002,34.091392],[-117.134567,34.091814],[-117.134527,34.099076],[-117.15649899999998,34.098805],[-117.199875,34.099037],[-117.199417,34.102586],[-117.2088,34.10263100000001]],[[-117.22625400000001,34.076858],[-117.22620999999998,34.084839],[-117.217441,34.084842],[-117.21732400000002,34.088386],[-117.20874600000002,34.088837],[-117.201156,34.09082],[-117.19984700000002,34.081021],[-117.20003300000002,34.070204],[-117.22177799999999,34.070316],[-117.221774,34.073962],[-117.22624,34.073971],[-117.22625400000001,34.076858]]]},"properties":{"name":"Redlands","geoid":"0659962","county":"San Bernardino","countyFP":"071"}},
{"type":"Feature","geometry":{"type":"Polygon","coordinates":[[[-117.25919700000001,33.158368],[-117.261851,33.153095],[-117.27063900000002,33.153087],[-117.270957,33.177151],[-117.27525999999999,33.175769],[-117.29887600000002,33.175565],[-117.29941100000002,33.182568],[-117.310192,33.179513],[-117.32261,33.181984],[-117.331341,33.179728],[-117.34410099999998,33.179824],[-117.344288,33.17614400000001],[-117.34961500000001,33.176201],[-117.35282000000001,33.174787],[-117.352782,33.168852],[-117.358905,33.164448],[-117.346032,33.146849],[-117.34159800000002,33.141753],[-117.337073,33.131752],[-117.329877,33.124106],[-117.32560199999999,33.116474],[-117.31328399999998,33.087392],[-117.311711,33.081896],[-117.305661,33.084368],[-117.30156100000002,33.088877],[-117.299026,33.08408],[-117.28977099999999,33.087042],[-117.279765,33.087734],[-117.270035,33.084956],[-117.270025,33.080465],[-117.27313099999999,33.080449],[-117.272307,33.06866],[-117.26231700000001,33.070146],[-117.25834,33.067107],[-117.249546,33.067364],[-117.249335,33.063732],[-117.24348800000001,33.063979],[-117.239399,33.060519],[-117.223352,33.061254],[-117.224237,33.075697],[-117.21590700000002,33.076047],[-117.21669800000001,33.091144],[-117.216689,33.09511],[-117.221007,33.095145],[-117.22116,33.10261],[-117.22539800000001,33.105571000000005],[-117.22575,33.108616],[-117.225721,33.109768],[-117.22572000000001,33.109845],[-117.22982100000002,33.117716],[-117.22986300000001,33.131208],[-117.22990299999998,33.135026],[-117.245996,33.134949],[-117.24671900000001,33.145801],[-117.25323700000001,33.145787],[-117.253209,33.152464],[-117.25563200000002,33.152203],[-117.256859,33.157127],[-117.25919700000001,33.158368]]]},"properties":{"name":"Carlsbad","geoid":"0611194","county":"San Diego","countyFP":"073"}},
{"type":"Feature","geometry":{"type":"Polygon","coordinates":[[[-117.05019000000001,32.667008],[-117.05700000000002,32.664197],[-117.06542800000001,32.662415],[-117.07283500000001,32.681556],[-117.06465099999998,32.683839],[-117.065986,32.687328],[-117.06536,32.691352],[-117.075514,32.688475],[-117.07664799999999,32.691917],[-117.08144000000001,32.693288],[-117.090461,32.691314],[-117.09372900000001,32.688976],[-117.10244299999998,32.688962],[-117.10140699999998,32.685017],[-117.12131800000002,32.679424],[-117.135422,32.678614],[-117.13057500000001,32.675522],[-117.12569300000001,32.644748],[-117.120563,32.61898],[-117.11856299999998,32.606268],[-117.116463,32.606565],[-117.10445,32.603094],[-117.097823,32.605067],[-117.09799800000002,32.613088],[-117.117681,32.607534],[-117.12399400000001,32.646356],[-117.11707000000001,32.647397],[-117.104182,32.65057900000001],[-117.10277800000001,32.646383],[-117.096186,32.648254],[-117.09847300000001,32.65413100000001],[-117.09471600000002,32.656232],[-117.09277399999999,32.651598],[-117.088818,32.652688],[-117.090653,32.657408],[-117.08320200000001,32.658897],[-117.07796999999998,32.656885],[-117.072061,32.656833],[-117.065096,32.650293],[-117.063691,32.650396],[-117.06383100000001,32.65702],[-117.05696700000001,32.657231],[-117.053966,32.662057],[-117.05144500000002,32.662434],[-117.05019000000001,32.667008]],[[-117.08385300000002,32.663164],[-117.07901,32.668344000000005],[-117.070614,32.670065],[-117.06805800000001,32.66468],[-117.07320300000002,32.662308],[-117.07861499999999,32.661233],[-117.08385300000002,32.663164]]]},"properties":{"name":"National City","geoid":"0650398","county":"San Diego","countyFP":"073"}},
{"type":"Feature","geometry":{"type":"Polygon","coordinates":[[[-116.984325,32.903017],[-116.984292,32.899271],[-116.987744,32.898692],[-116.993058,32.894852],[-116.99554999999998,32.887823],[-117.00319400000001,32.877255],[-117.00933900000001,32.866442],[-117.012303,32.86371],[-117.01381300000001,32.858008],[-117.011569,32.853227],[-117.017102,32.850596],[-117.02394000000001,32.845807],[-117.023276,32.839238],[-117.01863,32.837092],[-117.013799,32.839819],[-117.007602,32.840569],[-117.00544800000002,32.837325],[-117.01291800000001,32.836097],[-117.026773,32.83702],[-117.03668,32.83844],[-117.03841400000002,32.834103],[-117.00997000000001,32.815625],[-117.01120099999999,32.820277],[-117.00320200000002,32.820771],[-116.998658,32.826807],[-116.990056,32.82628],[-116.988203,32.830768],[-116.977221,32.829614],[-116.964034,32.82956],[-116.96233000000001,32.824942],[-116.96022,32.829621],[-116.94753999999999,32.829633],[-116.947554,32.827636],[-116.943392,32.824781],[-116.93820700000002,32.824144],[-116.942482,32.832798],[-116.945106,32.836325],[-116.945065,32.853391],[-116.94788,32.85341],[-116.953719,32.853389],[-116.953714,32.856984],[-116.962346,32.859326],[-116.96226100000001,32.872948],[-116.96239600000001,32.903372],[-116.980135,32.900137],[-116.980413,32.903087],[-116.984325,32.903017]]]},"properties":{"name":"Santee","geoid":"0670224","county":"San Diego","countyFP":"073"}},
{"type":"Feature","geometry":{"type":"Polygon","coordinates":[[[-117.610947,33.925114],[-117.615424,33.924229],[-117.61550100000001,33.917198],[-117.610986,33.91711900000001],[-117.61093,33.90999],[-117.60728500000002,33.9112],[-117.60711,33.912183],[-117.60034100000001,33.917761],[-117.599388,33.918782],[-117.59489,33.920622],[-117.59764200000001,33.923707],[-117.596088,33.926968],[-117.59131900000001,33.929218],[-117.586189,33.928762],[-117.57933699999998,33.935756],[-117.57068600000001,33.939856],[-117.56525100000002,33.943397],[-117.56328500000001,33.946404],[-117.558302,33.945908],[-117.55832700000002,33.95497],[-117.54955500000001,33.95724],[-117.548914,33.957226],[-117.548863,33.984364],[-117.55031699999999,33.99367],[-117.55023699999998,34.033472],[-117.558312,34.033451],[-117.55837699999998,33.98842],[-117.599802,33.975312],[-117.610943,33.971807],[-117.610947,33.925114]]]},"properties":{"name":"Eastvale","geoid":"0621230","county":"Riverside","countyFP":"065"}},
{"type":"Feature","geometry":{"type":"Polygon","coordinates":[[[-116.866163,34.264819],[-116.872218,34.264783],[-116.878705,34.263369],[-116.88157699999998,34.261045],[-116.881544,34.258074],[-116.888152,34.255691],[-116.89054700000001,34.253313],[-116.897637,34.251845],[-116.90513000000001,34.253731],[-116.9013,34.247975],[-116.906245,34.245712],[-116.912,34.247127],[-116.918457,34.243032],[-116.92664900000001,34.248446],[-116.927998,34.250623],[-116.936153,34.25],[-116.939741,34.252458],[-116.94235700000002,34.25018],[-116.93698399999998,34.246872],[-116.93480100000001,34.243449],[-116.93665000000001,34.240482],[-116.940303,34.240389],[-116.94654899999999,34.247449],[-116.95015500000001,34.245286],[-116.956834,34.244819],[-116.95051100000002,34.240515],[-116.950721,34.237914],[-116.960999,34.242339],[-116.96230000000001,34.237048],[-116.944762,34.236569],[-116.94469999999998,34.233993000000005],[-116.93744600000001,34.23442500000001],[-116.93583000000001,34.236473],[-116.918538,34.236373],[-116.91848299999998,34.232788],[-116.90974500000002,34.232693],[-116.90981699999999,34.236307],[-116.866209,34.23578],[-116.866055,34.224957],[-116.848589,34.22484],[-116.848596,34.228489],[-116.844813,34.228487],[-116.84830800000002,34.233257],[-116.86387600000002,34.242018],[-116.868958,34.243119],[-116.86835999999998,34.248511],[-116.866094,34.253886],[-116.866163,34.264819]]]},"properties":{"name":"Big Bear Lake","geoid":"0606434","county":"San Bernardino","countyFP":"071"}},
{"type":"Feature","geometry":{"type":"Polygon","coordinates":[[[-117.524096,34.06741],[-117.52431299999999,34.033469],[-117.453663,34.033617],[-117.435407,34.034227],[-117.41448,34.034313000000004],[-117.401494,34.034018],[-117.40199700000001,34.037842],[-117.40944200000001,34.037792],[-117.409453,34.044564],[-117.401472,34.044558],[-117.405427,34.048637],[-117.422561,34.04851],[-117.422583,34.063148],[-117.418218,34.066973],[-117.418276,34.084952],[-117.405205,34.08497],[-117.405378,34.121345],[-117.42727699999999,34.121341],[-117.42734600000001,34.135865],[-117.43167800000002,34.135888],[-117.431812,34.176105],[-117.43625,34.178875],[-117.43671099999999,34.181473],[-117.440386,34.183736],[-117.450662,34.176645],[-117.453477,34.177268],[-117.467773,34.172204],[-117.48392400000002,34.172184],[-117.483941,34.179337],[-117.48815799999998,34.179399],[-117.48833100000002,34.150534],[-117.47867300000001,34.150449],[-117.513658,34.121443],[-117.51454099999998,34.12146],[-117.51488499999999,34.104557],[-117.48878,34.104743],[-117.48670200000001,34.10293],[-117.47572,34.102821],[-117.475714,34.106507],[-117.46025900000001,34.106548],[-117.46028899999999,34.097471],[-117.458015,34.092066],[-117.462376,34.090226],[-117.46461299999999,34.084787],[-117.464659,34.079276],[-117.475605,34.070227],[-117.48883300000001,34.070191],[-117.48886000000002,34.075592],[-117.49315100000001,34.073768],[-117.49752200000002,34.073745],[-117.49755,34.06829],[-117.495728,34.065608],[-117.50854499999998,34.066007],[-117.517291,34.067556],[-117.524096,34.06741]]]},"properties":{"name":"Fontana","geoid":"0624680","county":"San Bernardino","countyFP":"071"}},
{"type":"Feature","geometry":{"type":"Polygon","coordinates":[[[-117.43671099999999,34.181473],[-117.43625,34.178875],[-117.431812,34.176105],[-117.43167800000002,34.135888],[-117.42734600000001,34.135865],[-117.42727699999999,34.121341],[-117.405378,34.121345],[-117.405205,34.08497],[-117.39648300000002,34.08364],[-117.39648,34.078632000000006],[-117.39210900000002,34.078626],[-117.390786,34.075223],[-117.387747,34.074093],[-117.38774,34.070495],[-117.383353,34.068485],[-117.383365,34.057724],[-117.381113,34.057757],[-117.381128,34.049814],[-117.376428,34.049911],[-117.37333799999999,34.046761],[-117.38631,34.042705],[-117.38630900000001,34.040511],[-117.390591,34.038064],[-117.39058700000001,34.033873],[-117.383295,34.033889],[-117.383287,34.040749],[-117.37970899999999,34.040519],[-117.371246,34.03491700000001],[-117.367149,34.031089],[-117.372091,34.026599],[-117.366268,34.024555],[-117.36388300000002,34.026644000000005],[-117.36737200000002,34.038234],[-117.363737,34.042744],[-117.35702300000001,34.048077],[-117.358096,34.055978],[-117.36149400000001,34.057747],[-117.365842,34.057761],[-117.36595,34.08319],[-117.359401,34.085012],[-117.357244,34.090474],[-117.357276,34.099552],[-117.352917,34.101433],[-117.352938,34.116801],[-117.348584,34.115886],[-117.342456,34.117889],[-117.348608,34.121371],[-117.34862500000001,34.136009],[-117.363938,34.136112],[-117.36620400000001,34.140112],[-117.36466900000002,34.146184],[-117.36905099999998,34.149343],[-117.37601,34.151899],[-117.369853,34.153569],[-117.38343,34.164874],[-117.386461,34.16893],[-117.39226000000001,34.159152],[-117.398495,34.157686],[-117.402555,34.15984],[-117.407135,34.167314],[-117.40787200000001,34.170658],[-117.40549100000001,34.174908],[-117.41151499999998,34.178812],[-117.422747,34.183496],[-117.429773,34.187257],[-117.43671099999999,34.181473]],[[-117.40762900000001,34.139504],[-117.4076,34.143711],[-117.40101499999999,34.144557],[-117.40102000000002,34.14041100000001],[-117.40540100000001,34.141393],[-117.40762900000001,34.139504]],[[-117.394968,34.153434],[-117.393735,34.154998],[-117.38782,34.153176],[-117.375597,34.147389000000004],[-117.372472,34.144344],[-117.377645,34.139455],[-117.38010800000002,34.130686],[-117.38577600000002,34.130489],[-117.385745,34.134484],[-117.379375,34.135937],[-117.377006,34.142443],[-117.394968,34.153434]]]},"properties":{"name":"Rialto","geoid":"0660466","county":"San Bernardino","countyFP":"071"}},
{"type":"Feature","geometry":{"type":"Polygon","coordinates":[[[-117.24281900000001,33.007465],[-117.26003499999999,33.007422],[-117.25926600000001,33.003827],[-117.27258,33.003926],[-117.279456,32.999272],[-117.27677000000001,32.995243],[-117.27386999999999,32.980544],[-117.272333,32.980132],[-117.26179100000002,32.980436],[-117.256149,32.979417],[-117.25606200000001,32.982121],[-117.24952599999999,32.982049],[-117.249585,32.985618],[-117.23869300000001,32.98574],[-117.240827,32.989871],[-117.23863699999998,32.992582],[-117.23877199999998,33.000312],[-117.237734,33.004675],[-117.24281900000001,33.007465]]]},"properties":{"name":"Solana Beach","geoid":"0672506","county":"San Diego","countyFP":"073"}},
{"type":"Feature","geometry":{"type":"Polygon","coordinates":[[[-117.26565100000002,33.583799],[-117.27744600000001,33.575767],[-117.28005,33.566237],[-117.274454,33.569202],[-117.26579100000001,33.563804],[-117.265215,33.566682],[-117.256208,33.568076],[-117.254856,33.554503],[-117.252515,33.560983],[-117.246831,33.561603],[-117.247245,33.556122],[-117.243274,33.551008],[-117.24323800000002,33.547861],[-117.240794,33.540322],[-117.233395,33.546315],[-117.19002000000002,33.513428],[-117.16824100000001,33.530065],[-117.17257,33.536507],[-117.16265699999998,33.544052],[-117.15972000000001,33.541426],[-117.153362,33.546328],[-117.15048700000001,33.543699],[-117.14128,33.549539],[-117.13986499999999,33.55704],[-117.13653700000002,33.568893],[-117.132241,33.583353],[-117.126253,33.590795],[-117.11845499999998,33.598044],[-117.136695,33.597772],[-117.154173,33.59788],[-117.154071,33.62694],[-117.149789,33.62694],[-117.14975500000001,33.63412],[-117.15411700000001,33.634172],[-117.16566,33.634244],[-117.166447,33.641522],[-117.17105699999999,33.64153400000001],[-117.171076,33.627037],[-117.17107200000001,33.612315],[-117.18946799999999,33.61237],[-117.197655,33.611639],[-117.20603600000001,33.611887],[-117.206335,33.60297500000001],[-117.244828,33.576318],[-117.260952,33.585935],[-117.26565100000002,33.583799]]]},"properties":{"name":"Murrieta","geoid":"0650076","county":"Riverside","countyFP":"065"}},
{"type":"Feature","geometry":{"type":"Polygon","coordinates":[[[-118.788889,34.168214],[-118.792807,34.146042],[-118.80042,34.13935],[-118.78740600000002,34.136312],[-118.76983100000001,34.134629],[-118.75659300000001,34.140832],[-118.738424,34.132761],[-118.72846899999999,34.132593],[-118.723876,34.131552],[-118.724099,34.125329],[-118.719776,34.125342],[-118.71979,34.128972],[-118.71981200000002,34.132608],[-118.719809,34.136279],[-118.72415,34.138191],[-118.72970900000001,34.13871],[-118.737066,34.142968],[-118.737085,34.154436],[-118.732725,34.154427],[-118.728689,34.167892],[-118.75558099999999,34.168059],[-118.788889,34.168214]]]},"properties":{"name":"Agoura Hills","geoid":"0600394","county":"Los Angeles","countyFP":"037"}},
{"type":"Feature","geometry":{"type":"Polygon","coordinates":[[[-118.08780600000001,33.880338],[-118.09103799999998,33.876652],[-118.090901,33.861313],[-118.086483,33.86025],[-118.08644999999999,33.856004],[-118.08209200000002,33.85604],[-118.08211100000001,33.860495],[-118.07224100000002,33.854512],[-118.06891499999999,33.853423],[-118.070178,33.860339],[-118.070384,33.873111],[-118.080043,33.873054],[-118.07965299999998,33.876735],[-118.07484100000002,33.876769],[-118.074895,33.880383],[-118.08780600000001,33.880338]]]},"properties":{"name":"Artesia","geoid":"0602896","county":"Los Angeles","countyFP":"037"}},
{"type":"Feature","geometry":{"type":"Polygon","coordinates":[[[-117.272333,32.980132],[-117.269161,32.9679],[-117.268085,32.95763],[-117.26229899999998,32.939748],[-117.25814699999998,32.938402],[-117.25598099999999,32.942017],[-117.255918,32.945644],[-117.26013400000001,32.945611],[-117.26018199999999,32.952854],[-117.25590200000002,32.952978],[-117.256149,32.979417],[-117.26179100000002,32.980436],[-117.272333,32.980132]]]},"properties":{"name":"Del Mar","geoid":"0618506","county":"San Diego","countyFP":"073"}},
{"type":"Feature","geometry":{"type":"Polygon","coordinates":[[[-118.29308600000002,33.39621],[-118.331475,33.353499],[-118.34350499999998,33.340305],[-118.346658,33.321043],[-118.346662,33.318089],[-118.32674100000001,33.31807],[-118.326905,33.329606],[-118.31768800000002,33.339679],[-118.317697,33.330907],[-118.315992,33.326927],[-118.30982900000001,33.330898],[-118.302493,33.330889],[-118.306051,33.338887],[-118.312532,33.34552],[-118.279416,33.382682],[-118.28039600000001,33.384012],[-118.28581,33.389842],[-118.29308600000002,33.39621]]]},"properties":{"name":"Avalon","geoid":"0603274","county":"Los Angeles","countyFP":"037"}},
{"type":"Feature","geometry":{"type":"Polygon","coordinates":[[[-118.15129400000001,33.879807],[-118.15124,33.868916],[-118.14665100000002,33.868936],[-118.11430699999998,33.868972],[-118.11427900000001,33.865574],[-118.108429,33.865587],[-118.10816000000001,33.88694],[-118.10834099999998,33.906377],[-118.10975100000002,33.909816],[-118.13409,33.909764],[-118.13913900000001,33.909027],[-118.142404,33.910453],[-118.142932,33.902467],[-118.142741,33.889334],[-118.146971,33.88931],[-118.146955,33.879818],[-118.15129400000001,33.879807]]]},"properties":{"name":"Bellflower","geoid":"0604982","county":"Los Angeles","countyFP":"037"}},
{"type":"Feature","geometry":{"type":"Polygon","coordinates":[[[-118.16909400000002,33.963786],[-118.170285,33.954103],[-118.15860400000001,33.951894],[-118.15361399999999,33.955898],[-118.13997700000002,33.963239],[-118.13385100000002,33.970612],[-118.12937000000001,33.970986],[-118.130636,33.973295],[-118.13496,33.97257],[-118.150231,33.974259],[-118.149643,33.977653],[-118.16704900000002,33.979358],[-118.167593,33.972839],[-118.16571100000002,33.968163],[-118.16909400000002,33.963786]]]},"properties":{"name":"Bell Gardens","geoid":"0604996","county":"Los Angeles","countyFP":"037"}},
{"type":"Feature","geometry":{"type":"Polygon","coordinates":[[[-117.677706,34.165173],[-117.69789600000001,34.165252],[-117.69833200000001,34.157898],[-117.683835,34.157982],[-117.68587599999998,34.154308],[-117.702906,34.154268],[-117.70273000000002,34.157943],[-117.71570400000002,34.158103],[-117.715854,34.165381],[-117.724548,34.165396],[-117.72451399999999,34.15812],[-117.728871,34.15814],[-117.72877700000001,34.150874],[-117.73322699999999,34.150906],[-117.73319900000001,34.147282],[-117.741698,34.147249],[-117.741905,34.125252],[-117.739864,34.12166],[-117.75076900000002,34.120674],[-117.750612,34.109639],[-117.74852799999998,34.1108],[-117.74534,34.110815],[-117.73901100000002,34.108137],[-117.73680900000001,34.105189],[-117.736801,34.103394],[-117.736794,34.098858],[-117.732408,34.098724],[-117.73234300000001,34.090326],[-117.72798100000001,34.090424],[-117.727997,34.079477],[-117.71117,34.079536],[-117.704356,34.09529],[-117.686799,34.138122],[-117.683264,34.150488],[-117.677706,34.165173]],[[-117.738038,34.121673],[-117.73763699999999,34.128943],[-117.726788,34.128874],[-117.726818,34.121567000000006],[-117.738038,34.121673]]]},"properties":{"name":"Claremont","geoid":"0613756","county":"Los Angeles","countyFP":"037"}},
{"type":"Feature","geometry":{"type":"Polygon","coordinates":[[[-118.192125,34.012921],[-118.193474,34.009516],[-118.182043,34.00565],[-118.170122,33.999547],[-118.16040200000002,33.995028],[-118.15207,33.992216],[-118.152812,33.990696],[-118.160939,33.991933],[-118.16166999999999,33.987268],[-118.17024799999999,33.988156],[-118.16704900000002,33.979358],[-118.149643,33.977653],[-118.150231,33.974259],[-118.13496,33.97257],[-118.130636,33.973295],[-118.12937000000001,33.970986],[-118.12128399999999,33.972968],[-118.122811,33.974409],[-118.134219,33.985656],[-118.128542,33.985536],[-118.125231,33.991168],[-118.129858,33.993048],[-118.12756899999998,34.008047],[-118.14754399999998,34.009768],[-118.146584,34.017716],[-118.15365000000001,34.01963],[-118.15937099999998,34.01082],[-118.175897,34.018273],[-118.175905,34.011534],[-118.18123700000001,34.012036],[-118.18129400000001,34.015665],[-118.19223100000002,34.016546],[-118.192125,34.012921]]]},"properties":{"name":"Commerce","geoid":"0614974","county":"Los Angeles","countyFP":"037"}},
{"type":"Feature","geometry":{"type":"Polygon","coordinates":[[[-118.199526,33.970954],[-118.199897,33.967792],[-118.19278199999998,33.961622],[-118.18528000000002,33.955637],[-118.179653,33.955099],[-118.17792400000002,33.956825],[-118.173152,33.95632],[-118.170285,33.954103],[-118.16909400000002,33.963786],[-118.17287499999999,33.967547],[-118.187894,33.969149],[-118.194059,33.969229],[-118.199526,33.970954]]]},"properties":{"name":"Cudahy","geoid":"0617498","county":"Los Angeles","countyFP":"037"}},
{"type":"Feature","geometry":{"type":"Polygon","coordinates":[[[-118.061845,34.086633],[-118.06308,34.08118700000001],[-118.059406,34.081294],[-118.055969,34.084701],[-118.055768,34.07245],[-118.072927,34.072266],[-118.072546,34.070154],[-118.067761,34.06535],[-118.068568,34.062836],[-118.060984,34.063531],[-118.06003399999999,34.063472],[-118.053481,34.059089],[-118.03814099999998,34.058596],[-118.034629,34.056026],[-118.03412900000001,34.051934],[-118.02819000000001,34.046899],[-118.02766499999998,34.044979],[-118.02164100000002,34.041689],[-118.01433099999998,34.045687],[-118.01007899999999,34.050922],[-118.007844,34.057666],[-118.01251100000002,34.060994],[-118.00532300000002,34.064094],[-118.001464,34.076865],[-117.998926,34.087265],[-118.001862,34.088262],[-117.99765100000002,34.096895],[-118.009566,34.100946],[-118.016386,34.096728],[-118.02026900000001,34.099349],[-118.025395,34.0964],[-118.028624,34.097074],[-118.03269099999999,34.096475],[-118.03616400000001,34.092557],[-118.055075,34.089334],[-118.05677699999998,34.085448],[-118.061845,34.086633]]]},"properties":{"name":"El Monte","geoid":"0622230","county":"Los Angeles","countyFP":"037"}},
{"type":"Feature","geometry":{"type":"Polygon","coordinates":[[[-118.198208,34.236789],[-118.195953,34.233319],[-118.190021,34.231117],[-118.19142499999998,34.22655],[-118.18886999999998,34.222654],[-118.18480399999999,34.222622],[-118.18405899999999,34.216112],[-118.177675,34.214162],[-118.17648,34.209331],[-118.17352300000002,34.206054],[-118.167644,34.204414],[-118.16802800000002,34.201111000000004],[-118.17208800000002,34.197018],[-118.17509,34.198017],[-118.17833600000002,34.194484],[-118.178873,34.187528],[-118.17587100000001,34.185638],[-118.17665199999999,34.181582],[-118.187426,34.179229],[-118.18888100000001,34.177876],[-118.19097,34.173204],[-118.184157,34.159732],[-118.181583,34.149909],[-118.183787,34.14908],[-118.184561,34.145401],[-118.180488,34.140875],[-118.18567799999998,34.138875],[-118.18609700000002,34.133732],[-118.18134,34.129498],[-118.180193,34.126425],[-118.170631,34.126863],[-118.16805300000001,34.123923],[-118.150271,34.124037],[-118.144413,34.12274],[-118.14199500000001,34.11953],[-118.134225,34.117389],[-118.12762100000002,34.118136],[-118.130779,34.126153],[-118.13117399999999,34.129678],[-118.119579,34.132548],[-118.113827,34.132941],[-118.11401700000002,34.13685900000001],[-118.11002100000002,34.137175],[-118.11003,34.141542],[-118.09548,34.141632],[-118.09517499999998,34.13693],[-118.09429299999998,34.135245],[-118.08387400000001,34.133081],[-118.08322500000001,34.144566],[-118.07371900000001,34.147862],[-118.07342400000002,34.150214],[-118.067824,34.150287],[-118.067958,34.156821],[-118.068205,34.172767],[-118.065634,34.175104],[-118.06747100000001,34.176171],[-118.07808800000001,34.176819],[-118.07762700000002,34.167582],[-118.078446,34.161656],[-118.081155,34.161621],[-118.078857,34.173784],[-118.08188000000001,34.17350900000001],[-118.082857,34.1693],[-118.08606,34.167505],[-118.091816,34.172145],[-118.09274299999998,34.175622],[-118.09043999999999,34.178838],[-118.09824999999998,34.178865],[-118.097107,34.181050000000006],[-118.10037200000001,34.185742],[-118.10047999999999,34.196844],[-118.104808,34.194856],[-118.103808,34.186977],[-118.10031500000001,34.183027],[-118.098242,34.175631],[-118.09505800000001,34.169176],[-118.09834200000002,34.167567],[-118.10937299999999,34.167588],[-118.11302400000001,34.16958],[-118.11695999999999,34.169608],[-118.116619,34.17531],[-118.126251,34.175083],[-118.14220200000001,34.181565],[-118.164115,34.181436],[-118.168607,34.185513],[-118.16750600000002,34.190535],[-118.168455,34.19325],[-118.163448,34.199788],[-118.15954699999999,34.20001],[-118.16395800000001,34.204894],[-118.16715200000002,34.211184],[-118.164412,34.215257],[-118.178728,34.215363],[-118.1791,34.222575],[-118.18698600000002,34.223195],[-118.186901,34.251543],[-118.195257,34.25152],[-118.195514,34.236596],[-118.198208,34.236789]]]},"properties":{"name":"Pasadena","geoid":"0656000","county":"Los Angeles","countyFP":"037"}},
{"type":"Feature","geometry":{"type":"Polygon","coordinates":[[[-118.56311100000002,33.987823],[-118.55735600000001,33.987673],[-118.548417,33.97997],[-118.537659,33.966884],[-118.48398599999999,33.995097],[-118.443517,34.016576],[-118.453065,34.02804],[-118.45713799999999,34.029736],[-118.477283,34.046699],[-118.48376600000002,34.04143],[-118.494468,34.050560000000004],[-118.50396499999998,34.040724000000004],[-118.50755500000001,34.04007],[-118.509346,34.032794],[-118.51524099999999,34.02694],[-118.54608800000001,34.001907],[-118.56311100000002,33.987823]]]},"properties":{"name":"Santa Monica","geoid":"0670000","county":"Los Angeles","countyFP":"037"}},
{"type":"Feature","geometry":{"type":"Polygon","coordinates":[[[-118.496342,33.916156],[-118.492778,33.911342],[-118.48893900000002,33.904157],[-118.475015,33.887162],[-118.41962500000001,33.906141],[-118.41747600000001,33.901774],[-118.37870100000002,33.901905],[-118.378388,33.916356],[-118.374341,33.916306],[-118.378373,33.920008],[-118.37842899999998,33.929008],[-118.378728,33.930895],[-118.399256,33.93088],[-118.40207000000001,33.931279],[-118.42504700000002,33.931288],[-118.428769,33.930891],[-118.428754,33.927201],[-118.426571,33.921769],[-118.42222199999999,33.919957],[-118.422221,33.916329],[-118.429656,33.916325],[-118.436981,33.916308],[-118.496342,33.916156]]]},"properties":{"name":"El Segundo","geoid":"0622412","county":"Los Angeles","countyFP":"037"}},
{"type":"Feature","geometry":{"type":"Polygon","coordinates":[[[-118.081926,33.831262],[-118.081703,33.825083],[-118.074676,33.823008],[-118.071826,33.823974],[-118.06326800000001,33.824107],[-118.06332199999999,33.831541],[-118.06123,33.833314],[-118.06771100000002,33.833306],[-118.067641,33.837992],[-118.07884199999998,33.838717],[-118.07969,33.83401],[-118.081926,33.831262]]]},"properties":{"name":"Hawaiian Gardens","geoid":"0632506","county":"Los Angeles","countyFP":"037"}},
{"type":"Feature","geometry":{"type":"Polygon","coordinates":[[[-118.45538,33.861001],[-118.44725399999999,33.84876],[-118.443968,33.839057],[-118.446646,33.836286],[-118.38473000000002,33.856671],[-118.38586600000001,33.864406],[-118.39137100000002,33.872812],[-118.396025,33.872897],[-118.39596300000001,33.877101],[-118.40719200000001,33.877747],[-118.45538,33.861001]]]},"properties":{"name":"Hermosa Beach","geoid":"0633364","county":"Los Angeles","countyFP":"037"}},
{"type":"Feature","geometry":{"type":"Polygon","coordinates":[[[-118.668153,34.17675],[-118.66815200000002,34.168195],[-118.674241,34.168268],[-118.674213,34.154664],[-118.658687,34.15465],[-118.658676,34.158344],[-118.64755600000001,34.158456],[-118.64542799999998,34.156561],[-118.64126900000001,34.158325],[-118.641975,34.161975],[-118.64555299999999,34.161985],[-118.645534,34.165696],[-118.65428100000001,34.165722],[-118.65426399999998,34.169427],[-118.65862899999999,34.16944],[-118.65858900000002,34.176749],[-118.668153,34.17675]]]},"properties":{"name":"Hidden Hills","geoid":"0633518","county":"Los Angeles","countyFP":"037"}},
{"type":"Feature","geometry":{"type":"MultiPolygon","coordinates":[[[[-117.943627,33.643334],[-117.94174999999998,33.647824],[-117.94526899999998,33.647794],[-117.945125,33.643342],[-117.943627,33.643334]]],[[[-117.942751,33.637427],[-117.94048899999999,33.632411],[-117.940409,33.623706],[-117.946393,33.625422],[-117.94782999999998,33.631786],[-117.95120300000002,33.630047],[-117.95685400000002,33.631154],[-117.958154,33.627298],[-117.96939500000002,33.61234],[-117.988741,33.585567],[-117.97380700000001,33.576229],[-117.93404599999998,33.549254000000005],[-117.90562700000001,33.535371],[-117.836616,33.569716],[-117.833065,33.565788],[-117.82913400000001,33.564041],[-117.82291800000002,33.569074],[-117.82113599999998,33.573976],[-117.81604300000001,33.576054],[-117.815624,33.579353],[-117.812916,33.582207],[-117.81259699999998,33.586757],[-117.805169,33.590131],[-117.803604,33.597014],[-117.80430900000002,33.599807],[-117.80240300000001,33.604668],[-117.799159,33.607081],[-117.80506000000001,33.60919],[-117.81408,33.61104],[-117.81757999999999,33.61376],[-117.82211,33.62071],[-117.82892,33.6238],[-117.83458000000002,33.62857],[-117.84882000000002,33.63324],[-117.85634,33.63805],[-117.85876,33.64083],[-117.86000800000001,33.651383],[-117.86280300000001,33.657568],[-117.85428400000002,33.666129],[-117.86125300000002,33.670983],[-117.864029,33.671739],[-117.86680799999999,33.670559],[-117.87676700000002,33.660551],[-117.879409,33.663573],[-117.88324000000001,33.665397],[-117.887626,33.660984],[-117.88429,33.658664],[-117.888398,33.654447],[-117.889899,33.652937],[-117.89046700000002,33.652359],[-117.89511,33.652034],[-117.89861500000002,33.648576],[-117.89815700000001,33.644711],[-117.90195500000002,33.64089],[-117.89923200000001,33.637953],[-117.91146400000001,33.625644],[-117.91479999999999,33.627963],[-117.91757399999999,33.625171],[-117.92750899999999,33.632079],[-117.931836,33.631584],[-117.93936800000002,33.632422],[-117.942751,33.637427]]]]},"properties":{"name":"Newport Beach","geoid":"0651182","county":"Orange","countyFP":"059"}},
{"type":"Feature","geometry":{"type":"Polygon","coordinates":[[[-118.10816000000001,33.88694],[-118.108429,33.865587],[-118.108317,33.858371],[-118.103074,33.858401],[-118.099211,33.845876],[-118.086369,33.845971],[-118.08637100000001,33.849633],[-118.08202100000001,33.849641],[-118.081981,33.846006],[-118.05904000000001,33.846195],[-118.05892000000001,33.846196],[-118.05468699999999,33.846218],[-118.05472300000001,33.849821],[-118.05037499999999,33.849872],[-118.05040199999999,33.853539],[-118.04608199999998,33.853611],[-118.046188,33.858688],[-118.041853,33.858715],[-118.04188400000001,33.862332],[-118.03753600000002,33.862369],[-118.037598,33.866013],[-118.028717,33.866242],[-118.028782,33.873322],[-118.028888,33.882629],[-118.038421,33.887775],[-118.05538299999999,33.88765],[-118.064244,33.887162],[-118.07282500000001,33.885833],[-118.074895,33.880383],[-118.07484100000002,33.876769],[-118.07965299999998,33.876735],[-118.080043,33.873054],[-118.070384,33.873111],[-118.070178,33.860339],[-118.06891499999999,33.853423],[-118.07224100000002,33.854512],[-118.08211100000001,33.860495],[-118.08209200000002,33.85604],[-118.08644999999999,33.856004],[-118.086483,33.86025],[-118.090901,33.861313],[-118.09103799999998,33.876652],[-118.08780600000001,33.880338],[-118.091086,33.880326],[-118.095431,33.880314],[-118.095533,33.887426],[-118.10816000000001,33.88694]]]},"properties":{"name":"Cerritos","geoid":"0612552","county":"Los Angeles","countyFP":"037"}},
{"type":"Feature","geometry":{"type":"Polygon","coordinates":[[[-117.90990800000002,34.106856],[-117.91420700000002,34.107035],[-117.913664,34.099560000000004],[-117.91437900000001,34.092166],[-117.925408,34.092936],[-117.926372,34.086581],[-117.921341,34.08891],[-117.91658600000001,34.088427],[-117.916563,34.084655000000005],[-117.90776700000002,34.084595],[-117.90336900000001,34.086284],[-117.903301,34.075466],[-117.898895,34.073612],[-117.89240099999999,34.073579],[-117.890155,34.075271],[-117.881399,34.07520900000001],[-117.881389,34.073484],[-117.874187,34.073451],[-117.871212,34.075438],[-117.86664300000001,34.071332],[-117.85908599999999,34.068372],[-117.85813199999998,34.070036],[-117.860298,34.078208],[-117.85718599999998,34.081636],[-117.84716699999998,34.075521],[-117.841877,34.080933],[-117.844731,34.082096],[-117.853412,34.082651],[-117.852176,34.086204],[-117.851321,34.086218],[-117.85114200000001,34.086282],[-117.84990799999999,34.087689],[-117.84724,34.089274],[-117.846396,34.09281],[-117.84544099999998,34.093386],[-117.842004,34.095798],[-117.846354,34.103036],[-117.85508000000002,34.103042],[-117.85632300000002,34.099398],[-117.86161400000002,34.099424],[-117.861621,34.10304],[-117.866005,34.103257],[-117.87019500000001,34.099421],[-117.87716699999999,34.099425],[-117.877225,34.102942],[-117.872502,34.102943],[-117.869241,34.106462],[-117.87777900000002,34.105584],[-117.88716500000001,34.10677],[-117.90990800000002,34.106856]],[[-117.905575,34.098613],[-117.90334500000002,34.100401],[-117.896572,34.099508],[-117.897891,34.092133],[-117.90230300000002,34.092127],[-117.902269,34.095254],[-117.905575,34.098613]],[[-117.87178000000002,34.078739],[-117.866438,34.08069],[-117.86528699999998,34.07702700000001],[-117.87178000000002,34.078739]]]},"properties":{"name":"Covina","geoid":"0616742","county":"Los Angeles","countyFP":"037"}},
{"type":"Feature","geometry":{"type":"Polygon","coordinates":[[[-118.30878999999999,33.802217],[-118.311739,33.802251],[-118.31170400000002,33.807645],[-118.327941,33.806862],[-118.32779800000002,33.786199],[-118.323149,33.785865],[-118.31657,33.783651],[-118.317981,33.781678],[-118.31517200000002,33.778742],[-118.318283,33.774982],[-118.30892299999998,33.774964],[-118.30642700000001,33.774958],[-118.30870900000001,33.782215],[-118.30878999999999,33.802217]]]},"properties":{"name":"Lomita","geoid":"0642468","county":"Los Angeles","countyFP":"037"}},
{"type":"Feature","geometry":{"type":"Polygon","coordinates":[[[-118.475015,33.887162],[-118.45820400000001,33.865256],[-118.45538,33.861001],[-118.40719200000001,33.877747],[-118.39596300000001,33.877101],[-118.396025,33.872897],[-118.39137100000002,33.872812],[-118.379955,33.872834],[-118.378667,33.880073],[-118.378721,33.894646],[-118.37870100000002,33.901905],[-118.41747600000001,33.901774],[-118.41962500000001,33.906141],[-118.475015,33.887162]]]},"properties":{"name":"Manhattan Beach","geoid":"0645400","county":"Los Angeles","countyFP":"037"}},
{"type":"Feature","geometry":{"type":"Polygon","coordinates":[[[-118.20451200000001,33.989559],[-118.204156,33.988957],[-118.19005,33.987187],[-118.189743,33.982021],[-118.170187,33.980092],[-118.172554,33.986482],[-118.17576900000002,33.986892],[-118.17807200000001,33.98995],[-118.18580299999999,33.994433],[-118.204327,33.996653],[-118.20451200000001,33.989559]]]},"properties":{"name":"Maywood","geoid":"0646492","county":"Los Angeles","countyFP":"037"}},
{"type":"Feature","geometry":{"type":"Polygon","coordinates":[[[-118.02137,34.179439],[-118.017593,34.179453],[-118.01637200000002,34.176686],[-118.021375,34.173328],[-118.02121500000001,34.151242],[-118.0207,34.150907],[-118.020009,34.130164],[-118.007237,34.130323],[-118.00673199999999,34.129339],[-118.003909,34.130375],[-118.003952,34.117442],[-118.00523699999998,34.115243],[-118.00458800000001,34.111899],[-118.01300600000002,34.105198],[-118.015761,34.1042],[-118.00734199999998,34.105566],[-118.002238,34.104968],[-118.000499,34.108536],[-118.00504699999999,34.110074],[-118.004466,34.11125500000001],[-118.00375299999999,34.117312],[-117.99705800000001,34.117683],[-118.00375000000001,34.117437],[-118.00372600000001,34.124928],[-117.995948,34.126839],[-117.994991,34.130442],[-117.987691,34.129482],[-117.986319,34.132518],[-117.986289,34.139572],[-117.980588,34.139585],[-117.979753,34.14322800000001],[-117.97537999999999,34.143658],[-117.975381,34.146914],[-117.980208,34.146869],[-117.985634,34.155285],[-117.98299999999999,34.15753],[-117.977558,34.155903],[-117.977525,34.165107000000006],[-117.959558,34.16516],[-117.94363,34.16523600000001],[-117.94233400000002,34.166891],[-117.94250300000002,34.179485],[-117.95974300000002,34.179585],[-117.959951,34.194202],[-117.995161,34.194313],[-118.021385,34.19394],[-118.02137,34.179439]]]},"properties":{"name":"Monrovia","geoid":"0648648","county":"Los Angeles","countyFP":"037"}},
{"type":"Feature","geometry":{"type":"Polygon","coordinates":[[[-117.852176,34.086204],[-117.853412,34.082651],[-117.844731,34.082096],[-117.841877,34.080933],[-117.84716699999998,34.075521],[-117.845201,34.072685],[-117.83516300000001,34.070282],[-117.83376900000002,34.067116],[-117.825791,34.064028],[-117.81874499999999,34.063658],[-117.807296,34.065017],[-117.78942399999998,34.072851],[-117.77974000000002,34.079098],[-117.78387799999999,34.081026],[-117.78540299999999,34.085091],[-117.784038,34.089071],[-117.786615,34.09047],[-117.79479199999999,34.090929],[-117.79267400000002,34.093855],[-117.795856,34.095924],[-117.79744200000002,34.099865],[-117.79153099999999,34.103739],[-117.79406299999998,34.10666200000001],[-117.79405899999999,34.11027],[-117.794043,34.11572],[-117.791848,34.11753600000001],[-117.79186199999998,34.119442],[-117.79296,34.122269],[-117.794151,34.125428],[-117.783988,34.1297],[-117.783821,34.1317],[-117.776737,34.13971],[-117.773331,34.142231],[-117.776111,34.146992],[-117.78098699999998,34.146907],[-117.78093599999998,34.16518],[-117.793861,34.165149],[-117.80272699999999,34.16513],[-117.80277800000002,34.157809],[-117.81150300000002,34.157835],[-117.81179,34.125356],[-117.82029800000001,34.126861],[-117.820209,34.117566],[-117.828842,34.113915],[-117.837652,34.113937],[-117.837641,34.106739],[-117.842004,34.095798],[-117.84544099999998,34.093386],[-117.846396,34.09281],[-117.84724,34.089274],[-117.84990799999999,34.087689],[-117.85114200000001,34.086282],[-117.851321,34.086218],[-117.852176,34.086204]],[[-117.849498,34.083368],[-117.84856899999998,34.08590800000001],[-117.83869600000001,34.087473],[-117.834055,34.092066],[-117.82033000000001,34.092163],[-117.820152,34.090725],[-117.837885,34.085967],[-117.84551,34.082857],[-117.849498,34.083368]]]},"properties":{"name":"San Dimas","geoid":"0666070","county":"Los Angeles","countyFP":"037"}},
{"type":"Feature","geometry":{"type":"Polygon","coordinates":[[[-116.31670400000002,32.661026],[-116.314943,32.654453],[-116.306525,32.655627],[-116.29531,32.654963],[-116.292788,32.657126],[-116.288534,32.657512],[-116.285574,32.654609],[-116.27614200000001,32.648826],[-116.27318700000001,32.648715],[-116.26935300000001,32.657067],[-116.26479499999999,32.660051],[-116.26328199999999,32.6646],[-116.260046,32.668152],[-116.29451600000002,32.678026],[-116.29868099999999,32.676737],[-116.29419,32.673054],[-116.30540900000001,32.671308],[-116.307152,32.673138],[-116.31538600000002,32.672579],[-116.31670400000002,32.661026]]]},"properties":{"name":"Boulevard","geoid":"0607694","county":"San Diego","countyFP":"073"}},
{"type":"Feature","geometry":{"type":"Polygon","coordinates":[[[-118.255633,34.501779000000006],[-118.255525,34.495911],[-118.25990000000002,34.495885],[-118.257722,34.481838],[-118.24601400000002,34.481722000000005],[-118.245037,34.478058],[-118.24530600000001,34.467315],[-118.236997,34.467388],[-118.23701800000002,34.46341],[-118.21965000000002,34.462676],[-118.21967,34.465697],[-118.207992,34.466057],[-118.20662500000002,34.462882],[-118.206285,34.456131],[-118.18468700000001,34.455689],[-118.18474400000001,34.4537],[-118.15443099999999,34.451935],[-118.14911600000002,34.451954],[-118.148454,34.466261],[-118.11870700000001,34.466262],[-118.11850100000001,34.48063],[-118.09672099999999,34.480757],[-118.09666999999999,34.473482],[-118.079637,34.473567],[-118.07974,34.495369000000004],[-118.121012,34.495124],[-118.123438,34.50030700000001],[-118.13147400000001,34.507935],[-118.13288,34.507909],[-118.153655,34.527429000000005],[-118.16298800000001,34.527586],[-118.16294,34.523716],[-118.176189,34.523803],[-118.17601500000002,34.531354],[-118.18516400000001,34.531246],[-118.185162,34.534773],[-118.18950600000001,34.534963],[-118.189414,34.538559],[-118.20703400000001,34.539023],[-118.206984,34.542696],[-118.22018200000001,34.542752],[-118.22024700000001,34.53909],[-118.237883,34.538948],[-118.25550500000001,34.539293],[-118.255633,34.501779000000006]]]},"properties":{"name":"Acton","geoid":"0600212","county":"Los Angeles","countyFP":"037"}},
{"type":"Feature","geometry":{"type":"Polygon","coordinates":[[[-118.255341,34.543063],[-118.267253,34.544493],[-118.270102,34.539902],[-118.275068,34.534415],[-118.279338,34.533801],[-118.281154,34.537413],[-118.28956700000002,34.536219],[-118.293167,34.537095],[-118.30217500000002,34.533719],[-118.31062,34.536605],[-118.318058,34.530116],[-118.32512699999998,34.525497],[-118.34935599999999,34.525232],[-118.355728,34.523641],[-118.358541,34.525715],[-118.361688,34.522468],[-118.36150400000001,34.49658],[-118.37261000000001,34.496217],[-118.377295,34.492467],[-118.377512,34.481201000000006],[-118.37898199999998,34.467259],[-118.343226,34.467366],[-118.34056400000001,34.464922],[-118.329952,34.466985],[-118.330955,34.470077],[-118.326335,34.470902],[-118.32636000000001,34.485206],[-118.324659,34.488687],[-118.30853799999998,34.488555],[-118.30869,34.481375],[-118.289024,34.481608],[-118.286972,34.484159],[-118.286071,34.489656],[-118.282961,34.492301],[-118.27079099999999,34.496987],[-118.26055800000002,34.498453],[-118.255633,34.501779000000006],[-118.25550500000001,34.539293],[-118.255341,34.543063]]]},"properties":{"name":"Agua Dulce","geoid":"0600450","county":"Los Angeles","countyFP":"037"}},
{"type":"Feature","geometry":{"type":"Polygon","coordinates":[[[-116.821826,33.426873],[-116.818498,33.428967],[-116.817938,33.433071],[-116.821562,33.43433],[-116.82125000000002,33.438158],[-116.82325099999998,33.440774],[-116.823321,33.457888],[-116.82523499999999,33.462271],[-116.82890400000001,33.463936],[-116.82088400000002,33.4676],[-116.815938,33.472327],[-116.81693000000001,33.476068],[-116.820596,33.48086],[-116.82344900000001,33.475751],[-116.826954,33.474943],[-116.834456,33.477368],[-116.835145,33.484440000000006],[-116.84256800000001,33.482819],[-116.848679,33.47853],[-116.856516,33.477945],[-116.862366,33.480245],[-116.866094,33.476992],[-116.87104,33.477303],[-116.87534300000002,33.473182],[-116.87421100000002,33.466344],[-116.87239500000001,33.463215],[-116.87352700000001,33.458854],[-116.88335399999998,33.470041],[-116.89329700000002,33.470169],[-116.892843,33.45642],[-116.898088,33.45514],[-116.896459,33.451734],[-116.89805300000002,33.449192],[-116.903403,33.449204],[-116.89828,33.443624],[-116.894664,33.444581],[-116.89030699999999,33.441987],[-116.878646,33.440489],[-116.878596,33.437723],[-116.883324,33.437947],[-116.887355,33.434923],[-116.888049,33.431154],[-116.88376500000001,33.426950000000005],[-116.857095,33.426574],[-116.821826,33.426873]]]},"properties":{"name":"Aguanga","geoid":"0600464","county":"Riverside","countyFP":"065"}},
{"type":"Feature","geometry":{"type":"Polygon","coordinates":[[[-118.343821,33.893392],[-118.343776,33.877234],[-118.326488,33.882821],[-118.32649200000002,33.901811],[-118.335174,33.894663],[-118.342308,33.894658],[-118.343821,33.893392]]]},"properties":{"name":"Alondra Park","geoid":"0601150","county":"Los Angeles","countyFP":"037"}},
{"type":"Feature","geometry":{"type":"Polygon","coordinates":[[[-116.814181,32.833843],[-116.815499,32.831223],[-116.811021,32.825406],[-116.80640399999999,32.822391],[-116.806765,32.818969],[-116.810022,32.818456],[-116.80925599999999,32.812242],[-116.812326,32.807725],[-116.819571,32.803518],[-116.81048199999998,32.804537],[-116.802658,32.807261],[-116.796752,32.805001],[-116.781484,32.805323],[-116.77904600000001,32.803563],[-116.769214,32.802041],[-116.76572600000002,32.802418],[-116.755535,32.799027],[-116.74892200000001,32.799795],[-116.746191,32.801712],[-116.74560699999999,32.806194],[-116.74307500000002,32.806184],[-116.74321,32.812887],[-116.738502,32.814522],[-116.733416,32.813309],[-116.730116,32.817729],[-116.72952000000001,32.823936],[-116.72762599999999,32.826985],[-116.72779700000001,32.832058],[-116.718349,32.836541],[-116.716064,32.840016],[-116.712081,32.841155],[-116.711062,32.849092],[-116.70680699999998,32.849127],[-116.70663800000001,32.856476],[-116.702499,32.856512],[-116.702845,32.866462],[-116.69870900000001,32.866463],[-116.695974,32.869501],[-116.698089,32.873849],[-116.719286,32.87425],[-116.71955,32.889092],[-116.72790700000002,32.88836],[-116.755246,32.888187],[-116.755234,32.874046],[-116.772513,32.874016],[-116.772571,32.879352],[-116.77649100000001,32.878856],[-116.779938,32.881139],[-116.78160300000002,32.877641],[-116.787102,32.870738],[-116.790171,32.869312],[-116.790477,32.864016],[-116.797434,32.856487],[-116.79641,32.853885],[-116.80283300000002,32.852719],[-116.80864900000002,32.844533],[-116.807564,32.841734],[-116.814181,32.833843]]]},"properties":{"name":"Alpine","geoid":"0601192","county":"San Diego","countyFP":"073"}},
{"type":"Feature","geometry":{"type":"Polygon","coordinates":[[[-117.063691,32.650396],[-117.06127299999999,32.647823],[-117.06369800000002,32.643341],[-117.061556,32.639749],[-117.053438,32.640993],[-117.05591900000002,32.644095],[-117.037491,32.649321],[-117.035027,32.656434],[-117.03497999999999,32.660432],[-117.040722,32.658077],[-117.04383800000001,32.660019],[-117.03979099999998,32.665147],[-117.03400500000001,32.665703],[-117.022918,32.668716],[-117.023428,32.66615],[-117.028064,32.66269],[-117.026599,32.660039],[-117.022743,32.662039],[-117.01955,32.657763],[-117.008605,32.655547],[-117.01194500000001,32.664168],[-117.003732,32.666432],[-117.001088,32.659442],[-116.993056,32.661529],[-116.989744,32.663936],[-116.99317600000002,32.66522200000001],[-116.997252,32.672321],[-117.000826,32.678679],[-117.016414,32.674889],[-117.01767699999999,32.678033],[-117.013947,32.683187],[-117.01711599999999,32.691668],[-117.02134000000001,32.688098],[-117.02406599999999,32.68651],[-117.03704,32.676459],[-117.04174799999998,32.67148],[-117.05019000000001,32.667008],[-117.05144500000002,32.662434],[-117.053966,32.662057],[-117.05696700000001,32.657231],[-117.06383100000001,32.65702],[-117.063691,32.650396]]]},"properties":{"name":"Bonita","geoid":"0607414","county":"San Diego","countyFP":"073"}},
{"type":"Feature","geometry":{"type":"Polygon","coordinates":[[[-117.237872,33.267706],[-117.22906100000002,33.26683],[-117.213126,33.259357],[-117.212862,33.256915],[-117.201367,33.252814],[-117.19506,33.252287],[-117.19068,33.253144],[-117.18467099999998,33.252516],[-117.180408,33.253606],[-117.174418,33.251518],[-117.16282,33.253154],[-117.156184,33.252933],[-117.15792,33.257223],[-117.15886,33.263752],[-117.15657000000002,33.27222],[-117.151131,33.281768],[-117.149549,33.288018],[-117.150207,33.300296],[-117.153786,33.301264],[-117.169038,33.296526],[-117.174115,33.296163],[-117.20508,33.29687],[-117.21094100000002,33.298477],[-117.21512700000001,33.296084],[-117.21647299999998,33.290129],[-117.22142900000001,33.287592],[-117.233986,33.290478],[-117.235519,33.293372],[-117.24147300000001,33.292625],[-117.242367,33.288773],[-117.246066,33.284712],[-117.24747200000002,33.280997],[-117.245832,33.278035],[-117.244964,33.267082],[-117.237872,33.267706]]]},"properties":{"name":"Bonsall","geoid":"0607498","county":"San Diego","countyFP":"073"}},
{"type":"Feature","geometry":{"type":"Polygon","coordinates":[[[-116.418632,33.256443],[-116.41736100000001,33.24186],[-116.404926,33.24254],[-116.400258,33.242198],[-116.400042,33.227983],[-116.408639,33.227877],[-116.40830800000002,33.207087],[-116.39984599999998,33.206594],[-116.39990900000001,33.213728],[-116.39073300000001,33.21325],[-116.390672,33.206701],[-116.373414,33.206745],[-116.37314700000002,33.192593],[-116.364539,33.192645],[-116.364502,33.185416],[-116.35574500000001,33.185299],[-116.35562900000001,33.178099],[-116.338078,33.177301],[-116.33819699999998,33.170065],[-116.32096,33.169868],[-116.31233500000002,33.169347],[-116.287692,33.169684],[-116.289378,33.174133],[-116.303561,33.186982],[-116.303504,33.214407],[-116.29537800000001,33.225791],[-116.29532999999999,33.257505],[-116.34807600000002,33.256851],[-116.34853700000001,33.271343],[-116.366161,33.270816],[-116.366378,33.291462],[-116.36794700000002,33.32127],[-116.36763800000001,33.325212],[-116.384895,33.32594],[-116.38866199999998,33.333417],[-116.389007,33.336744],[-116.392232,33.340497],[-116.40242500000001,33.340257],[-116.402138,33.325878],[-116.416459,33.321617],[-116.41737000000002,33.32008],[-116.41491700000002,33.311567],[-116.401948,33.30481600000001],[-116.40126899999998,33.256764],[-116.418632,33.256443]]]},"properties":{"name":"Borrego Springs","geoid":"0607596","county":"San Diego","countyFP":"073"}},
{"type":"Feature","geometry":{"type":"Polygon","coordinates":[[[-116.96233000000001,32.824942],[-116.96507,32.824412],[-116.963719,32.81784],[-116.96598999999999,32.811071],[-116.95866400000001,32.811517],[-116.95378199999999,32.816869],[-116.95004,32.816886],[-116.95179199999998,32.821365],[-116.946575,32.821229],[-116.949253,32.81512],[-116.949259,32.808507],[-116.944611,32.808706],[-116.94405700000002,32.808709],[-116.93649400000001,32.80921],[-116.936147,32.813944],[-116.940012,32.81685],[-116.928119,32.816952],[-116.92235200000002,32.818038],[-116.91983399999998,32.81993],[-116.92223,32.820816],[-116.936513,32.820806],[-116.93820700000002,32.824144],[-116.943392,32.824781],[-116.947554,32.827636],[-116.94753999999999,32.829633],[-116.96022,32.829621],[-116.96233000000001,32.824942]]]},"properties":{"name":"Bostonia","geoid":"0607624","county":"San Diego","countyFP":"073"}},
{"type":"Feature","geometry":{"type":"Polygon","coordinates":[[[-118.164412,34.215257],[-118.16715200000002,34.211184],[-118.16395800000001,34.204894],[-118.15954699999999,34.20001],[-118.163448,34.199788],[-118.168455,34.19325],[-118.16750600000002,34.190535],[-118.168607,34.185513],[-118.164115,34.181436],[-118.14220200000001,34.181565],[-118.126251,34.175083],[-118.116619,34.17531],[-118.11695999999999,34.169608],[-118.11302400000001,34.16958],[-118.10937299999999,34.167588],[-118.09834200000002,34.167567],[-118.09505800000001,34.169176],[-118.098242,34.175631],[-118.10031500000001,34.183027],[-118.103808,34.186977],[-118.104808,34.194856],[-118.117895,34.204116],[-118.13622699999999,34.21453],[-118.153712,34.215394],[-118.162236,34.217335],[-118.164412,34.215257]]]},"properties":{"name":"Altadena","geoid":"0601290","county":"Los Angeles","countyFP":"037"}},
{"type":"Feature","geometry":{"type":"Polygon","coordinates":[[[-118.02130800000002,34.036474],[-118.01537,34.032717],[-118.00365,34.032618],[-117.99406400000001,34.028853000000005],[-117.990454,34.030982],[-117.986842,34.02865],[-117.98403900000001,34.031476],[-117.986631,34.033258],[-117.98373200000002,34.036183],[-117.978717,34.036827],[-117.97613300000002,34.035045],[-117.97761100000001,34.031994],[-117.97060399999998,34.027171],[-117.96865,34.03084400000001],[-118.001881,34.053695],[-118.00624,34.055831],[-118.009483,34.048416],[-118.00802900000001,34.04197],[-118.016529,34.036702],[-118.02130800000002,34.036474]]]},"properties":{"name":"Avocado Heights","geoid":"0603344","county":"Los Angeles","countyFP":"037"}},
{"type":"Feature","geometry":{"type":"Polygon","coordinates":[[[-116.770995,33.572306],[-116.77047400000001,33.55294],[-116.770686,33.54080400000001],[-116.753342,33.540733],[-116.75330200000002,33.562526],[-116.735986,33.562627],[-116.735992,33.540694],[-116.69224200000001,33.540796],[-116.683205,33.540615],[-116.618051,33.540428],[-116.613611,33.541342],[-116.613018,33.550293],[-116.616272,33.55410500000001],[-116.62078,33.554628],[-116.62553099999998,33.553546],[-116.62794,33.55742],[-116.622974,33.561052],[-116.630456,33.566029],[-116.62800800000001,33.56876],[-116.63539699999998,33.56984],[-116.643991,33.578352],[-116.648455,33.580982],[-116.65226300000002,33.581532],[-116.656895,33.58430200000001],[-116.66464999999998,33.58448],[-116.66596,33.587581],[-116.67035700000001,33.58995],[-116.67871899999999,33.591084],[-116.67785000000002,33.595119],[-116.68101500000002,33.598877],[-116.692561,33.60282],[-116.706313,33.61246100000001],[-116.711631,33.609239],[-116.71302,33.606413],[-116.724603,33.598496],[-116.72913600000001,33.598621],[-116.73893800000002,33.604545],[-116.741688,33.60131],[-116.74169,33.596006],[-116.74956400000002,33.592378],[-116.755376,33.592032],[-116.75300500000002,33.587116],[-116.75359699999998,33.569468],[-116.760981,33.569374],[-116.76551000000002,33.567978],[-116.770995,33.572306]]]},"properties":{"name":"Anza","geoid":"0602294","county":"Riverside","countyFP":"065"}},
{"type":"Feature","geometry":{"type":"Polygon","coordinates":[[[-116.086983,35.284587],[-116.08411,35.27452],[-116.08393,35.25683],[-116.05193999999999,35.27704],[-116.04779599999999,35.281400000000005],[-116.047675,35.286017],[-116.058742,35.286017],[-116.05892000000001,35.27835],[-116.08154000000002,35.29395],[-116.085236,35.289998],[-116.086983,35.284587]]]},"properties":{"name":"Baker","geoid":"0603512","county":"San Bernardino","countyFP":"071"}},
{"type":"Feature","geometry":{"type":"Polygon","coordinates":[[[-116.30195600000002,33.7592],[-116.30379099999999,33.75456],[-116.303864,33.738121],[-116.29836500000002,33.736317],[-116.298421,33.732712],[-116.286282,33.732811],[-116.28627800000001,33.729117],[-116.2754,33.729139],[-116.27525600000001,33.736467],[-116.267376,33.736497],[-116.266817,33.738317],[-116.268427,33.743749],[-116.26680099999999,33.746131],[-116.285189,33.753883],[-116.29508300000002,33.757023],[-116.301831,33.759486],[-116.30195600000002,33.7592]]]},"properties":{"name":"Bermuda Dunes","geoid":"0606028","county":"Riverside","countyFP":"065"}},
{"type":"Feature","geometry":{"type":"Polygon","coordinates":[[[-116.844813,34.228487],[-116.841003,34.225567],[-116.83523100000001,34.229754],[-116.83010499999999,34.226614],[-116.82539100000001,34.225354],[-116.812661,34.226824],[-116.80662800000002,34.231382],[-116.80395999999999,34.228395],[-116.799953,34.227825],[-116.79038500000001,34.231348],[-116.78570100000002,34.231637],[-116.77682900000002,34.228203],[-116.769526,34.228213],[-116.76408700000002,34.225349],[-116.75838300000001,34.220217000000005],[-116.75452800000001,34.218812],[-116.742825,34.211335000000005],[-116.73792000000002,34.207298],[-116.73028000000001,34.206972],[-116.73005799999999,34.21183],[-116.72447899999999,34.215049],[-116.72856900000001,34.219092],[-116.720042,34.230825],[-116.72211899999999,34.236248],[-116.72145500000002,34.243367],[-116.71569300000002,34.247319],[-116.715651,34.255988],[-116.72420299999999,34.258886],[-116.73487099999998,34.267095],[-116.74100200000001,34.270502],[-116.743901,34.270819],[-116.74474000000001,34.274466],[-116.748684,34.279139],[-116.766439,34.288274],[-116.771567,34.289447],[-116.77752000000001,34.293893],[-116.800275,34.294082],[-116.802991,34.29045],[-116.809135,34.285507],[-116.81507800000001,34.29068],[-116.81936299999998,34.289173],[-116.818383,34.284169],[-116.81478900000002,34.280676],[-116.81406000000001,34.27715],[-116.820332,34.272856000000004],[-116.82502599999998,34.27245],[-116.83366200000002,34.274265],[-116.839431,34.279983],[-116.853553,34.282032],[-116.855666,34.275883],[-116.86093,34.278104],[-116.86843199999998,34.278519],[-116.869381,34.27306],[-116.866163,34.264819],[-116.866094,34.253886],[-116.86835999999998,34.248511],[-116.868958,34.243119],[-116.86387600000002,34.242018],[-116.84830800000002,34.233257],[-116.844813,34.228487]]]},"properties":{"name":"Big Bear City","geoid":"0606406","county":"San Bernardino","countyFP":"071"}},
{"type":"Feature","geometry":{"type":"Polygon","coordinates":[[[-114.30179,34.16472],[-114.31053,34.16319],[-114.31534,34.16151],[-114.32704,34.15966],[-114.33395,34.15776],[-114.34941,34.1567],[-114.352909,34.157389],[-114.368489,34.164121],[-114.375636,34.156232],[-114.395099,34.137563],[-114.40564900000001,34.126328],[-114.409318,34.120453],[-114.415982,34.115241],[-114.411554,34.113294],[-114.41010600000001,34.110432],[-114.401336,34.111638],[-114.390565,34.11008400000001],[-114.37922300000001,34.11599],[-114.366517,34.118577],[-114.360402,34.123577],[-114.356372,34.130428],[-114.35303,34.13312],[-114.348051,34.134457],[-114.33611200000001,34.134034],[-114.324576,34.136759],[-114.321618,34.138093],[-114.312206,34.144776],[-114.30589,34.152657],[-114.29889,34.159571],[-114.30179,34.16472]]]},"properties":{"name":"Big River","geoid":"0606635","county":"San Bernardino","countyFP":"071"}},
{"type":"Feature","geometry":{"type":"Polygon","coordinates":[[[-114.30179,34.16472],[-114.29889,34.159571],[-114.292371,34.167056],[-114.286724,34.170715],[-114.275267,34.172149],[-114.268267,34.170209],[-114.254141,34.17383],[-114.244421,34.17940300000001],[-114.24071200000002,34.183232],[-114.229023,34.187427],[-114.230262,34.192032],[-114.2496,34.18129],[-114.26084,34.17813],[-114.26551,34.17936],[-114.26887000000002,34.1786],[-114.27313,34.1754],[-114.289,34.17284],[-114.29270000000001,34.17087],[-114.29728,34.16647],[-114.30179,34.16472]]]},"properties":{"name":"Bluewater","geoid":"0607172","county":"San Bernardino","countyFP":"071"}},
{"type":"Feature","geometry":{"type":"Polygon","coordinates":[[[-117.405205,34.08497],[-117.418276,34.084952],[-117.418218,34.066973],[-117.422583,34.063148],[-117.422561,34.04851],[-117.405427,34.048637],[-117.401472,34.044558],[-117.409453,34.044564],[-117.40944200000001,34.037792],[-117.40199700000001,34.037842],[-117.401494,34.034018],[-117.39058700000001,34.033873],[-117.390591,34.038064],[-117.38630900000001,34.040511],[-117.38631,34.042705],[-117.37333799999999,34.046761],[-117.376428,34.049911],[-117.381128,34.049814],[-117.381113,34.057757],[-117.383365,34.057724],[-117.383353,34.068485],[-117.38774,34.070495],[-117.387747,34.074093],[-117.390786,34.075223],[-117.39210900000002,34.078626],[-117.39648,34.078632000000006],[-117.39648300000002,34.08364],[-117.405205,34.08497]]]},"properties":{"name":"Bloomington","geoid":"0607064","county":"San Bernardino","countyFP":"071"}},
{"type":"Feature","geometry":{"type":"Polygon","coordinates":[[[-116.417084,32.593595],[-116.425603,32.606559],[-116.42802600000002,32.612921],[-116.432586,32.621483],[-116.43238899999999,32.630531],[-116.43514800000001,32.632864],[-116.43375800000001,32.637106],[-116.43666799999998,32.643632],[-116.445222,32.643568],[-116.44507799999998,32.649103],[-116.447848,32.657429],[-116.446132,32.660448],[-116.451291,32.661718],[-116.45439600000002,32.659574],[-116.47013800000002,32.660229],[-116.473538,32.667716],[-116.47918,32.668612],[-116.47894,32.674923],[-116.48853499999998,32.674366],[-116.48922,32.68997],[-116.48887099999999,32.700055],[-116.491112,32.708134],[-116.49387000000002,32.712049],[-116.49778800000001,32.714354],[-116.49964700000001,32.712029],[-116.50531200000002,32.698767],[-116.517348,32.684187],[-116.52161600000001,32.685854],[-116.52613400000001,32.685358],[-116.529717,32.682574],[-116.52874699999998,32.6795],[-116.52420400000001,32.67576],[-116.518037,32.668246],[-116.52022000000001,32.658514],[-116.523692,32.655384],[-116.513166,32.654379],[-116.507014,32.651404],[-116.50261300000001,32.653669],[-116.50057400000001,32.663158],[-116.49690600000001,32.655896],[-116.495511,32.643578],[-116.49694700000002,32.641412],[-116.492746,32.638544],[-116.497378,32.635858],[-116.497406,32.629132],[-116.49897100000001,32.618657],[-116.497243,32.615807],[-116.49763299999998,32.610367],[-116.50059900000001,32.605879],[-116.500758,32.601001],[-116.49702200000002,32.598850000000006],[-116.492136,32.600246],[-116.48749299999999,32.60405],[-116.483053,32.603894],[-116.482032,32.600248],[-116.48424900000002,32.596851],[-116.479889,32.59447],[-116.47648299999999,32.590742],[-116.468038,32.59455],[-116.46896400000001,32.597576],[-116.46322699999999,32.596901],[-116.45724000000001,32.590866],[-116.447469,32.591961],[-116.43940899999998,32.591782],[-116.417084,32.593595]]]},"properties":{"name":"Campo","geoid":"0610508","county":"San Diego","countyFP":"073"}},
{"type":"Feature","geometry":{"type":"Polygon","coordinates":[[[-117.29661900000002,33.279381],[-117.295717,33.288762],[-117.29074100000001,33.291785],[-117.29074999999999,33.294532],[-117.295477,33.29472],[-117.299624,33.29160300000001],[-117.302515,33.293897],[-117.30163699999999,33.300144],[-117.29764099999998,33.31010100000001],[-117.299795,33.314467],[-117.29909300000001,33.320026000000006],[-117.30072300000002,33.323815],[-117.30059,33.329578],[-117.313359,33.329483],[-117.313552,33.355641],[-117.314259,33.371697],[-117.31897200000002,33.36439],[-117.326777,33.358284],[-117.325853,33.354919],[-117.33020800000001,33.348243],[-117.33155000000001,33.341062],[-117.32780099999998,33.332287],[-117.32764000000002,33.328284],[-117.33013699999998,33.32228],[-117.33752400000002,33.316461],[-117.34122099999999,33.311585],[-117.353011,33.311282],[-117.36264299999999,33.298832],[-117.37128,33.296008],[-117.36560000000001,33.286588],[-117.35550900000001,33.288563],[-117.348608,33.285413],[-117.33413499999999,33.28532],[-117.33086500000002,33.287094],[-117.33196400000001,33.292346],[-117.329609,33.299682],[-117.323469,33.298925],[-117.32528699999999,33.293017],[-117.31893399999998,33.290834],[-117.31792200000001,33.286037],[-117.312408,33.285067],[-117.30792399999999,33.281499],[-117.304382,33.27644000000001],[-117.30602500000002,33.272141],[-117.29661900000002,33.279381]]]},"properties":{"name":"Camp Pendleton Mainside","geoid":"0610554","county":"San Diego","countyFP":"073"}},
{"type":"Feature","geometry":{"type":"Polygon","coordinates":[[[-117.34698599999999,33.240579],[-117.367082,33.244289],[-117.37684200000001,33.245647],[-117.38226799999998,33.238364],[-117.38667599999998,33.235942],[-117.38890800000001,33.232769],[-117.395921,33.238762],[-117.40727500000001,33.254921],[-117.41363,33.258244],[-117.422142,33.254848],[-117.42615499999998,33.251834],[-117.43181999999999,33.250001],[-117.41226,33.225789],[-117.404387,33.215291],[-117.405786,33.209225],[-117.40239899999999,33.205592],[-117.39800300000002,33.209448],[-117.390426,33.207118],[-117.34698599999999,33.240579]]]},"properties":{"name":"Camp Pendleton South","geoid":"0610561","county":"San Diego","countyFP":"073"}},
{"type":"Feature","geometry":{"type":"Polygon","coordinates":[[[-116.98819300000001,32.778453],[-116.992046,32.777417],[-116.997096,32.778529],[-116.99744999999999,32.768964],[-116.986481,32.771732],[-116.989131,32.767696],[-116.99578600000001,32.761927],[-117.001348,32.762936],[-117.00231900000001,32.76015],[-117.00067799999998,32.756052],[-117.001421,32.752394],[-117.00573600000001,32.752585],[-116.98589899999999,32.745194],[-116.982898,32.744703],[-116.967009,32.744574],[-116.95781099999999,32.745574],[-116.954589,32.751251],[-116.954839,32.756946],[-116.961879,32.757851],[-116.96101,32.764752],[-116.95417,32.762285],[-116.942426,32.76221],[-116.93654700000002,32.76333],[-116.936466,32.76969],[-116.92788500000002,32.768864],[-116.927875,32.776049],[-116.932141,32.778216],[-116.932148,32.781083],[-116.936405,32.781635],[-116.93841800000001,32.786578],[-116.945049,32.78692100000001],[-116.947187,32.785111],[-116.942632,32.780547],[-116.952606,32.777921],[-116.955828,32.777922],[-116.96397800000001,32.773158],[-116.97566000000002,32.773246],[-116.974132,32.775597],[-116.979274,32.77985600000001],[-116.98819300000001,32.778453]]]},"properties":{"name":"Casa de Oro-Mount Helix","geoid":"0611691","county":"San Diego","countyFP":"073"}},
{"type":"Feature","geometry":{"type":"Polygon","coordinates":[[[-118.648231,34.489842],[-118.64868200000001,34.485386],[-118.65168,34.47574000000001],[-118.65042900000002,34.467643],[-118.64733399999999,34.460202],[-118.64103400000002,34.457235],[-118.635773,34.4566],[-118.631509,34.453158],[-118.62562800000002,34.450998],[-118.6214,34.446941],[-118.61684400000001,34.451214],[-118.617194,34.45779],[-118.615681,34.461966000000004],[-118.61716799999999,34.46781300000001],[-118.614261,34.479507],[-118.61484,34.483114],[-118.618665,34.489216000000006],[-118.61125000000001,34.489219],[-118.61211400000002,34.497204],[-118.61621999999998,34.500413],[-118.61677200000001,34.506064],[-118.62156000000002,34.508047],[-118.62907600000001,34.507197],[-118.63577,34.510857],[-118.637992,34.514954],[-118.64347000000001,34.515087],[-118.64040199999998,34.50927],[-118.641165,34.506386],[-118.64520899999998,34.506428],[-118.64732199999999,34.503338],[-118.65032099999999,34.493684],[-118.648231,34.489842]]]},"properties":{"name":"Castaic","geoid":"0611796","county":"Los Angeles","countyFP":"037"}},
{"type":"Feature","geometry":{"type":"Polygon","coordinates":[[[-117.869241,34.106462],[-117.872502,34.102943],[-117.877225,34.102942],[-117.87716699999999,34.099425],[-117.87019500000001,34.099421],[-117.866005,34.103257],[-117.861621,34.10304],[-117.86161400000002,34.099424],[-117.85632300000002,34.099398],[-117.85508000000002,34.103042],[-117.846354,34.103036],[-117.842004,34.095798],[-117.837641,34.106739],[-117.86374200000002,34.106737],[-117.869241,34.106462]]]},"properties":{"name":"Charter Oak","geoid":"0612734","county":"Los Angeles","countyFP":"037"}},
{"type":"Feature","geometry":{"type":"Polygon","coordinates":[[[-117.629604,33.883445],[-117.62080599999999,33.881315],[-117.616253,33.875583],[-117.611412,33.874159],[-117.60754199999998,33.871433],[-117.599757,33.876428],[-117.60520500000001,33.879692],[-117.62009700000002,33.881722],[-117.626074,33.883386],[-117.629604,33.883445]]]},"properties":{"name":"Coronita","geoid":"0616420","county":"Riverside","countyFP":"065"}},
{"type":"Feature","geometry":{"type":"Polygon","coordinates":[[[-116.89367600000001,32.810087],[-116.893016,32.803416],[-116.893049,32.786995],[-116.892381,32.785219],[-116.888189,32.78849],[-116.882932,32.785467],[-116.86976400000002,32.779273],[-116.85697600000002,32.781979],[-116.84982500000001,32.78104],[-116.84723100000001,32.782165],[-116.845492,32.790026],[-116.84588900000001,32.798007],[-116.84398,32.806377],[-116.844549,32.808843],[-116.84087700000002,32.812952],[-116.84352800000002,32.816287],[-116.847637,32.817155],[-116.861537,32.815314],[-116.86163099999999,32.820787],[-116.86352000000001,32.823102],[-116.86945800000001,32.824951],[-116.87325800000002,32.824151],[-116.877647,32.816356],[-116.87697000000001,32.811423],[-116.88557200000001,32.808763],[-116.89367600000001,32.810087]]]},"properties":{"name":"Crest","geoid":"0617106","county":"San Diego","countyFP":"073"}},
{"type":"Feature","geometry":{"type":"Polygon","coordinates":[[[-117.242412,34.256678],[-117.24224199999999,34.266372],[-117.27953800000002,34.266047],[-117.285896,34.266626],[-117.32083900000002,34.266118],[-117.320827,34.269742],[-117.329495,34.269711],[-117.329495,34.27334],[-117.333773,34.273306],[-117.33422800000001,34.266089],[-117.346819,34.266107],[-117.346995,34.25166],[-117.33111400000001,34.251698],[-117.32955600000001,34.24656],[-117.326702,34.242639],[-117.32460800000001,34.237219],[-117.32512200000001,34.233411],[-117.312239,34.233354],[-117.31244800000002,34.225293],[-117.306859,34.225242],[-117.30062,34.227101],[-117.29561300000002,34.23218],[-117.290745,34.228662],[-117.282018,34.227122],[-117.279341,34.229807],[-117.27203,34.227481],[-117.267657,34.222959],[-117.263215,34.226114],[-117.242669,34.226459],[-117.242412,34.256678]]]},"properties":{"name":"Crestline","geoid":"0617162","county":"San Bernardino","countyFP":"071"}},
{"type":"Feature","geometry":{"type":"Polygon","coordinates":[[[-116.66859700000002,32.8851],[-116.66780800000001,32.852323],[-116.66805099999999,32.838888],[-116.66084100000002,32.837628],[-116.650629,32.838526],[-116.638231,32.835633],[-116.63015999999999,32.832508],[-116.62533200000001,32.827281],[-116.62203800000002,32.834368],[-116.611783,32.841832],[-116.602645,32.843228],[-116.59444900000001,32.852447],[-116.594221,32.85970300000001],[-116.58774400000001,32.875551],[-116.57479700000002,32.885202],[-116.57619100000001,32.889955],[-116.581131,32.889432],[-116.586536,32.895231],[-116.59036,32.893861],[-116.595322,32.896585],[-116.594342,32.899711],[-116.601029,32.900587],[-116.60216799999999,32.902147],[-116.62974600000001,32.902159],[-116.63976799999999,32.901396],[-116.64527499999998,32.90006],[-116.649358,32.900779],[-116.653457,32.898442],[-116.65518500000002,32.89361],[-116.664315,32.887104],[-116.66859700000002,32.8851]]]},"properties":{"name":"Descanso","geoid":"0618940","county":"San Diego","countyFP":"073"}},
{"type":"Feature","geometry":{"type":"Polygon","coordinates":[[[-115.45214700000001,33.70322500000001],[-115.44854900000001,33.703141],[-115.41706599999999,33.710208],[-115.41451099999999,33.710527],[-115.380721,33.710871],[-115.37504700000001,33.710331],[-115.30901799999998,33.701784],[-115.30603299999999,33.705131],[-115.30839300000001,33.709473],[-115.309178,33.714908],[-115.309306,33.7439],[-115.309144,33.772816],[-115.31646300000001,33.772864],[-115.316485,33.777137],[-115.327195,33.777869],[-115.361477,33.772578],[-115.396635,33.7726],[-115.396618,33.767358],[-115.408144,33.762486],[-115.415734,33.756348],[-115.42080799999998,33.728737],[-115.432593,33.728708],[-115.43775000000001,33.72714],[-115.44318400000002,33.723397],[-115.451353,33.722347],[-115.45214700000001,33.70322500000001]]]},"properties":{"name":"Desert Center","geoid":"0618982","county":"Riverside","countyFP":"065"}},
{"type":"Feature","geometry":{"type":"Polygon","coordinates":[[[-118.09429299999998,34.135245],[-118.090987,34.12684],[-118.08569500000002,34.128536],[-118.06788800000001,34.130726],[-118.06746799999999,34.131509],[-118.067824,34.150287],[-118.07342400000002,34.150214],[-118.07371900000001,34.147862],[-118.08322500000001,34.144566],[-118.08387400000001,34.133081],[-118.09429299999998,34.135245]]]},"properties":{"name":"East Pasadena","geoid":"0620984","county":"Los Angeles","countyFP":"037"}},
{"type":"Feature","geometry":{"type":"MultiPolygon","coordinates":[[[[-118.07721,34.103034],[-118.077894,34.098965],[-118.081467,34.099445],[-118.087262,34.095017],[-118.07378,34.090582],[-118.073687,34.097154],[-118.07721,34.103034]]],[[[-118.09033,34.102305],[-118.0897,34.099532],[-118.084934,34.099569],[-118.08449899999998,34.102951],[-118.09033,34.102305]]],[[[-118.090987,34.12684],[-118.091194,34.115308],[-118.090901,34.108069],[-118.086628,34.108101],[-118.084998,34.103953],[-118.082206,34.104036],[-118.08137800000002,34.113513],[-118.073717,34.113549],[-118.073247,34.118384],[-118.063749,34.120996],[-118.06303700000001,34.117414],[-118.056576,34.118337],[-118.058331,34.122675],[-118.06131999999998,34.124102],[-118.0671,34.123274],[-118.06788800000001,34.130726],[-118.08569500000002,34.128536],[-118.090987,34.12684]]]]},"properties":{"name":"East San Gabriel","geoid":"0621096","county":"Los Angeles","countyFP":"037"}},
{"type":"Feature","geometry":{"type":"Polygon","coordinates":[[[-117.522948,33.857444],[-117.527513,33.858271],[-117.527569,33.853806],[-117.53493599999999,33.854009],[-117.53204499999998,33.842158],[-117.536354,33.835843],[-117.536771,33.823643],[-117.524296,33.823804],[-117.528367,33.829235],[-117.51521200000002,33.829294],[-117.510259,33.823802],[-117.50501700000001,33.82437],[-117.508548,33.828497],[-117.507807,33.836453],[-117.510248,33.839676],[-117.50917500000001,33.843125],[-117.51145399999999,33.852129],[-117.52115100000002,33.853872],[-117.522948,33.857444]]]},"properties":{"name":"El Cerrito","geoid":"0621810","county":"Riverside","countyFP":"065"}},
{"type":"Feature","geometry":{"type":"Polygon","coordinates":[[[-116.824471,33.932714],[-116.82463400000002,33.930315],[-116.823966,33.927931],[-116.81411799999998,33.915566],[-116.805072,33.909745],[-116.79762700000002,33.90336],[-116.77205200000002,33.90343],[-116.766388,33.899879],[-116.76341199999999,33.895613],[-116.746921,33.896539],[-116.74192599999999,33.900702],[-116.737295,33.900447],[-116.73749,33.903341],[-116.75447300000002,33.903448],[-116.75469000000001,33.921126],[-116.77207799999998,33.918881],[-116.796762,33.918898],[-116.806813,33.921524],[-116.80673999999999,33.932662],[-116.824471,33.932714]]]},"properties":{"name":"Cabazon","geoid":"0609360","county":"Riverside","countyFP":"065"}},
{"type":"Feature","geometry":{"type":"Polygon","coordinates":[[[-116.99025300000001,33.990228],[-116.991539,33.987935],[-116.99731,33.984009],[-116.99637,33.979643],[-117.000844,33.972352],[-117.001141,33.960741],[-116.99888499999999,33.961484000000006],[-116.98595300000001,33.961456],[-116.98585300000002,33.965083],[-116.98150399999999,33.965066],[-116.981385,33.968736],[-116.97730000000001,33.968738],[-116.977265,33.961461],[-116.96856200000002,33.961509],[-116.96861300000002,33.958073],[-116.964283,33.954264],[-116.964211,33.961563],[-116.95408899999998,33.961584],[-116.95117900000001,33.957939],[-116.94681000000001,33.957876],[-116.93809399999999,33.961586],[-116.93816200000002,33.96882],[-116.941125,33.968398],[-116.94393,33.974933],[-116.94782500000001,33.977236],[-116.94037500000002,33.985247],[-116.94158300000001,33.988136],[-116.946259,33.98814],[-116.95407600000001,33.985776],[-116.954098,33.995963],[-116.94710100000002,34.002318],[-116.946351,34.004814],[-116.94998700000001,34.004816],[-116.963067,34.004814],[-116.97167600000002,34.004788],[-116.975311,34.000439],[-116.979848,33.997548],[-116.98942100000001,33.998309000000006],[-116.99025300000001,33.990228]]]},"properties":{"name":"Cherry Valley","geoid":"0612916","county":"Riverside","countyFP":"065"}},
{"type":"Feature","geometry":{"type":"Polygon","coordinates":[[[-117.88136700000001,34.127062],[-117.885731,34.127063],[-117.88969500000002,34.125087],[-117.890145,34.121498],[-117.88464900000001,34.121446],[-117.884383,34.114294],[-117.890229,34.112009],[-117.890162,34.119559],[-117.899248,34.120707],[-117.89894900000002,34.10833],[-117.890235,34.110717],[-117.88716500000001,34.10677],[-117.87777900000002,34.105584],[-117.881477,34.107438],[-117.881371,34.121443],[-117.87948200000001,34.124341],[-117.87918,34.125101],[-117.88136700000001,34.127062]]]},"properties":{"name":"Citrus","geoid":"0613560","county":"Los Angeles","countyFP":"037"}},
{"type":"Feature","geometry":{"type":"Polygon","coordinates":[[[-117.60156300000001,33.589673],[-117.60630600000002,33.581085],[-117.60725200000002,33.577233],[-117.605407,33.571231],[-117.606111,33.569006],[-117.59725100000001,33.564288000000005],[-117.59274100000002,33.558798],[-117.587506,33.560378],[-117.585171,33.557472],[-117.582094,33.557464],[-117.578758,33.56122],[-117.574501,33.562229],[-117.574413,33.573348],[-117.57303600000002,33.577199],[-117.573644,33.584786],[-117.574945,33.587676],[-117.57178200000001,33.593185000000005],[-117.572615,33.59645],[-117.57600900000001,33.599696],[-117.57500000000002,33.607245],[-117.57356300000001,33.609174],[-117.57010100000001,33.612151],[-117.569027,33.618351],[-117.570852,33.621205],[-117.57098599999999,33.627722],[-117.57288100000001,33.630795],[-117.574005,33.638295],[-117.57952899999998,33.641763],[-117.584051,33.639312],[-117.593658,33.622562],[-117.596698,33.619656000000006],[-117.596586,33.613994],[-117.594409,33.610581],[-117.59619700000002,33.606169],[-117.595049,33.598924],[-117.601685,33.594529],[-117.60156300000001,33.589673]]]},"properties":{"name":"Coto de Caza","geoid":"0616580","county":"Orange","countyFP":"059"}},
{"type":"Feature","geometry":{"type":"Polygon","coordinates":[[[-118.37842899999998,33.929008],[-118.378373,33.920008],[-118.374341,33.916306],[-118.369987,33.916319],[-118.36998800000002,33.904059],[-118.369383,33.902341],[-118.36210700000001,33.90234],[-118.361256,33.905207000000004],[-118.36173199999999,33.915956],[-118.365618,33.917937],[-118.36563799999999,33.923677],[-118.368144,33.924123],[-118.368375,33.929021],[-118.37842899999998,33.929008]]]},"properties":{"name":"Del Aire","geoid":"0618352","county":"Los Angeles","countyFP":"037"}},
{"type":"Feature","geometry":{"type":"Polygon","coordinates":[[[-117.12030100000001,33.080254],[-117.12236900000002,33.067491],[-117.124436,33.061725],[-117.12018400000001,33.062786],[-117.118134,33.070796],[-117.118195,33.076617],[-117.115444,33.079057],[-117.11429699999998,33.089479],[-117.118941,33.08753],[-117.12030100000001,33.080254]]]},"properties":{"name":"Del Dios","geoid":"0618422","county":"San Diego","countyFP":"073"}},
{"type":"Feature","geometry":{"type":"Polygon","coordinates":[[[-116.457906,33.932533],[-116.45804500000001,33.91792],[-116.440642,33.918122],[-116.440731,33.910391],[-116.423267,33.910375],[-116.42316800000002,33.918059],[-116.42310200000001,33.924918000000005],[-116.431802,33.925116],[-116.43181599999998,33.932295],[-116.457906,33.932533]]]},"properties":{"name":"Desert Edge","geoid":"0618986","county":"Riverside","countyFP":"065"}},
{"type":"Feature","geometry":{"type":"Polygon","coordinates":[[[-116.301142,33.798329],[-116.30108600000001,33.776016],[-116.30366700000002,33.769611],[-116.30069,33.762583],[-116.301831,33.759486],[-116.29508300000002,33.757023],[-116.29394900000001,33.759025],[-116.28642700000002,33.758359],[-116.28631100000001,33.772922],[-116.283342,33.772939],[-116.283247,33.79518],[-116.28557800000002,33.798368],[-116.301142,33.798329]]]},"properties":{"name":"Desert Palms","geoid":"0619022","county":"Riverside","countyFP":"065"}},
{"type":"Feature","geometry":{"type":"Polygon","coordinates":[[[-118.16160400000001,34.587719],[-118.15635200000001,34.587122],[-118.152844,34.583481],[-118.147483,34.587154],[-118.148301,34.595382],[-118.151305,34.593447],[-118.156651,34.595693],[-118.157188,34.591529],[-118.16160400000001,34.587719]]]},"properties":{"name":"Desert View Highlands","geoid":"0619052","county":"Los Angeles","countyFP":"037"}},
{"type":"Feature","geometry":{"type":"Polygon","coordinates":[[[-116.91949400000001,33.747771],[-116.94563,33.747675],[-116.94558800000001,33.744946],[-116.95645100000002,33.74574],[-116.95860600000002,33.743081],[-116.95854799999998,33.731299],[-116.96068400000001,33.727649],[-116.96067299999999,33.723564],[-116.967201,33.722805],[-116.967162,33.714809],[-116.962972,33.714687],[-116.94114199999999,33.715066],[-116.934896,33.711624],[-116.92732099999999,33.711702],[-116.923651,33.715585],[-116.923771,33.729631],[-116.91979700000002,33.73025],[-116.91949400000001,33.747771]]]},"properties":{"name":"East Hemet","geoid":"0620697","county":"Riverside","countyFP":"065"}},
{"type":"Feature","geometry":{"type":"Polygon","coordinates":[[[-118.169259,34.06229],[-118.192625,34.061762],[-118.19223100000002,34.016546],[-118.18129400000001,34.015665],[-118.18123700000001,34.012036],[-118.175905,34.011534],[-118.175897,34.018273],[-118.15937099999998,34.01082],[-118.15365000000001,34.01963],[-118.146584,34.017716],[-118.14754399999998,34.009768],[-118.12756899999998,34.008047],[-118.126728,34.013127000000004],[-118.130155,34.01597],[-118.143357,34.023936],[-118.14285900000002,34.032158],[-118.14415999999999,34.033463],[-118.151686,34.034015],[-118.15728000000001,34.03626],[-118.15716399999998,34.044261],[-118.169594,34.044197],[-118.169259,34.06229]]]},"properties":{"name":"East Los Angeles","geoid":"0620802","county":"Los Angeles","countyFP":"037"}},
{"type":"Feature","geometry":{"type":"Polygon","coordinates":[[[-118.005252,33.928268],[-118.00351300000001,33.923077],[-117.994399,33.924505],[-117.994342,33.918541],[-117.991689,33.91733500000001],[-117.97656300000001,33.917418],[-117.97653000000001,33.928034],[-117.981359,33.928217],[-117.98999300000001,33.931858],[-118.00084399999999,33.929337],[-118.005252,33.928268]]]},"properties":{"name":"East Whittier","geoid":"0621292","county":"Los Angeles","countyFP":"037"}},
{"type":"Feature","geometry":{"type":"MultiPolygon","coordinates":[[[[-118.187048,33.90537],[-118.18777000000001,33.903428],[-118.18625700000001,33.904797],[-118.187048,33.90537]]],[[[-118.187451,33.903173],[-118.18988600000002,33.900564],[-118.18814899999998,33.894716],[-118.187451,33.903173]]],[[[-118.200432,33.906112],[-118.19724800000002,33.888746],[-118.189423,33.889533],[-118.190756,33.905532],[-118.200432,33.906112]]],[[[-118.206143,33.88815],[-118.204278,33.881617],[-118.196763,33.881654],[-118.198148,33.888261],[-118.206143,33.88815]]]]},"properties":{"name":"East Rancho Dominguez","geoid":"0621034","county":"Los Angeles","countyFP":"037"}},
{"type":"Feature","geometry":{"type":"Polygon","coordinates":[[[-117.194898,33.084007],[-117.194914,33.080396],[-117.191358,33.08035],[-117.191304,33.076534],[-117.187212,33.076533],[-117.18729700000002,33.072711],[-117.17029500000001,33.072537],[-117.16444600000001,33.071466],[-117.155809,33.080367],[-117.165562,33.080377],[-117.16502799999999,33.087477],[-117.182137,33.087657],[-117.18324300000002,33.094936],[-117.19064400000002,33.094939],[-117.190686,33.083988],[-117.194898,33.084007]]]},"properties":{"name":"Elfin Forest","geoid":"0621916","county":"San Diego","countyFP":"073"}},
{"type":"Feature","geometry":{"type":"Polygon","coordinates":[[[-117.19918399999999,33.003858],[-117.204134,33.002408],[-117.20778600000001,32.989907],[-117.211475,32.98534],[-117.19662299999999,32.984964],[-117.20448000000002,32.97881],[-117.20025600000001,32.977596],[-117.20016000000001,32.973989],[-117.17851499999999,32.973925],[-117.17851,32.970295],[-117.169866,32.970231],[-117.16986200000001,33.007228],[-117.160856,33.007299],[-117.165017,33.008104],[-117.17301799999998,33.012364],[-117.174943,33.010415],[-117.186416,33.01328],[-117.189745,33.012653],[-117.19225100000001,33.00821],[-117.19918399999999,33.003858]]]},"properties":{"name":"Fairbanks Ranch","geoid":"0623150","county":"San Diego","countyFP":"073"}},
{"type":"Feature","geometry":{"type":"Polygon","coordinates":[[[-117.26206700000002,33.35834],[-117.25384100000001,33.358224],[-117.253498,33.339755],[-117.249399,33.339599],[-117.24924300000002,33.328929],[-117.26007999999999,33.329205],[-117.26007999999999,33.321853],[-117.24345199999999,33.32185],[-117.242084,33.319285],[-117.236504,33.320645],[-117.22964600000002,33.329609],[-117.22766500000002,33.334013],[-117.23301299999999,33.334733],[-117.22704099999999,33.341199],[-117.218021,33.347254],[-117.204901,33.346777],[-117.199179,33.350418],[-117.19802200000001,33.354805],[-117.202417,33.357063],[-117.20375700000001,33.36181],[-117.19772800000001,33.361509],[-117.18161600000002,33.36767900000001],[-117.178304,33.368122],[-117.170338,33.373399],[-117.173514,33.380242],[-117.174887,33.387139],[-117.179012,33.390127],[-117.195788,33.391857],[-117.204602,33.395035],[-117.210217,33.393562],[-117.213525,33.39123],[-117.21686500000001,33.391571],[-117.22056100000002,33.389061],[-117.22782499999998,33.388532],[-117.228183,33.394129],[-117.22479200000001,33.400657],[-117.22630599999998,33.407589],[-117.230102,33.40645],[-117.23327000000002,33.409715],[-117.23835700000001,33.408888],[-117.24013700000002,33.413968],[-117.24320900000001,33.413376],[-117.249425,33.408242],[-117.24920200000001,33.402867],[-117.25061300000002,33.40068],[-117.25579800000001,33.402249],[-117.258169,33.388446],[-117.26206700000002,33.35834]]]},"properties":{"name":"Fallbrook","geoid":"0623462","county":"San Diego","countyFP":"073"}},
{"type":"Feature","geometry":{"type":"Polygon","coordinates":[[[-118.239021,33.989403],[-118.25643600000001,33.989498],[-118.256393,33.960171],[-118.25593,33.95306],[-118.253533,33.951260000000005],[-118.25364000000002,33.943277],[-118.249138,33.943273],[-118.24883900000002,33.953358],[-118.233995,33.953264],[-118.23402599999999,33.948243],[-118.228602,33.948301],[-118.23148500000002,33.960938],[-118.229647,33.9612],[-118.230233,33.974745],[-118.237632,33.97473800000001],[-118.238954,33.977176],[-118.239021,33.989403]]]},"properties":{"name":"Florence-Graham","geoid":"0624477","county":"Los Angeles","countyFP":"037"}},
{"type":"Feature","geometry":{"type":"Polygon","coordinates":[[[-117.123202,33.627008],[-117.127562,33.626969],[-117.12733599999999,33.612425],[-117.13030200000001,33.610832],[-117.136687,33.612589],[-117.136695,33.597772],[-117.11845499999998,33.598044],[-117.126253,33.590795],[-117.132241,33.583353],[-117.13653700000002,33.568893],[-117.128301,33.568335],[-117.123496,33.569432],[-117.12110500000001,33.572342],[-117.11550899999999,33.572082],[-117.11171700000001,33.56929],[-117.107763,33.569539],[-117.10315999999999,33.572702],[-117.09943,33.573649],[-117.09762300000001,33.571203],[-117.090539,33.574061],[-117.086173,33.582559],[-117.083714,33.583522],[-117.083658,33.601927],[-117.078658,33.603703],[-117.08006,33.61207],[-117.07409299999999,33.616348],[-117.07830599999998,33.619515],[-117.07748899999999,33.627474],[-117.118855,33.627012],[-117.123202,33.627008]]]},"properties":{"name":"French Valley","geoid":"0626067","county":"Riverside","countyFP":"065"}},
{"type":"Feature","geometry":{"type":"Polygon","coordinates":[[[-116.90998499999999,32.820665],[-116.91306599999999,32.815961],[-116.912043,32.812711],[-116.91695700000001,32.807356],[-116.921468,32.803952],[-116.91951499999999,32.800201],[-116.912131,32.800218],[-116.90812999999999,32.802219],[-116.904775,32.800895],[-116.90246100000002,32.802839],[-116.895911,32.801673],[-116.899901,32.794833],[-116.90334,32.793886],[-116.911691,32.797629],[-116.915809,32.794905],[-116.917971,32.796392],[-116.92467399999998,32.796479],[-116.921505,32.792739],[-116.92142400000002,32.789394],[-116.916344,32.787494],[-116.91080799999999,32.786142000000005],[-116.90449100000001,32.787679],[-116.897424,32.787703],[-116.892381,32.785219],[-116.893049,32.786995],[-116.893016,32.803416],[-116.89367600000001,32.810087],[-116.89225,32.820743],[-116.89787600000001,32.819231],[-116.904116,32.820787],[-116.905213,32.823766],[-116.90072900000001,32.828704],[-116.903382,32.826704],[-116.90998499999999,32.820665]]]},"properties":{"name":"Granite Hills","geoid":"0630703","county":"San Diego","countyFP":"073"}},
{"type":"Feature","geometry":{"type":"Polygon","coordinates":[[[-118.009257,34.028986],[-118.00454300000001,34.028885],[-118.00233500000002,34.026589],[-118.00431199999998,34.021504],[-118.007106,34.020807],[-118.00869899999998,34.003811000000006],[-118.008417,34.001489],[-118.002173,33.994147],[-118.002262,33.989613],[-117.99339199999999,33.989674],[-117.993568,33.982409],[-117.993762,33.975163],[-117.976661,33.974829],[-117.96877700000002,33.972571],[-117.95791400000002,33.97255],[-117.949611,33.974639],[-117.94960600000002,33.976457],[-117.934353,33.972935],[-117.93091700000001,33.989963],[-117.93174899999998,33.990977],[-117.93088000000002,33.998275],[-117.934893,33.998142],[-117.948684,34.002413],[-117.94828299999999,34.006393],[-117.95981499999999,34.009866],[-117.958728,34.013319],[-117.96440699999998,34.01546400000001],[-117.966044,34.011767],[-117.97577099999998,34.014981],[-117.97582200000001,34.019207],[-118.003457,34.03101],[-118.009257,34.028986]]]},"properties":{"name":"Hacienda Heights","geoid":"0631596","county":"Los Angeles","countyFP":"037"}},
{"type":"Feature","geometry":{"type":"Polygon","coordinates":[[[-116.814181,32.833843],[-116.815466,32.837186],[-116.820321,32.837434],[-116.820725,32.842627],[-116.82369499999999,32.851975],[-116.82416900000001,32.856961],[-116.83175300000002,32.856419],[-116.838696,32.853989],[-116.845011,32.853153],[-116.85341600000001,32.853657],[-116.85962,32.849535],[-116.869373,32.847607],[-116.87735700000002,32.843727],[-116.872193,32.835463],[-116.86904199999998,32.833937],[-116.86123100000002,32.833757],[-116.86143800000002,32.829522],[-116.85787100000002,32.825773],[-116.86163099999999,32.820787],[-116.861537,32.815314],[-116.847637,32.817155],[-116.84352800000002,32.816287],[-116.84087700000002,32.812952],[-116.844549,32.808843],[-116.84398,32.806377],[-116.84588900000001,32.798007],[-116.845492,32.790026],[-116.83232400000001,32.791218],[-116.828738,32.797123],[-116.819571,32.803518],[-116.812326,32.807725],[-116.80925599999999,32.812242],[-116.810022,32.818456],[-116.806765,32.818969],[-116.80640399999999,32.822391],[-116.811021,32.825406],[-116.815499,32.831223],[-116.814181,32.833843]]]},"properties":{"name":"Harbison Canyon","geoid":"0632044","county":"San Diego","countyFP":"073"}},
{"type":"Feature","geometry":{"type":"Polygon","coordinates":[[[-118.648231,34.489842],[-118.65392199999998,34.489011],[-118.657002,34.493353],[-118.65764900000002,34.496907],[-118.660599,34.500972],[-118.66783100000002,34.507485],[-118.67476600000002,34.509804],[-118.68471499999998,34.503014],[-118.689222,34.498663],[-118.68605399999998,34.494132],[-118.68674799999998,34.486486000000006],[-118.685593,34.48353900000001],[-118.686024,34.474456],[-118.67764,34.474359],[-118.677699,34.470758],[-118.671235,34.470822],[-118.673355,34.466658],[-118.67270500000001,34.461574],[-118.67250899999999,34.460035],[-118.659504,34.460116],[-118.658867,34.456054],[-118.650303,34.451088],[-118.64103400000002,34.457235],[-118.64733399999999,34.460202],[-118.65042900000002,34.467643],[-118.65168,34.47574000000001],[-118.64868200000001,34.485386],[-118.648231,34.489842]]]},"properties":{"name":"Hasley Canyon","geoid":"0632385","county":"Los Angeles","countyFP":"037"}},
{"type":"Feature","geometry":{"type":"Polygon","coordinates":[[[-117.085949,33.21074],[-117.09045400000001,33.217723],[-117.08975300000002,33.22085400000001],[-117.08615700000001,33.225686],[-117.10107900000001,33.226465],[-117.10114500000002,33.237534],[-117.110853,33.23692700000001],[-117.114424,33.23431],[-117.11943200000002,33.23607],[-117.11936799999998,33.239471],[-117.126493,33.240943],[-117.13575100000001,33.245591],[-117.13841500000001,33.242896],[-117.143754,33.249769],[-117.14858100000001,33.245638],[-117.148702,33.242348],[-117.14203800000001,33.223706],[-117.139452,33.21913],[-117.12705099999998,33.20095],[-117.12363400000001,33.198346],[-117.11979300000002,33.199258],[-117.11836,33.201729],[-117.11093800000002,33.205612],[-117.10808900000002,33.210668],[-117.096797,33.208626],[-117.08965,33.208651],[-117.08590500000001,33.210460000000005],[-117.085949,33.21074]]]},"properties":{"name":"Hidden Meadows","geoid":"0633532","county":"San Diego","countyFP":"073"}},
{"type":"Feature","geometry":{"type":"Polygon","coordinates":[[[-117.501642,33.88914],[-117.52720400000001,33.880156],[-117.532253,33.879012],[-117.52976000000001,33.873975],[-117.52618700000001,33.874933],[-117.524129,33.872441],[-117.51525100000002,33.872568],[-117.51418600000001,33.869961],[-117.505447,33.868873],[-117.501262,33.872564],[-117.502523,33.876451],[-117.50032699999998,33.87907],[-117.496662,33.877722],[-117.49600200000002,33.883957],[-117.497593,33.882986],[-117.501642,33.88914]]]},"properties":{"name":"Home Gardens","geoid":"0634302","county":"Riverside","countyFP":"065"}},
{"type":"Feature","geometry":{"type":"Polygon","coordinates":[[[-116.46173100000001,34.295378],[-116.45322300000001,34.282825],[-116.45712399999998,34.279459],[-116.45818899999999,34.271374],[-116.450636,34.2713],[-116.44843,34.267693],[-116.44841899999999,34.251297],[-116.457154,34.251312],[-116.45707200000001,34.229559],[-116.454969,34.225007],[-116.448415,34.224086],[-116.448453,34.220754],[-116.452707,34.219899],[-116.45269100000002,34.214938],[-116.446231,34.21592],[-116.446111,34.2204],[-116.443441,34.220394],[-116.44164200000002,34.207495],[-116.422068,34.207668],[-116.422004,34.214999],[-116.413303,34.215011],[-116.41323800000002,34.222207],[-116.386772,34.222264],[-116.386715,34.236913],[-116.39335300000002,34.23689300000001],[-116.393144,34.251425],[-116.387287,34.252169],[-116.384013,34.258672],[-116.37875600000001,34.266124],[-116.333273,34.26596],[-116.33321100000002,34.294626],[-116.35161699999999,34.294608],[-116.355498,34.293173],[-116.358286,34.289752],[-116.363002,34.288913],[-116.36890500000001,34.289772],[-116.37763600000001,34.289783],[-116.381967,34.293553],[-116.39210800000001,34.293302],[-116.392937,34.295006],[-116.404371,34.29502],[-116.40442700000001,34.300165],[-116.40897600000001,34.308747],[-116.41788700000001,34.316798],[-116.420672,34.324119],[-116.412811,34.325434],[-116.413697,34.328279],[-116.417234,34.32887000000001],[-116.41925300000001,34.332099],[-116.417847,34.334289000000005],[-116.412384,34.33693],[-116.412913,34.338563],[-116.456786,34.338968],[-116.45695700000002,34.295346],[-116.46173100000001,34.295378]]]},"properties":{"name":"Homestead Valley","geoid":"0634392","county":"San Bernardino","countyFP":"071"}},
{"type":"Feature","geometry":{"type":"Polygon","coordinates":[[[-116.718166,33.719875],[-116.70757800000001,33.727766],[-116.70048700000001,33.732121],[-116.69900600000001,33.735958],[-116.69571299999998,33.735139],[-116.69492200000002,33.739178],[-116.687889,33.741731],[-116.685421,33.745398],[-116.68550100000002,33.774494],[-116.70210400000002,33.774588],[-116.70294599999998,33.773282],[-116.702809,33.762792],[-116.706859,33.76278],[-116.706959,33.759217],[-116.715427,33.759084],[-116.715512,33.762696],[-116.711681,33.76276],[-116.71176300000002,33.766339],[-116.715711,33.766379],[-116.715795,33.76954],[-116.718866,33.772551],[-116.719142,33.781705],[-116.731618,33.775956],[-116.73614400000001,33.776376],[-116.739045,33.774803],[-116.74089399999998,33.770677],[-116.73991,33.765798],[-116.750601,33.757326],[-116.75839,33.755757],[-116.760551,33.746971],[-116.762198,33.745312],[-116.759721,33.738626000000004],[-116.75399300000001,33.737729],[-116.74762,33.734087],[-116.74535899999998,33.729681],[-116.755156,33.727896],[-116.76014500000001,33.725802],[-116.760092,33.723833],[-116.763762,33.716571],[-116.769034,33.711249],[-116.758509,33.707207],[-116.753019,33.707213],[-116.746092,33.705444],[-116.740354,33.711734],[-116.735266,33.715011],[-116.73397600000001,33.718848],[-116.728491,33.722388],[-116.725343,33.719457],[-116.71931199999999,33.71831],[-116.718166,33.719875]]]},"properties":{"name":"Idyllwild-Pine Cove","geoid":"0636203","county":"Riverside","countyFP":"065"}},
{"type":"Feature","geometry":{"type":"Polygon","coordinates":[[[-116.157368,32.614403],[-116.157439,32.617623],[-116.161194,32.619638],[-116.15791799999998,32.624335],[-116.150174,32.627486],[-116.14921899999999,32.629817],[-116.14476000000002,32.631267],[-116.14336199999998,32.634297],[-116.149807,32.63392],[-116.165907,32.636231],[-116.175717,32.642578],[-116.192587,32.648983],[-116.197619,32.649948],[-116.200706,32.647325],[-116.20292699999999,32.641085],[-116.20146400000002,32.635665],[-116.19852400000002,32.632184],[-116.20130299999998,32.629481000000006],[-116.20650300000001,32.628818],[-116.208873,32.623184],[-116.209699,32.612167],[-116.20910200000002,32.6103],[-116.157368,32.614403]]]},"properties":{"name":"Jacumba","geoid":"0637022","county":"San Diego","countyFP":"073"}},
{"type":"Feature","geometry":{"type":"Polygon","coordinates":[[[-116.940714,32.733678],[-116.940591,32.733375],[-116.935799,32.727066],[-116.92808099999999,32.718537],[-116.92765,32.716275],[-116.921878,32.715132],[-116.915295,32.712169],[-116.90868299999998,32.705769],[-116.90865100000002,32.703353],[-116.904419,32.701307],[-116.902161,32.702679],[-116.88983399999998,32.704637],[-116.88742800000001,32.706365],[-116.87083099999998,32.707054],[-116.850007,32.68610400000001],[-116.84701500000001,32.684531],[-116.83797499999999,32.690049],[-116.837033,32.691996],[-116.831908,32.691739],[-116.82427400000002,32.69439],[-116.817049,32.703353],[-116.81745900000001,32.706544],[-116.81511099999999,32.708513],[-116.814487,32.714452],[-116.80525,32.717938],[-116.80692900000001,32.722459],[-116.811516,32.722634],[-116.820872,32.730704],[-116.81979,32.732759],[-116.830461,32.735224],[-116.836823,32.734279],[-116.843126,32.735471],[-116.850563,32.734514],[-116.857633,32.729283],[-116.872406,32.729078],[-116.87749200000002,32.730449],[-116.879806,32.732872],[-116.89103100000001,32.735082],[-116.891677,32.742573],[-116.896158,32.742609],[-116.906923,32.744812],[-116.912442,32.742637],[-116.91713,32.744415],[-116.922648,32.741116],[-116.93473100000001,32.741624],[-116.93736,32.735751],[-116.940714,32.733678]]]},"properties":{"name":"Jamul","geoid":"0637120","county":"San Diego","countyFP":"073"}},
{"type":"Feature","geometry":{"type":"Polygon","coordinates":[[[-116.35205800000001,34.164021],[-116.35218100000002,34.149489],[-116.369578,34.149556000000004],[-116.36992200000002,34.120551],[-116.370416,34.120548],[-116.37039,34.094198],[-116.36356000000002,34.089226],[-116.36154300000001,34.085378],[-116.353,34.076576],[-116.353002,34.090737],[-116.33575,34.09078],[-116.33557800000001,34.075938],[-116.300637,34.076125],[-116.30060200000001,34.077305],[-116.26555100000002,34.077829],[-116.265658,34.120439],[-116.255811,34.120584],[-116.25582900000002,34.138734],[-116.26459399999999,34.138787],[-116.26445899999999,34.171621],[-116.321465,34.171265],[-116.32495800000001,34.167619],[-116.33443700000001,34.167513],[-116.33501100000001,34.163749],[-116.35205800000001,34.164021]]]},"properties":{"name":"Joshua Tree","geoid":"0637554","county":"San Bernardino","countyFP":"071"}},
{"type":"Feature","geometry":{"type":"Polygon","coordinates":[[[-116.622452,33.081806],[-116.61726200000001,33.078131],[-116.61813500000001,33.063452],[-116.611487,33.063251],[-116.606952,33.060602],[-116.60124600000002,33.054691],[-116.60126499999998,33.044492],[-116.583981,33.062314],[-116.579898,33.062056],[-116.57627800000002,33.056679],[-116.57069000000001,33.056637],[-116.566499,33.05478],[-116.55963599999998,33.057342],[-116.552101,33.059096],[-116.553701,33.060982],[-116.551921,33.070075],[-116.564261,33.07662700000001],[-116.57170899999998,33.0826],[-116.584124,33.093697],[-116.59826700000002,33.099957],[-116.603803,33.103346],[-116.604009,33.092192],[-116.606803,33.088382],[-116.614647,33.086167],[-116.622452,33.081806]]]},"properties":{"name":"Julian","geoid":"0637582","county":"San Diego","countyFP":"073"}},
{"type":"Feature","geometry":{"type":"Polygon","coordinates":[[[-118.42227699999998,34.659682],[-118.407751,34.659479],[-118.407699,34.655781],[-118.393643,34.655684],[-118.393871,34.645063],[-118.376304,34.644859],[-118.376258,34.641377],[-118.363859,34.641392],[-118.363869,34.643987],[-118.363901,34.644961],[-118.34193600000002,34.64505200000001],[-118.34197300000001,34.659764],[-118.35963300000002,34.65989],[-118.35950700000001,34.674478],[-118.373277,34.67403],[-118.40225600000001,34.673986],[-118.40226400000002,34.668354],[-118.41672400000002,34.66977],[-118.417203,34.669002],[-118.42187300000002,34.666662],[-118.42227699999998,34.659682]]]},"properties":{"name":"Elizabeth Lake","geoid":"0621964","county":"Los Angeles","countyFP":"037"}},
{"type":"Feature","geometry":{"type":"Polygon","coordinates":[[[-117.49600200000002,33.883957],[-117.496662,33.877722],[-117.50032699999998,33.87907],[-117.502523,33.876451],[-117.501262,33.872564],[-117.49333399999999,33.872599],[-117.49330699999999,33.867429],[-117.488915,33.863176],[-117.48788100000002,33.856517],[-117.48536599999998,33.859175],[-117.476441,33.862631],[-117.47263599999998,33.860798],[-117.466455,33.854826],[-117.458918,33.851207],[-117.455148,33.852648],[-117.45166999999998,33.858397],[-117.43273899999998,33.858128],[-117.433778,33.864616],[-117.4332,33.871742],[-117.429279,33.872644],[-117.42822600000001,33.874113],[-117.430959,33.878986],[-117.430715,33.884238],[-117.43282299999998,33.886938],[-117.454106,33.887363],[-117.460794,33.884695],[-117.465019,33.889777],[-117.471089,33.88748400000001],[-117.471056,33.884467],[-117.47731599999999,33.88466],[-117.487015,33.887913],[-117.49600200000002,33.883957]]]},"properties":{"name":"El Sobrante","geoid":"0622457","county":"Riverside","countyFP":"065"}},
{"type":"Feature","geometry":{"type":"Polygon","coordinates":[[[-116.96239600000001,32.903372],[-116.96226100000001,32.872948],[-116.95649300000001,32.871319],[-116.948617,32.866853],[-116.929439,32.866773],[-116.92704800000001,32.864679],[-116.92334300000002,32.870197],[-116.926437,32.879907],[-116.93176,32.885466],[-116.932871,32.895972],[-116.940528,32.905158],[-116.94626,32.906943],[-116.951474,32.905315],[-116.96239600000001,32.903372]]]},"properties":{"name":"Eucalyptus Hills","geoid":"0623000","county":"San Diego","countyFP":"073"}},
{"type":"Feature","geometry":{"type":"Polygon","coordinates":[[[-116.707907,35.25849],[-116.70663,35.25372],[-116.70151000000001,35.24692],[-116.69417500000002,35.232014],[-116.68542999999998,35.21798],[-116.66546000000001,35.22364],[-116.65601,35.22763],[-116.66496,35.23702],[-116.65952999999999,35.23905],[-116.66271,35.24289],[-116.66371000000001,35.24647],[-116.676,35.25735],[-116.67051000000001,35.2632],[-116.670382,35.272392],[-116.67422000000002,35.27182],[-116.67882000000002,35.27382],[-116.69180000000001,35.27445],[-116.69631000000001,35.273357],[-116.70319100000002,35.269204],[-116.70680000000002,35.26448],[-116.707907,35.25849]]]},"properties":{"name":"Fort Irwin","geoid":"0625114","county":"San Bernardino","countyFP":"071"}},
{"type":"Feature","geometry":{"type":"Polygon","coordinates":[[[-116.45752900000001,33.946798],[-116.475068,33.946858],[-116.475373,33.939529],[-116.497072,33.939481],[-116.49746600000002,33.93222],[-116.501747,33.93223],[-116.50177000000001,33.924998],[-116.493203,33.924998],[-116.49302699999998,33.917683],[-116.50176400000001,33.917756],[-116.50162299999998,33.891382],[-116.488083,33.888529],[-116.474072,33.8886],[-116.47553400000001,33.896263],[-116.47548599999999,33.903213],[-116.45802400000001,33.903223],[-116.45804500000001,33.91792],[-116.457906,33.932533],[-116.45752900000001,33.946798]]]},"properties":{"name":"Garnet","geoid":"0629112","county":"Riverside","countyFP":"065"}},
{"type":"Feature","geometry":{"type":"Polygon","coordinates":[[[-117.302749,33.800253],[-117.30089700000002,33.795591],[-117.297377,33.791191],[-117.295924,33.786284],[-117.305256,33.78508],[-117.30675600000001,33.781436],[-117.306627,33.772093],[-117.30133999999998,33.772204],[-117.301704,33.758942],[-117.30107599999998,33.757133],[-117.301097,33.742406],[-117.26254200000001,33.742816],[-117.25176399999998,33.742957000000004],[-117.249599,33.746621],[-117.24958900000001,33.772061],[-117.24372500000001,33.772009],[-117.24371900000001,33.779273],[-117.24848799999998,33.779283],[-117.25195500000001,33.77562000000001],[-117.258942,33.772389],[-117.25904399999999,33.782883],[-117.26121,33.786504],[-117.257439,33.793729],[-117.26125699999999,33.793733],[-117.261276,33.808187],[-117.26745999999999,33.808391],[-117.26738800000001,33.80008],[-117.302749,33.800253]]]},"properties":{"name":"Good Hope","geoid":"0630410","county":"Riverside","countyFP":"065"}},
{"type":"Feature","geometry":{"type":"Polygon","coordinates":[[[-117.089518,33.738799],[-117.089521,33.729024],[-117.08075800000002,33.728626],[-117.080763,33.721835],[-117.07311799999998,33.721867],[-117.07310500000001,33.729085],[-117.070975,33.734818],[-117.067595,33.737134],[-117.067658,33.740285],[-117.06317000000001,33.742698000000004],[-117.06906600000002,33.743774],[-117.08734800000002,33.743612],[-117.089518,33.738799]]]},"properties":{"name":"Green Acres","geoid":"0630944","county":"Riverside","countyFP":"065"}},
{"type":"Feature","geometry":{"type":"Polygon","coordinates":[[[-118.443982,34.60458800000001],[-118.43817,34.60326],[-118.433683,34.598346],[-118.43561800000002,34.596469],[-118.430131,34.593473],[-118.423922,34.594317],[-118.40857699999998,34.593785],[-118.407025,34.59241300000001],[-118.397904,34.58924900000001],[-118.38761200000002,34.587098],[-118.38391999999999,34.587754],[-118.38366,34.59206700000001],[-118.385641,34.596939],[-118.384075,34.599392],[-118.38513399999998,34.603264],[-118.368141,34.606852],[-118.36170499999999,34.610397],[-118.36095399999999,34.612519],[-118.35542300000002,34.615531],[-118.36327,34.618151],[-118.36711800000002,34.620533],[-118.366658,34.623108],[-118.371237,34.624864],[-118.37396300000002,34.630809],[-118.379322,34.631518],[-118.385375,34.630796],[-118.38534899999999,34.634072],[-118.382652,34.639699],[-118.39445200000002,34.639026],[-118.40559800000001,34.642463],[-118.40588200000002,34.645404],[-118.409044,34.647973],[-118.42202,34.644376],[-118.427956,34.641054],[-118.441511,34.632247],[-118.44371300000002,34.628825],[-118.44236899999999,34.625667],[-118.443175,34.621254],[-118.438382,34.61286],[-118.43804400000002,34.610107],[-118.44252800000001,34.607849],[-118.443982,34.60458800000001]]]},"properties":{"name":"Green Valley","geoid":"0631092","county":"Los Angeles","countyFP":"037"}},
{"type":"Feature","geometry":{"type":"Polygon","coordinates":[[[-117.15622499999999,33.10588],[-117.15644999999999,33.094504],[-117.146267,33.092667],[-117.147739,33.088729],[-117.139599,33.087512],[-117.123077,33.087572],[-117.123077,33.098362],[-117.121044,33.09835],[-117.11881700000002,33.098452],[-117.11778400000001,33.104456],[-117.123142,33.110754],[-117.14012899999999,33.11057],[-117.14011099999999,33.112967],[-117.155968,33.113225],[-117.15622499999999,33.10588]]]},"properties":{"name":"Harmony Grove","geoid":"0632212","county":"San Diego","countyFP":"073"}},
{"type":"Feature","geometry":{"type":"Polygon","coordinates":[[[-117.339794,34.019353],[-117.34464100000001,34.01248],[-117.33618500000001,34.012067],[-117.33408199999998,34.006609],[-117.326732,34.010113],[-117.319563,34.006195000000005],[-117.307219,34.004077],[-117.309283,33.997448],[-117.28763900000001,33.997397],[-117.28753999999999,34.018298],[-117.296066,34.018252],[-117.304895,34.019301],[-117.33616100000002,34.019378],[-117.339794,34.019353]]]},"properties":{"name":"Highgrove","geoid":"0633574","county":"Riverside","countyFP":"065"}},
{"type":"Feature","geometry":{"type":"Polygon","coordinates":[[[-117.136471,33.757653],[-117.13648699999999,33.735905],[-117.124646,33.735993],[-117.119836,33.732791],[-117.11539100000002,33.731942],[-117.09927100000002,33.734413],[-117.094752,33.73626],[-117.094659,33.739],[-117.089518,33.738799],[-117.08734800000002,33.743612],[-117.088651,33.752048],[-117.09878200000001,33.757191],[-117.108373,33.757916],[-117.13105,33.757658],[-117.136471,33.757653]]]},"properties":{"name":"Homeland","geoid":"0634316","county":"Riverside","countyFP":"065"}},
{"type":"Feature","geometry":{"type":"Polygon","coordinates":[[[-116.26578300000001,33.802034],[-116.21381999999998,33.801921],[-116.213882,33.838322],[-116.21369700000001,33.84609],[-116.20479199999998,33.850752],[-116.201478,33.854485],[-116.19999600000001,33.861363000000004],[-116.215337,33.860861],[-116.21891,33.863587],[-116.22056300000001,33.871605],[-116.25180099999999,33.887143],[-116.256258,33.891261],[-116.262098,33.892954],[-116.264304,33.886847],[-116.266646,33.883741],[-116.26761799999998,33.878321],[-116.27378800000001,33.874118],[-116.28123300000001,33.865743],[-116.28543099999999,33.867984],[-116.283772,33.812888],[-116.28333899999998,33.801966],[-116.26578300000001,33.802034]]]},"properties":{"name":"Indio Hills","geoid":"0636452","county":"Riverside","countyFP":"065"}},
{"type":"Feature","geometry":{"type":"Polygon","coordinates":[[[-117.65449000000001,33.562858000000006],[-117.65901700000002,33.55605],[-117.658992,33.533833],[-117.64759399999998,33.526791],[-117.64262700000002,33.530034],[-117.63825699999998,33.528533],[-117.63502599999998,33.527228],[-117.630115,33.530392],[-117.62892400000001,33.530953],[-117.62413600000001,33.534704],[-117.629067,33.544943],[-117.629544,33.551716],[-117.627337,33.551882],[-117.625602,33.558651],[-117.62633300000002,33.565974],[-117.63268300000001,33.571812],[-117.633159,33.575009],[-117.636149,33.575443],[-117.64571499999998,33.569868],[-117.64993800000002,33.564232],[-117.65449000000001,33.562858000000006]]]},"properties":{"name":"Ladera Ranch","geoid":"0639114","county":"Orange","countyFP":"059"}},
{"type":"Feature","geometry":{"type":"Polygon","coordinates":[[[-117.242412,34.256678],[-117.242669,34.226459],[-117.20791500000001,34.226465],[-117.20789400000001,34.2226],[-117.168755,34.222713],[-117.16726,34.224993],[-117.167771,34.230098],[-117.164076,34.23303800000001],[-117.15534800000002,34.23334100000001],[-117.156044,34.238311],[-117.150949,34.249249],[-117.14675599999998,34.252765],[-117.14733,34.256641],[-117.14598900000001,34.263001],[-117.140054,34.266859],[-117.14495400000001,34.268851],[-117.14681500000002,34.267196],[-117.15400200000002,34.272793],[-117.16065400000001,34.270273],[-117.164501,34.272974],[-117.16653000000001,34.278015],[-117.169869,34.280348],[-117.173007,34.279506],[-117.176284,34.282516],[-117.17747600000001,34.286193],[-117.180822,34.287328],[-117.18732800000001,34.285186],[-117.19234199999998,34.288221],[-117.19233599999998,34.290645],[-117.19784,34.291673],[-117.201794,34.288462],[-117.200944,34.285633],[-117.208577,34.283006],[-117.21420200000001,34.287766],[-117.217675,34.28775],[-117.22174499999998,34.28337],[-117.22203900000001,34.280299],[-117.215945,34.277338],[-117.21615,34.27351],[-117.22503299999998,34.273596],[-117.225439,34.26098000000001],[-117.230203,34.262307],[-117.23277900000001,34.258197],[-117.23991200000002,34.255073],[-117.242412,34.256678]]]},"properties":{"name":"Lake Arrowhead","geoid":"0639444","county":"San Bernardino","countyFP":"071"}},
{"type":"Feature","geometry":{"type":"Polygon","coordinates":[[[-118.417203,34.669002],[-118.417269,34.67406],[-118.411784,34.674195],[-118.412135,34.688064],[-118.44383000000002,34.688195],[-118.44389100000001,34.695519],[-118.452798,34.695519],[-118.452798,34.699206],[-118.461585,34.699256],[-118.45960800000002,34.707695],[-118.46693700000002,34.708324],[-118.47294600000001,34.706167],[-118.474772,34.707404],[-118.482843,34.706507],[-118.490079,34.702734],[-118.501395,34.702767],[-118.50136000000002,34.69916],[-118.50576100000002,34.699158],[-118.50574999999999,34.687367],[-118.502567,34.683473],[-118.492631,34.679555],[-118.48654699999999,34.675019],[-118.479814,34.673911],[-118.472563,34.670299],[-118.468485,34.671538],[-118.46329300000001,34.670563],[-118.45894,34.661543],[-118.45546800000001,34.662328],[-118.45105700000002,34.660798],[-118.445604,34.66163],[-118.44276199999999,34.659331],[-118.42227699999998,34.659682],[-118.42187300000002,34.666662],[-118.417203,34.669002]]]},"properties":{"name":"Lake Hughes","geoid":"0639556","county":"Los Angeles","countyFP":"037"}},
{"type":"Feature","geometry":{"type":"Polygon","coordinates":[[[-117.41554900000001,33.684181],[-117.41532400000001,33.67432],[-117.413314,33.659302],[-117.415815,33.65526800000001],[-117.402208,33.650609],[-117.393153,33.641352],[-117.39040100000001,33.639608],[-117.363116,33.639136],[-117.36331800000002,33.626527],[-117.327527,33.625993],[-117.32797600000002,33.612488],[-117.310973,33.612592],[-117.303904,33.618452],[-117.312735,33.62388],[-117.319638,33.630553],[-117.319878,33.632852],[-117.33076900000002,33.639582],[-117.335695,33.637256],[-117.34470000000002,33.642628],[-117.356381,33.647959],[-117.36099200000001,33.651879],[-117.36647700000002,33.654848],[-117.370271,33.659778],[-117.37302800000002,33.656561],[-117.37913599999999,33.654419],[-117.37926400000002,33.6483],[-117.38364599999998,33.648155],[-117.38352899999998,33.656396],[-117.37975900000002,33.660721],[-117.391002,33.667758],[-117.38636200000002,33.67483],[-117.387556,33.678812],[-117.39647700000002,33.678529],[-117.39668,33.681742],[-117.394251,33.684074],[-117.41554900000001,33.684181]]]},"properties":{"name":"Lakeland Village","geoid":"0639598","county":"Riverside","countyFP":"065"}},
{"type":"Feature","geometry":{"type":"Polygon","coordinates":[[[-117.862859,34.638422],[-117.86248,34.616531],[-117.853526,34.616475],[-117.852978,34.60263700000001],[-117.85336,34.586632],[-117.86245,34.587385],[-117.862176,34.579939],[-117.844429,34.579896],[-117.84450099999998,34.587186],[-117.80023200000001,34.587286],[-117.80031600000001,34.601972],[-117.809215,34.601942],[-117.809362,34.63125],[-117.84490200000002,34.631208],[-117.845174,34.642145],[-117.853908,34.642164],[-117.853894,34.638456],[-117.862859,34.638422]]]},"properties":{"name":"Lake Los Angeles","geoid":"0639612","county":"Los Angeles","countyFP":"037"}},
{"type":"Feature","geometry":{"type":"MultiPolygon","coordinates":[[[[-117.225524,33.116691],[-117.225468,33.113358],[-117.216869,33.113378],[-117.21693100000002,33.109649],[-117.209585,33.109574],[-117.208172,33.114886000000006],[-117.19043100000002,33.115013],[-117.19051300000001,33.12029],[-117.19505299999999,33.120535],[-117.196048,33.126979],[-117.20059499999999,33.130609],[-117.2044,33.127795000000006],[-117.208331,33.127777],[-117.21283300000002,33.13],[-117.217276,33.126089],[-117.21572100000002,33.124619],[-117.225524,33.116691]]],[[[-117.22982100000002,33.117716],[-117.22572000000001,33.109845],[-117.226679,33.117745],[-117.22982100000002,33.117716]]]]},"properties":{"name":"Lake San Marcos","geoid":"0639724","county":"San Diego","countyFP":"073"}},
{"type":"Feature","geometry":{"type":"Polygon","coordinates":[[[-116.948617,32.866853],[-116.94717900000002,32.863386],[-116.94663699999998,32.854226],[-116.92231900000002,32.85723],[-116.919177,32.854872],[-116.91539900000001,32.842112],[-116.908839,32.837316],[-116.90415,32.831181],[-116.903382,32.826704],[-116.90072900000001,32.828704],[-116.88345200000002,32.843962],[-116.875588,32.846409],[-116.87330100000001,32.848139],[-116.87599100000001,32.856352],[-116.873243,32.863407],[-116.875982,32.868555],[-116.876593,32.873461],[-116.88398499999998,32.87149],[-116.891852,32.870366],[-116.89955199999999,32.872462],[-116.919628,32.87163],[-116.92334300000002,32.870197],[-116.92704800000001,32.864679],[-116.929439,32.866773],[-116.948617,32.866853]]]},"properties":{"name":"Lakeside","geoid":"0639766","county":"San Diego","countyFP":"073"}},
{"type":"Feature","geometry":{"type":"Polygon","coordinates":[[[-117.14888400000001,33.82411],[-117.124196,33.814805],[-117.12239,33.817879],[-117.106371,33.817937],[-117.105286,33.82464],[-117.106824,33.827960000000004],[-117.101129,33.835958],[-117.10116599999999,33.839865],[-117.113387,33.83972],[-117.12269000000002,33.837771],[-117.127588,33.838161],[-117.135596,33.840501],[-117.14888400000001,33.82411]]]},"properties":{"name":"Lakeview","geoid":"0639836","county":"Riverside","countyFP":"065"}},
{"type":"Feature","geometry":{"type":"Polygon","coordinates":[[[-117.02299400000001,32.718477],[-117.020445,32.714769],[-117.018161,32.708255],[-117.02118900000002,32.703945],[-117.019757,32.700909],[-117.025233,32.69868],[-117.021972,32.69459],[-117.022831,32.692475],[-117.021438,32.688306],[-117.02406599999999,32.68651],[-117.02134000000001,32.688098],[-117.01711599999999,32.691668],[-117.013947,32.683187],[-117.01767699999999,32.678033],[-117.016414,32.674889],[-117.015006,32.675709000000005],[-117.01182200000001,32.683836],[-117.01308000000002,32.690171],[-117.004402,32.691752],[-116.98874800000002,32.696542],[-116.98358,32.701317],[-116.97863900000002,32.70793],[-116.984324,32.719447],[-116.979568,32.72016],[-116.98346600000002,32.727239],[-116.98948799999998,32.727208],[-116.98887799999999,32.731041],[-116.997856,32.731313],[-117.000141,32.736162],[-117.00646300000001,32.736156],[-117.00642699999999,32.73158],[-117.014342,32.728736],[-117.014136,32.724924],[-117.02316500000002,32.724973],[-117.02299400000001,32.718477]]]},"properties":{"name":"La Presa","geoid":"0640326","county":"San Diego","countyFP":"073"}},
{"type":"Feature","geometry":{"type":"Polygon","coordinates":[[[-118.363869,34.643987],[-118.363859,34.641392],[-118.363853,34.637808],[-118.359494,34.637857],[-118.35943299999998,34.630706],[-118.358283,34.62708],[-118.34068799999999,34.627148],[-118.34053400000002,34.602816],[-118.330057,34.597507],[-118.325349,34.593839],[-118.321624,34.595127],[-118.308047,34.58767],[-118.31424,34.5876],[-118.314112,34.582084],[-118.30983799999998,34.58045500000001],[-118.28774599999998,34.5802],[-118.287703,34.583752],[-118.283355,34.583755],[-118.28331700000001,34.587471],[-118.27459,34.587395],[-118.27465500000001,34.583757],[-118.261464,34.583744],[-118.26143,34.587699],[-118.26647800000002,34.587663],[-118.266529,34.591319],[-118.270918,34.5913],[-118.271037,34.604075],[-118.262319,34.604039],[-118.262352,34.609465],[-118.255947,34.606884],[-118.244073,34.600839],[-118.236054,34.599196],[-118.235571,34.594662],[-118.22682900000001,34.594635],[-118.227254,34.601892],[-118.21849399999999,34.60185800000001],[-118.21857200000001,34.609113],[-118.22737899999998,34.609171],[-118.22832400000001,34.616449],[-118.27119900000001,34.616732],[-118.27108500000001,34.626667],[-118.27389800000002,34.625519],[-118.27961,34.626349],[-118.287692,34.629026],[-118.28851399999999,34.631489],[-118.28884400000001,34.645472],[-118.30644700000002,34.645427],[-118.32326199999999,34.645145],[-118.32326100000002,34.652558],[-118.33069200000001,34.652455],[-118.33971,34.641555],[-118.342494,34.637071],[-118.351726,34.639276],[-118.363869,34.643987]]]},"properties":{"name":"Leona Valley","geoid":"0641208","county":"Los Angeles","countyFP":"037"}},
{"type":"Feature","geometry":{"type":"Polygon","coordinates":[[[-117.996897,34.52828],[-118.00127900000001,34.528261],[-118.002494,34.521117],[-118.00235499999998,34.514439],[-117.997261,34.51738],[-117.987423,34.517425],[-117.983434,34.515201],[-117.968425,34.520878],[-117.95810100000001,34.521167],[-117.95364800000002,34.523259],[-117.95360900000001,34.528394],[-117.958096,34.528438],[-117.996897,34.52828]]]},"properties":{"name":"Littlerock","geoid":"0641880","county":"Los Angeles","countyFP":"037"}},
{"type":"Feature","geometry":{"type":"Polygon","coordinates":[[[-117.31375200000001,33.912785],[-117.31937100000002,33.909249],[-117.31931,33.901979],[-117.31384,33.90203],[-117.313944,33.898405000000004],[-117.30503500000002,33.898484],[-117.30281999999998,33.902167],[-117.296247,33.902237],[-117.292031,33.90407600000001],[-117.292064,33.887655],[-117.309851,33.887546],[-117.313735,33.888163],[-117.313878,33.873005],[-117.31386200000001,33.865746],[-117.26105800000002,33.866223],[-117.262424,33.870142],[-117.25486500000001,33.869896],[-117.24825000000001,33.860574],[-117.243879,33.859029],[-117.24376400000001,33.865076],[-117.24359300000002,33.910156],[-117.273625,33.910103],[-117.28024600000002,33.909142],[-117.28361800000002,33.91681400000001],[-117.300452,33.916658],[-117.30067699999998,33.912887],[-117.31375200000001,33.912785]]]},"properties":{"name":"March ARB","geoid":"0645680","county":"Riverside","countyFP":"065"}},
{"type":"Feature","geometry":{"type":"Polygon","coordinates":[[[-118.00673199999999,34.129339],[-118.00877600000001,34.125901],[-118.008595,34.119129],[-118.01191700000001,34.120332],[-118.01603600000001,34.11372200000001],[-118.016833,34.110451],[-118.015761,34.1042],[-118.01300600000002,34.105198],[-118.00458800000001,34.111899],[-118.00523699999998,34.115243],[-118.003952,34.117442],[-118.003909,34.130375],[-118.00673199999999,34.129339]]]},"properties":{"name":"Mayflower Village","geoid":"0646436","county":"Los Angeles","countyFP":"037"}},
{"type":"Feature","geometry":{"type":"Polygon","coordinates":[[[-116.09518799999998,33.581241],[-116.09235200000002,33.569364],[-116.078962,33.5694],[-116.078993,33.55474],[-116.044258,33.554685],[-116.04344599999999,33.594942],[-116.047823,33.594917],[-116.047686,33.598726],[-116.07786500000002,33.598704],[-116.078909,33.584101],[-116.095159,33.583981],[-116.09518799999998,33.581241]]]},"properties":{"name":"Mecca","geoid":"0646660","county":"Riverside","countyFP":"065"}},
{"type":"Feature","geometry":{"type":"Polygon","coordinates":[[[-117.13662199999999,34.077355],[-117.138848,34.077389],[-117.138894,34.069576],[-117.134848,34.067556],[-117.13895100000002,34.06320500000001],[-117.13669999999999,34.059245],[-117.136651,34.044762],[-117.13008200000002,34.044716],[-117.1301,34.048328],[-117.117788,34.04786],[-117.112207,34.042651],[-117.107346,34.04109],[-117.10410300000001,34.041089],[-117.104197,34.04800000000001],[-117.093258,34.048259],[-117.08885300000001,34.052958],[-117.08006200000001,34.058272],[-117.07931400000001,34.062465],[-117.07656,34.072096],[-117.07864500000001,34.074845],[-117.08627100000001,34.073279],[-117.09942,34.073175],[-117.101059,34.06953200000001],[-117.10558599999999,34.069602],[-117.106031,34.073283],[-117.121669,34.073494],[-117.121683,34.077115000000006],[-117.124344,34.077133],[-117.12547099999999,34.07722],[-117.13662199999999,34.077355]]]},"properties":{"name":"Mentone","geoid":"0646884","county":"San Bernardino","countyFP":"071"}},
{"type":"Feature","geometry":{"type":"MultiPolygon","coordinates":[[[[-117.98947000000001,33.75019],[-117.989244,33.742256],[-117.983432,33.741131],[-117.98348099999998,33.74471],[-117.976612,33.7448],[-117.97666500000001,33.752094],[-117.98795,33.752026],[-117.98947000000001,33.75019]]],[[[-117.993909,33.741059],[-117.993853,33.737457],[-117.9893,33.73746],[-117.98933800000002,33.740186],[-117.993909,33.741059]]]]},"properties":{"name":"Midway City","geoid":"0647430","county":"Orange","countyFP":"059"}},
{"type":"Feature","geometry":{"type":"Polygon","coordinates":[[[-116.553744,34.032758],[-116.55278100000001,34.036928],[-116.55009900000002,34.040221],[-116.550237,34.045449],[-116.546096,34.046881],[-116.54618799999999,34.061366],[-116.51275199999999,34.06145],[-116.511145,34.060306],[-116.51142500000002,34.075662],[-116.500161,34.075738],[-116.499703,34.090261],[-116.49274400000002,34.090185],[-116.49274300000002,34.098247],[-116.497093,34.101331],[-116.500469,34.09964200000001],[-116.502387,34.102248],[-116.509432,34.098962],[-116.51099300000001,34.101368],[-116.52841999999998,34.101389],[-116.534928,34.109429],[-116.536308,34.113383],[-116.54007499999999,34.115341],[-116.541965,34.118313],[-116.56327199999998,34.118286],[-116.563436,34.090337],[-116.61389200000002,34.090489],[-116.614497,34.072131],[-116.623088,34.069301],[-116.61878999999999,34.061937],[-116.619043,34.05485],[-116.62273899999998,34.051759],[-116.61986200000001,34.045322],[-116.614147,34.042829],[-116.61156299999999,34.039866],[-116.606457,34.036976],[-116.60333699999998,34.032582],[-116.553744,34.032758]]]},"properties":{"name":"Morongo Valley","geoid":"0649348","county":"San Bernardino","countyFP":"071"}},
{"type":"Feature","geometry":{"type":"Polygon","coordinates":[[[-116.718166,33.719875],[-116.71931199999999,33.71831],[-116.725343,33.719457],[-116.728491,33.722388],[-116.73397600000001,33.718848],[-116.735266,33.715011],[-116.740354,33.711734],[-116.746092,33.705444],[-116.742197,33.705675],[-116.736701,33.703739],[-116.72954799999998,33.705399],[-116.716172,33.70094],[-116.70792099999998,33.705521],[-116.70641500000002,33.71008],[-116.708343,33.711354],[-116.714501,33.711315],[-116.714972,33.716995],[-116.718166,33.719875]]]},"properties":{"name":"Mountain Center","geoid":"0649544","county":"Riverside","countyFP":"065"}},
{"type":"Feature","geometry":{"type":"Polygon","coordinates":[[[-116.44408600000001,32.8731],[-116.432756,32.866435],[-116.43278700000002,32.863758],[-116.426544,32.856064],[-116.423134,32.85516],[-116.42099,32.860818],[-116.41723200000001,32.862317],[-116.413345,32.8665],[-116.413865,32.869063],[-116.418735,32.879016],[-116.417945,32.882344],[-116.419032,32.886976],[-116.42747900000002,32.887146],[-116.430105,32.873926],[-116.435102,32.872759],[-116.44408600000001,32.8731]]]},"properties":{"name":"Mount Laguna","geoid":"0649810","county":"San Diego","countyFP":"073"}},
{"type":"Feature","geometry":{"type":"Polygon","coordinates":[[[-118.23880800000002,34.25226],[-118.243372,34.252306],[-118.243468,34.246595],[-118.24856100000001,34.24359],[-118.24875300000001,34.222241],[-118.237575,34.215406],[-118.2352,34.213031],[-118.235237,34.209136],[-118.227608,34.205981],[-118.222092,34.206178],[-118.22200400000001,34.212904],[-118.226353,34.216291],[-118.23186900000002,34.218343],[-118.228565,34.221091],[-118.226867,34.225752],[-118.22742399999998,34.232954],[-118.224705,34.239898],[-118.221679,34.242733],[-118.22161100000001,34.25156],[-118.23880800000002,34.25226]]]},"properties":{"name":"La Crescenta-Montrose","geoid":"0639045","county":"Los Angeles","countyFP":"037"}},
{"type":"Feature","geometry":{"type":"Polygon","coordinates":[[[-118.37003700000001,33.94542],[-118.37003300000002,33.930929],[-118.368387,33.930946],[-118.36183399999999,33.930946],[-118.355873,33.934523],[-118.34609899999998,33.93277],[-118.345046,33.933499],[-118.34444099999999,33.942724000000005],[-118.351984,33.94273],[-118.35482000000002,33.944534],[-118.365655,33.94466],[-118.37003700000001,33.94542]]]},"properties":{"name":"Lennox","geoid":"0641180","county":"Los Angeles","countyFP":"037"}},
{"type":"Feature","geometry":{"type":"Polygon","coordinates":[[[-118.37309300000001,34.01191300000001],[-118.379619,34.011509],[-118.38521700000001,34.012608],[-118.39093900000002,34.00152],[-118.382714,34.000401],[-118.38606100000001,33.993483],[-118.378934,33.98885],[-118.384768,33.978478],[-118.386654,33.976907],[-118.38051400000002,33.976358],[-118.371809,33.977318],[-118.37180200000002,33.979847],[-118.37180500000001,33.982058],[-118.36126000000002,33.983034],[-118.36347300000001,33.989499],[-118.365375,33.998339],[-118.35780499999998,33.997145],[-118.359079,34.001907],[-118.35754300000002,34.009145],[-118.361436,34.008332],[-118.365027,34.005555],[-118.36717300000001,34.007088],[-118.36671899999999,34.015622],[-118.37264900000001,34.015839],[-118.37309300000001,34.01191300000001]]]},"properties":{"name":"Ladera Heights","geoid":"0639108","county":"Los Angeles","countyFP":"037"}},
{"type":"Feature","geometry":{"type":"Polygon","coordinates":[[[-118.46348,33.981049],[-118.45747799999998,33.973786],[-118.45130100000002,33.964231],[-118.43225900000002,33.975016],[-118.441604,33.98338],[-118.45505100000001,33.986416],[-118.46348,33.981049]]]},"properties":{"name":"Marina del Rey","geoid":"0645806","county":"Los Angeles","countyFP":"037"}},
{"type":"Feature","geometry":{"type":"Polygon","coordinates":[[[-117.37864300000001,33.85857],[-117.385127,33.857986],[-117.386668,33.849708],[-117.37648,33.846267],[-117.37213300000002,33.841096],[-117.366848,33.836904],[-117.368024,33.833537],[-117.37257500000001,33.834517],[-117.38852100000001,33.833006],[-117.405064,33.827378],[-117.409653,33.827051],[-117.41913,33.823612],[-117.42581499999999,33.816368],[-117.423577,33.810622],[-117.419716,33.805646],[-117.41906900000001,33.80264],[-117.41004200000002,33.800769],[-117.40543499999998,33.802729],[-117.403454,33.800091],[-117.35591,33.799887],[-117.330693,33.800351],[-117.33100400000001,33.832838],[-117.322415,33.831803],[-117.322444,33.835571],[-117.331068,33.835879],[-117.33130999999999,33.858176],[-117.374541,33.858027],[-117.37864300000001,33.85857]]]},"properties":{"name":"Lake Mathews","geoid":"0639645","county":"Riverside","countyFP":"065"}},
{"type":"Feature","geometry":{"type":"Polygon","coordinates":[[[-116.83495600000002,33.524367],[-116.832016,33.517857],[-116.83379200000002,33.498659],[-116.83084300000002,33.490682],[-116.828521,33.488688],[-116.82061100000001,33.494243],[-116.813344,33.496651],[-116.808826,33.499175],[-116.79849200000001,33.500947],[-116.787838,33.500982],[-116.78798699999999,33.540499],[-116.80999800000001,33.540096],[-116.81251600000002,33.538359],[-116.825293,33.537297],[-116.831863,33.526404],[-116.83495600000002,33.524367]]]},"properties":{"name":"Lake Riverside","geoid":"0639715","county":"Riverside","countyFP":"065"}},
{"type":"Feature","geometry":{"type":"Polygon","coordinates":[[[-117.310225,33.742317],[-117.309901,33.727605],[-117.31013099999998,33.713045],[-117.296542,33.713284],[-117.299278,33.709528],[-117.299371,33.704077],[-117.28989300000002,33.704257],[-117.289272,33.700889],[-117.28416,33.698834],[-117.284143,33.706105],[-117.27530299999998,33.706228],[-117.27543100000001,33.713491],[-117.25813699999999,33.713869],[-117.25814899999999,33.735681],[-117.262342,33.735624],[-117.26254200000001,33.742816],[-117.301097,33.742406],[-117.310225,33.742317]]]},"properties":{"name":"Meadowbrook","geoid":"0646520","county":"Riverside","countyFP":"065"}},
{"type":"Feature","geometry":{"type":"Polygon","coordinates":[[[-117.33130999999999,33.858176],[-117.331068,33.835879],[-117.322444,33.835571],[-117.322415,33.831803],[-117.31387400000001,33.829668],[-117.313518,33.822794],[-117.322493,33.822646],[-117.322403,33.815188],[-117.31280000000001,33.81504],[-117.31277599999999,33.80031700000001],[-117.302749,33.800253],[-117.26738800000001,33.80008],[-117.26745999999999,33.808391],[-117.261276,33.808187],[-117.252593,33.808234],[-117.25256,33.804613],[-117.24825600000001,33.804608],[-117.24820500000001,33.801061],[-117.233298,33.80106],[-117.24970300000001,33.84045],[-117.25007899999999,33.844064],[-117.25500600000001,33.852112],[-117.26105800000002,33.866223],[-117.31386200000001,33.865746],[-117.31962,33.865685],[-117.32264500000001,33.863273],[-117.32264500000001,33.85827],[-117.33130999999999,33.858176]]]},"properties":{"name":"Mead Valley","geoid":"0646646","county":"Riverside","countyFP":"065"}},
{"type":"Feature","geometry":{"type":"Polygon","coordinates":[[[-114.75312000000001,33.592128],[-114.753001,33.574017],[-114.73573900000001,33.573925],[-114.73575,33.588439],[-114.727107,33.58849],[-114.72727199999999,33.595578],[-114.701842,33.595661],[-114.696618,33.601069],[-114.69662899999999,33.606832],[-114.710642,33.606866],[-114.726889,33.60956],[-114.749656,33.609286],[-114.748972,33.592165],[-114.75312000000001,33.592128]]]},"properties":{"name":"Mesa Verde","geoid":"0647066","county":"Riverside","countyFP":"065"}},
{"type":"Feature","geometry":{"type":"Polygon","coordinates":[[[-117.63943500000002,33.587098],[-117.63055,33.58377],[-117.633159,33.575009],[-117.63268300000001,33.571812],[-117.62633300000002,33.565974],[-117.62395000000001,33.568724],[-117.62073400000001,33.569432],[-117.61297200000001,33.567351],[-117.61308900000002,33.572165],[-117.609573,33.581517],[-117.61102,33.58676],[-117.618814,33.587285],[-117.615339,33.598512],[-117.615604,33.60168],[-117.623026,33.601808],[-117.623692,33.598351],[-117.63019400000002,33.595163],[-117.63715100000002,33.596667],[-117.639137,33.596238],[-117.638447,33.588913],[-117.63943500000002,33.587098]]]},"properties":{"name":"Las Flores","geoid":"0640526","county":"Orange","countyFP":"059"}},
{"type":"Feature","geometry":{"type":"Polygon","coordinates":[[[-117.09268700000001,34.892454],[-117.093334,34.900265],[-117.100808,34.898859],[-117.11351800000001,34.899139],[-117.118136,34.897836],[-117.11811,34.89272],[-117.11806,34.87841],[-117.10931,34.878498],[-117.11797,34.8746],[-117.11799,34.871],[-117.10018699999999,34.87073],[-117.10042,34.89257],[-117.09268700000001,34.892454]]]},"properties":{"name":"Lenwood","geoid":"0641194","county":"San Bernardino","countyFP":"071"}},
{"type":"Feature","geometry":{"type":"Polygon","coordinates":[[[-117.05099,34.450986],[-117.046616,34.450384],[-117.04663899999998,34.443211],[-117.050964,34.443168],[-117.05062800000002,34.417401],[-117.04488,34.414177],[-117.033294,34.414354],[-117.033263,34.407235],[-117.02352300000001,34.40229],[-117.020783,34.399996],[-117.01435,34.398001],[-117.006507,34.39763],[-116.996043,34.395745],[-116.975542,34.394617],[-116.975136,34.3983],[-116.971416,34.398251],[-116.97072400000002,34.394137],[-116.96337,34.393478],[-116.963412,34.400237],[-116.95470000000002,34.400279],[-116.954756,34.398124],[-116.947072,34.396141],[-116.93650299999999,34.396066],[-116.932482,34.391016],[-116.910767,34.38373],[-116.907051,34.383038],[-116.905867,34.38597300000001],[-116.901292,34.384378],[-116.901049,34.382054],[-116.88871900000001,34.377148],[-116.880502,34.376454],[-116.87207300000001,34.377167],[-116.86967200000001,34.380297],[-116.865249,34.37606],[-116.85924399999999,34.375062],[-116.859485,34.381721],[-116.85848,34.384921],[-116.858363,34.392772],[-116.82324200000001,34.392407],[-116.821589,34.401913],[-116.823517,34.405692],[-116.822498,34.428735],[-116.811608,34.428594],[-116.811344,34.433644],[-116.78702699999998,34.426844],[-116.75911200000002,34.419789],[-116.741967,34.417891],[-116.73088600000001,34.41569],[-116.726901,34.421203],[-116.72685999999999,34.453444],[-116.74386600000001,34.453394],[-116.743703,34.466618],[-116.749822,34.468903],[-116.75195700000002,34.472913],[-116.75664100000002,34.47576],[-116.77234700000001,34.4834],[-116.784586,34.486917],[-116.79668100000002,34.485732],[-116.809123,34.488141],[-116.814476,34.485963],[-116.821826,34.48524],[-116.826951,34.486142],[-116.83356499999998,34.481423],[-116.840381,34.481573],[-116.840776,34.487022],[-116.857907,34.487215],[-116.857938,34.47988],[-116.87548100000001,34.479981],[-116.87546900000001,34.487315],[-116.89309000000002,34.487417],[-116.893139,34.494733],[-116.91063,34.494865],[-116.91063300000002,34.502162],[-116.919847,34.502284],[-116.919412,34.487673],[-116.92793099999999,34.487782],[-116.927959,34.491392],[-116.936639,34.491382],[-116.93654199999999,34.495007],[-116.945377,34.494972],[-116.945422,34.487732],[-116.96272300000001,34.487973],[-116.96258499999999,34.492474],[-116.98437999999999,34.494022],[-116.98314900000001,34.500712],[-116.972465,34.51217],[-116.969825,34.513129],[-116.96558700000001,34.518043],[-116.97071899999999,34.51823],[-116.97423100000002,34.511243],[-116.98200400000002,34.506109],[-116.98936000000002,34.500007],[-116.993764,34.49789],[-116.993847,34.487779],[-117.028953,34.487822],[-117.030078,34.493272],[-117.03724400000002,34.493582],[-117.03754400000001,34.47228],[-117.033418,34.472341],[-117.033412,34.46711],[-117.04822900000002,34.460637],[-117.05093100000002,34.456479],[-117.05099,34.450986]]]},"properties":{"name":"Lucerne Valley","geoid":"0644420","county":"San Bernardino","countyFP":"071"}},
{"type":"Feature","geometry":{"type":"Polygon","coordinates":[[[-117.527924,34.24179000000001],[-117.52526200000001,34.231285],[-117.51187100000001,34.230014],[-117.51097899999999,34.231216],[-117.49727600000001,34.235933],[-117.485186,34.23087000000001],[-117.481118,34.235143],[-117.476843,34.23668],[-117.477095,34.241419],[-117.483025,34.241444],[-117.48347300000002,34.24897],[-117.48601,34.253845],[-117.483893,34.257956],[-117.48584299999999,34.264379],[-117.49061099999999,34.265727],[-117.49115400000001,34.268861],[-117.49905399999999,34.274447],[-117.502292,34.270815],[-117.505456,34.271227],[-117.505329,34.264685],[-117.516694,34.269325],[-117.518277,34.266378],[-117.524577,34.268473],[-117.524903,34.247138],[-117.527924,34.24179000000001]]]},"properties":{"name":"Lytle Creek","geoid":"0644644","county":"San Bernardino","countyFP":"071"}},
{"type":"Feature","geometry":{"type":"Polygon","coordinates":[[[-117.607648,33.699643],[-117.60757699999999,33.709229],[-117.61054900000002,33.710189],[-117.61741300000001,33.715165],[-117.62567600000001,33.714877],[-117.64461500000002,33.717417],[-117.647643,33.715932],[-117.654887,33.706675],[-117.647979,33.706176],[-117.642017,33.70378],[-117.636476,33.702618],[-117.633772,33.704891],[-117.626827,33.702739],[-117.62428600000001,33.704828],[-117.61779700000001,33.703525],[-117.607648,33.699643]]]},"properties":{"name":"Modjeska","geoid":"0648410","county":"Orange","countyFP":"059"}},
{"type":"Feature","geometry":{"type":"Polygon","coordinates":[[[-117.36426400000002,34.499473],[-117.360077,34.49945],[-117.360109,34.492198],[-117.346786,34.492215],[-117.346788,34.486159],[-117.34135900000001,34.486226],[-117.33615300000001,34.490197],[-117.334562,34.493657],[-117.3345,34.505093],[-117.346771,34.504919],[-117.351183,34.506723],[-117.359137,34.506711],[-117.36426400000002,34.499473]]]},"properties":{"name":"Mountain View Acres","geoid":"0649684","county":"San Bernardino","countyFP":"071"}},
{"type":"Feature","geometry":{"type":"Polygon","coordinates":[[[-117.36548699999999,34.16847],[-117.362531,34.156665],[-117.35949300000001,34.151219],[-117.34579900000001,34.138443],[-117.345295,34.142878],[-117.33820099999998,34.13697],[-117.331125,34.136159],[-117.33109699999999,34.153551],[-117.34648300000002,34.169722],[-117.353429,34.166112],[-117.35983500000002,34.166138],[-117.35166100000001,34.174309],[-117.363707,34.174456],[-117.36548699999999,34.16847]]]},"properties":{"name":"Muscoy","geoid":"0650132","county":"San Bernardino","countyFP":"071"}},
{"type":"Feature","geometry":{"type":"Polygon","coordinates":[[[-118.03049600000001,34.106384],[-118.028624,34.097074],[-118.025395,34.0964],[-118.02026900000001,34.099349],[-118.01659,34.105288],[-118.01891299999998,34.107751],[-118.03049600000001,34.106384]]]},"properties":{"name":"North El Monte","geoid":"0651820","county":"Los Angeles","countyFP":"037"}},
{"type":"Feature","geometry":{"type":"Polygon","coordinates":[[[-116.986354,34.060489],[-116.98635900000001,34.056265],[-116.99075600000002,34.056008],[-116.99074299999998,34.052749],[-116.99950300000002,34.04894],[-116.99979700000002,34.03351],[-116.995526,34.033468],[-116.995554,34.029801],[-116.990341,34.029662],[-116.990221,34.033211],[-116.980527,34.032845],[-116.98050000000002,34.031452],[-116.972936,34.032998],[-116.97088699999999,34.035112],[-116.965694,34.030124],[-116.959813,34.027246],[-116.95765800000001,34.024724],[-116.95894600000001,34.021297],[-116.962883,34.017479],[-116.963067,34.004814],[-116.94998700000001,34.004816],[-116.94389700000002,34.010344],[-116.937734,34.014683],[-116.93389400000001,34.016208],[-116.92949,34.022648],[-116.92955800000001,34.034113],[-116.90614500000001,34.034101],[-116.90847700000002,34.047906],[-116.90509100000001,34.04902],[-116.90639700000001,34.053398],[-116.903513,34.056647],[-116.906348,34.062119],[-116.91038799999998,34.06633],[-116.91550300000002,34.064093],[-116.92105500000001,34.06599],[-116.92598200000002,34.065619],[-116.93222199999998,34.069942],[-116.941165,34.073309],[-116.944473,34.077458],[-116.95055700000002,34.07919],[-116.95291799999998,34.077133],[-116.964595,34.075415],[-116.96139000000001,34.07073],[-116.957398,34.068733],[-116.96339999999998,34.06123],[-116.96155900000001,34.058406],[-116.96895300000001,34.058608],[-116.973392,34.060286],[-116.97340800000002,34.063918],[-116.98219399999999,34.063711],[-116.986354,34.060489]]]},"properties":{"name":"Oak Glen","geoid":"0652715","county":"San Bernardino","countyFP":"071"}},
{"type":"Feature","geometry":{"type":"MultiPolygon","coordinates":[[[[-117.36370900000001,34.368846],[-117.355025,34.368705],[-117.355274,34.407032],[-117.356924,34.410357],[-117.36190100000002,34.410335],[-117.36411499999998,34.408512],[-117.371598,34.408529],[-117.37156000000002,34.404873],[-117.359697,34.404866],[-117.35957100000002,34.397704],[-117.36387100000002,34.397663],[-117.367217,34.401271],[-117.372664,34.401288],[-117.372696,34.404886],[-117.38146500000002,34.40488],[-117.381563,34.412215],[-117.388145,34.412155],[-117.38816700000001,34.404899],[-117.39443299999999,34.404845],[-117.39691399999998,34.40129],[-117.396827,34.397753],[-117.399061,34.394245],[-117.403707,34.390364],[-117.40715800000001,34.390274],[-117.399803,34.383094],[-117.40859599999999,34.38303],[-117.40975100000001,34.379179],[-117.41769,34.379245],[-117.41637,34.376078],[-117.41626400000001,34.368828],[-117.42485099999999,34.368918],[-117.42480399999998,34.361558],[-117.42860999999999,34.358469],[-117.43345000000001,34.358433],[-117.433458,34.354191],[-117.43338100000001,34.339802],[-117.42554499999999,34.339756],[-117.42442,34.328711],[-117.41596,34.329889],[-117.415995,34.336389],[-117.40799799999999,34.341206],[-117.40196699999998,34.348554],[-117.39292399999998,34.353489],[-117.389594,34.353208],[-117.382053,34.357384],[-117.38007300000001,34.359731],[-117.372483,34.362523],[-117.37255,34.368839],[-117.36370900000001,34.368846]]],[[[-117.451148,34.395435],[-117.45084000000001,34.368663],[-117.451082,34.354201],[-117.440604,34.354237],[-117.437829,34.357876],[-117.437831,34.363367],[-117.43343200000001,34.36516],[-117.43344000000002,34.369032],[-117.428174,34.368962],[-117.4292,34.375763],[-117.42497100000001,34.375854],[-117.42549300000002,34.397544],[-117.416971,34.397564],[-117.417076,34.404936],[-117.408167,34.404992],[-117.40811200000002,34.426724],[-117.41775699999998,34.426705],[-117.404031,34.445434],[-117.417125,34.451169],[-117.417323,34.448415],[-117.43716700000002,34.44861800000001],[-117.45099600000002,34.448351],[-117.45098100000001,34.404683],[-117.451148,34.395435]]]]},"properties":{"name":"Oak Hills","geoid":"0652760","county":"San Bernardino","countyFP":"071"}},
{"type":"Feature","geometry":{"type":"Polygon","coordinates":[[[-117.09926500000002,33.362697],[-117.099017,33.359673],[-117.094301,33.358615],[-117.091211,33.360707000000005],[-117.08597099999999,33.358371],[-117.085765,33.346482],[-117.05071800000002,33.346561],[-117.050934,33.362879],[-117.042097,33.359793],[-117.042046,33.365609],[-117.03768500000001,33.365461],[-117.037624,33.368265],[-117.04376,33.371268],[-117.04757899999998,33.37996],[-117.07099,33.380435],[-117.07401,33.37747000000001],[-117.079157,33.376025],[-117.084461,33.382568],[-117.08605499999999,33.375796],[-117.090014,33.375944],[-117.090343,33.364623],[-117.099165,33.364303],[-117.09926500000002,33.362697]]]},"properties":{"name":"Pala","geoid":"0655058","county":"San Diego","countyFP":"073"}},
{"type":"Feature","geometry":{"type":"Polygon","coordinates":[[[-116.53948099999998,32.819012],[-116.53215399999999,32.818563],[-116.52122500000002,32.814279],[-116.5105,32.811272],[-116.508613,32.815058],[-116.510174,32.818746],[-116.50446200000002,32.82398],[-116.496369,32.825582],[-116.49596200000002,32.829169],[-116.498543,32.840599],[-116.496964,32.846561],[-116.486214,32.849377],[-116.481529,32.85212200000001],[-116.48178200000001,32.857925],[-116.48774200000001,32.862697],[-116.48608400000002,32.869186],[-116.48895899999998,32.871874],[-116.492888,32.871757],[-116.496891,32.865074],[-116.50154500000001,32.863372],[-116.51003500000002,32.863398],[-116.51391699999999,32.865709],[-116.51877800000001,32.860693],[-116.523437,32.853051],[-116.52730799999999,32.844409],[-116.53236,32.845198],[-116.531949,32.841188],[-116.536578,32.836671],[-116.534149,32.834503],[-116.532683,32.829982],[-116.534999,32.82457],[-116.53948099999998,32.819012]]]},"properties":{"name":"Pine Valley","geoid":"0657260","county":"San Diego","countyFP":"073"}},
{"type":"Feature","geometry":{"type":"Polygon","coordinates":[[[-117.590596,34.506253],[-117.615106,34.506334],[-117.61858699999999,34.505769],[-117.633922,34.49948100000001],[-117.636762,34.498977],[-117.66005199999998,34.498629],[-117.659665,34.45113],[-117.65521300000002,34.396953],[-117.64209600000001,34.397313],[-117.641959,34.39004],[-117.62475000000002,34.389921],[-117.62462700000002,34.38283],[-117.594206,34.38286],[-117.586574,34.38325],[-117.569309,34.383134],[-117.573812,34.386487],[-117.579431,34.393579],[-117.58050999999999,34.39782],[-117.57903900000001,34.401829],[-117.581598,34.407391],[-117.589455,34.411648],[-117.58989800000002,34.416173],[-117.59070600000001,34.498956],[-117.590596,34.506253]]]},"properties":{"name":"Piñon Hills","geoid":"0657302","county":"San Bernardino","countyFP":"071"}},
{"type":"Feature","geometry":{"type":"Polygon","coordinates":[[[-116.62649700000001,32.608475],[-116.62202900000001,32.607385],[-116.62179499999999,32.60047],[-116.59227,32.59995],[-116.591021,32.604877],[-116.596712,32.608463],[-116.596089,32.611025000000005],[-116.58954000000001,32.611361],[-116.587071,32.614735],[-116.58721299999999,32.618317],[-116.59198400000001,32.618537],[-116.59210399999999,32.621987000000004],[-116.596444,32.622129],[-116.59745099999999,32.626263],[-116.60083899999998,32.62644600000001],[-116.610065,32.630812],[-116.61336800000001,32.627259],[-116.613494,32.623045],[-116.620292,32.622434],[-116.62222400000002,32.613748],[-116.62631000000002,32.611627],[-116.62649700000001,32.608475]]]},"properties":{"name":"Potrero","geoid":"0658478","county":"San Diego","countyFP":"073"}},
{"type":"Feature","geometry":{"type":"Polygon","coordinates":[[[-117.178907,33.432308],[-117.17999800000001,33.430006],[-117.177526,33.423758],[-117.17799899999999,33.417048],[-117.17350400000001,33.414414],[-117.17200000000001,33.411449],[-117.166232,33.409556],[-117.164531,33.40731],[-117.167975,33.403224],[-117.167725,33.39843900000001],[-117.162562,33.391848],[-117.15822499999999,33.39726],[-117.152674,33.395774],[-117.146484,33.39861500000001],[-117.14315800000001,33.394356],[-117.14137700000002,33.389669],[-117.145976,33.387737],[-117.145877,33.380292],[-117.141161,33.382296],[-117.13446600000002,33.381443],[-117.128729,33.383356],[-117.12490900000002,33.378389],[-117.12447700000001,33.372382],[-117.116475,33.374234],[-117.11547300000001,33.377152],[-117.10531900000001,33.378714],[-117.10672100000001,33.380829],[-117.11367400000002,33.383894],[-117.11564799999998,33.386032],[-117.11210300000002,33.389277],[-117.11145200000001,33.392201],[-117.11598399999998,33.398705],[-117.11569400000002,33.402795],[-117.11770100000001,33.407052],[-117.11520599999999,33.418377],[-117.10904100000002,33.418827],[-117.10728499999999,33.422442],[-117.09873,33.430392],[-117.107163,33.43063000000001],[-117.136446,33.432472],[-117.15377199999999,33.432625],[-117.178907,33.432308]]]},"properties":{"name":"Rainbow","geoid":"0659248","county":"San Diego","countyFP":"073"}},
{"type":"Feature","geometry":{"type":"Polygon","coordinates":[[[-116.928179,33.080036],[-116.927677,33.065811],[-116.93312,33.063366],[-116.936201,33.057992],[-116.936093,33.032929],[-116.95321200000001,33.033166],[-116.956849,33.030851],[-116.957406,33.028006],[-116.953243,33.018456],[-116.95316100000001,33.013242],[-116.94138500000001,33.010588],[-116.93134799999999,33.010979],[-116.925429,33.008796],[-116.918693,33.009992],[-116.91293099999999,33.008235],[-116.903735,33.008512],[-116.87973200000002,33.008348],[-116.875347,33.007634],[-116.87034199999998,33.00891],[-116.86566999999998,33.007871],[-116.86517699999999,33.004203],[-116.86141,32.999297000000006],[-116.855045,32.997667],[-116.844552,32.997996],[-116.83927499999999,32.998284],[-116.83967,33.00372],[-116.83427,33.009194],[-116.834123,33.014054],[-116.826005,33.030329],[-116.826188,33.035405],[-116.82971500000001,33.036533],[-116.827828,33.04058100000001],[-116.824193,33.04121],[-116.822835,33.044845],[-116.81894799999999,33.047084000000005],[-116.82026300000001,33.055237],[-116.814599,33.059809],[-116.812056,33.064466],[-116.814077,33.068374],[-116.814734,33.073458],[-116.807495,33.079277],[-116.80892300000001,33.093922],[-116.81836800000002,33.096767],[-116.831115,33.094943],[-116.858185,33.095023],[-116.858054,33.087515],[-116.875318,33.087531],[-116.87566699999999,33.079938],[-116.88361700000002,33.079776],[-116.884677,33.083706],[-116.90379799999998,33.083849],[-116.90573600000002,33.08654],[-116.905723,33.083649],[-116.91435399999999,33.083527],[-116.91431800000001,33.079864],[-116.928179,33.080036]]]},"properties":{"name":"Ramona","geoid":"0659346","county":"San Diego","countyFP":"073"}},
{"type":"Feature","geometry":{"type":"Polygon","coordinates":[[[-117.63825699999998,33.528533],[-117.63725300000002,33.520445],[-117.63067,33.51641],[-117.628838,33.517682],[-117.62629,33.51905],[-117.61980699999998,33.51919],[-117.62274000000001,33.5122],[-117.62196,33.50763],[-117.61592099999999,33.494991],[-117.609212,33.499781],[-117.60182199999998,33.502759],[-117.599427,33.501298],[-117.598079,33.494188],[-117.59327300000001,33.487034],[-117.59431800000002,33.484288],[-117.58292100000001,33.49077],[-117.579874,33.490833],[-117.57840500000002,33.483445],[-117.573425,33.483423],[-117.57339100000002,33.46899],[-117.577824,33.46899],[-117.57900299999999,33.464704],[-117.57119000000002,33.46099],[-117.571443,33.45597600000001],[-117.571429,33.454628],[-117.556246,33.454474],[-117.555837,33.451823],[-117.55183300000002,33.45312],[-117.538429,33.455643],[-117.515014,33.467739],[-117.50861400000001,33.469614],[-117.509581,33.471633],[-117.50937599999999,33.49184600000001],[-117.50972199999998,33.505019],[-117.509725,33.509062],[-117.50375599999998,33.508945],[-117.503181,33.520405],[-117.509909,33.520546],[-117.51021000000001,33.533999],[-117.50116200000001,33.545814],[-117.49269699999999,33.557715],[-117.49441,33.56084],[-117.50021000000001,33.56187],[-117.50640000000001,33.5593],[-117.50954,33.55952],[-117.51656999999999,33.55696],[-117.52337000000001,33.55805],[-117.52756,33.55546],[-117.53498000000002,33.54666],[-117.54132500000001,33.541006],[-117.54131099999998,33.535918],[-117.54677400000001,33.535918],[-117.550131,33.53304700000001],[-117.559139,33.534951],[-117.56032100000002,33.539337],[-117.565138,33.539293],[-117.56694899999998,33.542487],[-117.57220599999998,33.545549],[-117.572138,33.550592],[-117.574778,33.555296],[-117.574501,33.562229],[-117.578758,33.56122],[-117.582094,33.557464],[-117.585171,33.557472],[-117.587506,33.560378],[-117.59274100000002,33.558798],[-117.59725100000001,33.564288000000005],[-117.606111,33.569006],[-117.605407,33.571231],[-117.60725200000002,33.577233],[-117.60630600000002,33.581085],[-117.60156300000001,33.589673],[-117.60655000000001,33.58901],[-117.61102,33.58676],[-117.609573,33.581517],[-117.61308900000002,33.572165],[-117.61297200000001,33.567351],[-117.62073400000001,33.569432],[-117.62395000000001,33.568724],[-117.623152,33.557522],[-117.618931,33.549946],[-117.61879700000001,33.544593],[-117.616574,33.540446],[-117.61429100000001,33.52936],[-117.61899800000002,33.529302],[-117.62413600000001,33.534704],[-117.62892400000001,33.530953],[-117.630115,33.530392],[-117.63502599999998,33.527228],[-117.63825699999998,33.528533]]]},"properties":{"name":"Rancho Mission Viejo","geoid":"0659503","county":"Orange","countyFP":"059"}},
{"type":"Feature","geometry":{"type":"Polygon","coordinates":[[[-118.089243,33.785021],[-118.089117,33.77791700000001],[-118.08633500000002,33.775396],[-118.07939600000002,33.774872],[-118.07216999999999,33.77797],[-118.07612999999999,33.78077],[-118.07618,33.785938],[-118.07201000000002,33.78757],[-118.07196,33.80303],[-118.08095,33.80299],[-118.08614299999999,33.796404],[-118.089243,33.785021]]]},"properties":{"name":"Rossmoor","geoid":"0663050","county":"Orange","countyFP":"059"}},
{"type":"Feature","geometry":{"type":"Polygon","coordinates":[[[-117.15000400000001,34.205347],[-117.147377,34.203532],[-117.14022400000002,34.203574],[-117.135032,34.195766],[-117.13173700000002,34.198896],[-117.126296,34.196738],[-117.12679400000002,34.201092],[-117.123374,34.205226],[-117.11205600000001,34.204599],[-117.11007,34.202192],[-117.102248,34.203774],[-117.096697,34.202781],[-117.088095,34.203753000000006],[-117.081486,34.202245],[-117.073746,34.208471],[-117.078655,34.212757],[-117.07975,34.215452],[-117.08969699999999,34.215835],[-117.096181,34.211518],[-117.101727,34.214001],[-117.104023,34.212918],[-117.10759799999998,34.215874],[-117.10774,34.22091],[-117.11163300000001,34.223394],[-117.11878100000001,34.223577],[-117.12682100000002,34.215859],[-117.130661,34.220058],[-117.142883,34.214516],[-117.148284,34.213798],[-117.14713099999999,34.209596],[-117.15000400000001,34.205347]]]},"properties":{"name":"Running Springs","geoid":"0663316","county":"San Bernardino","countyFP":"071"}},
{"type":"Feature","geometry":{"type":"Polygon","coordinates":[[[-118.09517499999998,34.13693],[-118.09548,34.141632],[-118.11003,34.141542],[-118.11002100000002,34.137175],[-118.09517499999998,34.13693]]]},"properties":{"name":"San Pasqual","geoid":"0668308","county":"Los Angeles","countyFP":"037"}},
{"type":"Feature","geometry":{"type":"Polygon","coordinates":[[[-117.368423,35.795169],[-117.416332,35.79555],[-117.41624600000002,35.788151],[-117.42073799999999,35.788177],[-117.420752,35.759133],[-117.42522300000002,35.759154],[-117.42533199999998,35.738903],[-117.40989500000002,35.735961],[-117.39859,35.74017],[-117.3963,35.74468],[-117.38944,35.74924],[-117.38311999999999,35.75475],[-117.37303,35.75991],[-117.36408,35.78372],[-117.355339,35.795202],[-117.368423,35.795169]]]},"properties":{"name":"Searles Valley","geoid":"0670728","county":"San Bernardino","countyFP":"071"}},
{"type":"Feature","geometry":{"type":"Polygon","coordinates":[[[-115.95624000000001,33.541264],[-115.949243,33.537534],[-115.949162,33.522908],[-115.938201,33.52],[-115.935923,33.515316],[-115.93113900000002,33.511665],[-115.92475300000001,33.510197],[-115.919005,33.507062],[-115.91657100000002,33.502345],[-115.913111,33.499826],[-115.910934,33.49612],[-115.90733900000001,33.493661],[-115.905415,33.498042],[-115.891812,33.481614],[-115.884618,33.474642],[-115.88057,33.478351],[-115.871608,33.483827],[-115.869642,33.487493],[-115.869945,33.491662],[-115.86833399999999,33.494549],[-115.872878,33.502967],[-115.857271,33.510444],[-115.85806600000001,33.513605],[-115.867365,33.51509],[-115.871245,33.509819],[-115.876321,33.510709],[-115.879372,33.514055],[-115.88262599999999,33.514606],[-115.88615099999998,33.517746],[-115.89317800000002,33.520521],[-115.90556700000002,33.523686],[-115.91075000000001,33.52784900000001],[-115.91241000000001,33.532109],[-115.91774200000002,33.535715],[-115.9211,33.542316],[-115.925835,33.546846],[-115.92956000000001,33.548623],[-115.933618,33.553178],[-115.945664,33.555073],[-115.95624000000001,33.541264]]]},"properties":{"name":"North Shore","geoid":"0652302","county":"Riverside","countyFP":"065"}},
{"type":"Feature","geometry":{"type":"Polygon","coordinates":[[[-114.669236,33.517843000000006],[-114.66734200000002,33.51597900000001],[-114.638683,33.515667],[-114.638838,33.529982],[-114.65633899999999,33.529973],[-114.656533,33.536852],[-114.66065000000002,33.53671],[-114.66073400000002,33.533522],[-114.66505500000001,33.533355],[-114.665075,33.518342],[-114.669236,33.517843000000006]]]},"properties":{"name":"Ripley","geoid":"0661012","county":"Riverside","countyFP":"065"}},
{"type":"Feature","geometry":{"type":"Polygon","coordinates":[[[-117.17997499999998,33.77215],[-117.180403,33.757643],[-117.136471,33.757653],[-117.13105,33.757658],[-117.13285099999999,33.763007],[-117.13657400000001,33.762758],[-117.135606,33.768522],[-117.13644199999999,33.77209],[-117.14192200000001,33.773688],[-117.14769199999999,33.772609],[-117.14859600000001,33.772115],[-117.169391,33.772164],[-117.17997499999998,33.77215]]]},"properties":{"name":"Romoland","geoid":"0662756","county":"Riverside","countyFP":"065"}},
{"type":"Feature","geometry":{"type":"Polygon","coordinates":[[[-117.82707699999999,33.773236],[-117.83006,33.773067000000005],[-117.82982700000001,33.767149],[-117.822721,33.76617600000001],[-117.82040899999998,33.76349],[-117.822466,33.758056],[-117.822431,33.752254],[-117.818419,33.752273],[-117.818482,33.748638],[-117.8143,33.748706],[-117.80954000000001,33.75075],[-117.806218,33.748424],[-117.80596999999999,33.74302],[-117.80200300000001,33.738384],[-117.795937,33.738866],[-117.78621100000001,33.748644],[-117.78348499999998,33.746799],[-117.77799500000002,33.754049],[-117.77759600000002,33.754452],[-117.77341400000002,33.758624],[-117.774478,33.763199],[-117.765372,33.769953],[-117.76423600000001,33.773496],[-117.762155,33.776768],[-117.77313500000001,33.784409],[-117.77463000000002,33.78788],[-117.77757200000002,33.787813],[-117.780799,33.781617],[-117.784839,33.780178],[-117.787477,33.776182],[-117.79201,33.77995],[-117.79704,33.77935],[-117.80534,33.773516],[-117.81403100000001,33.773498],[-117.81713,33.773485],[-117.81835199999999,33.773476],[-117.82707699999999,33.773236]]]},"properties":{"name":"North Tustin","geoid":"0652379","county":"Orange","countyFP":"059"}},
{"type":"Feature","geometry":{"type":"Polygon","coordinates":[[[-117.14888400000001,33.82411],[-117.167042,33.80122],[-117.16502500000001,33.80123],[-117.165069,33.786736],[-117.16945900000002,33.786699],[-117.169391,33.772164],[-117.14859600000001,33.772115],[-117.14769199999999,33.772609],[-117.147769,33.786737],[-117.139055,33.786717],[-117.13891899999999,33.801277],[-117.129539,33.801268],[-117.11656,33.79927],[-117.116617,33.805023],[-117.11043,33.809192],[-117.09938200000002,33.808752],[-117.09331100000001,33.817866],[-117.09909799999998,33.821744],[-117.102252,33.817884],[-117.106371,33.817937],[-117.12239,33.817879],[-117.124196,33.814805],[-117.14888400000001,33.82411]]]},"properties":{"name":"Nuevo","geoid":"0652624","county":"Riverside","countyFP":"065"}},
{"type":"Feature","geometry":{"type":"Polygon","coordinates":[[[-116.18199100000001,33.558705],[-116.18222400000002,33.554441],[-116.164742,33.554578],[-116.164833,33.52535],[-116.14758800000001,33.525334],[-116.14738200000001,33.510685],[-116.130049,33.510646],[-116.13007899999998,33.498819],[-116.11931200000001,33.498895],[-116.113467,33.492402],[-116.112566,33.481686],[-116.11125600000001,33.47873],[-116.102868,33.468152],[-116.089646,33.455293],[-116.07864399999998,33.455329],[-116.078764,33.469873],[-116.09151400000002,33.469812],[-116.09166499999999,33.500473],[-116.09513899999999,33.509305],[-116.09856,33.514587],[-116.09994500000002,33.52082],[-116.099922,33.54002500000001],[-116.09528300000001,33.540028],[-116.095782,33.54764800000001],[-116.108178,33.554691],[-116.112729,33.554676],[-116.11251,33.569338],[-116.18177200000001,33.569065],[-116.18199100000001,33.558705]]]},"properties":{"name":"Oasis","geoid":"0653224","county":"Riverside","countyFP":"065"}},
{"type":"Feature","geometry":{"type":"Polygon","coordinates":[[[-118.70165999999999,34.039334],[-118.703483,34.046703],[-118.70991400000001,34.046594],[-118.71404500000001,34.049174],[-118.717691,34.048359],[-118.716004,34.042425],[-118.71293199999998,34.040974],[-118.70874900000001,34.036621],[-118.703585,34.03479],[-118.70165999999999,34.039334]]]},"properties":{"name":"Pepperdine University","geoid":"0656598","county":"Los Angeles","countyFP":"037"}},
{"type":"Feature","geometry":{"type":"Polygon","coordinates":[[[-117.590596,34.506253],[-117.59070600000001,34.498956],[-117.58989800000002,34.416173],[-117.589455,34.411648],[-117.581598,34.407391],[-117.57903900000001,34.401829],[-117.58050999999999,34.39782],[-117.579431,34.393579],[-117.573812,34.386487],[-117.569309,34.383134],[-117.511791,34.383331],[-117.494323,34.382731],[-117.485356,34.383369],[-117.485573,34.368601000000005],[-117.46002,34.36852],[-117.456039,34.374757],[-117.45311900000002,34.38594],[-117.453252,34.390828],[-117.451148,34.395435],[-117.45098100000001,34.404683],[-117.45099600000002,34.448351],[-117.473308,34.448429],[-117.47328099999999,34.45198],[-117.48641900000001,34.451983],[-117.486003,34.471737],[-117.486348,34.479474],[-117.48626300000001,34.506978],[-117.52118400000002,34.506887],[-117.57286200000001,34.506297],[-117.590596,34.506253]]]},"properties":{"name":"Phelan","geoid":"0656826","county":"San Bernardino","countyFP":"071"}},
{"type":"Feature","geometry":{"type":"Polygon","coordinates":[[[-118.23606,34.645605],[-118.236158,34.638237],[-118.223018,34.638232],[-118.223191,34.630861],[-118.21000900000001,34.63095],[-118.20997600000001,34.644296],[-118.207291,34.645612],[-118.20124,34.645591],[-118.201357,34.660138],[-118.20244000000001,34.663787],[-118.20134700000001,34.671178000000005],[-118.205885,34.674787],[-118.205836,34.677558],[-118.210272,34.678901],[-118.211319,34.671266],[-118.21884,34.667603],[-118.21887600000001,34.674906],[-118.22324400000001,34.674873],[-118.223158,34.660248],[-118.22762400000002,34.660218],[-118.22726900000002,34.645609],[-118.231625,34.645629],[-118.231709,34.649244],[-118.23611600000001,34.649282],[-118.23606,34.645605]]]},"properties":{"name":"Quartz Hill","geoid":"0659052","county":"Los Angeles","countyFP":"037"}},
{"type":"Feature","geometry":{"type":"Polygon","coordinates":[[[-117.93174899999998,33.990977],[-117.93091700000001,33.989963],[-117.934353,33.972935],[-117.916392,33.968755],[-117.92581500000001,33.946079],[-117.91999,33.946081],[-117.91956,33.947636],[-117.91189299999999,33.946076],[-117.89376700000001,33.946063],[-117.890364,33.946045],[-117.86836900000002,33.945941],[-117.86086699999998,33.956645],[-117.854851,33.960661],[-117.85521899999999,33.990159],[-117.863831,33.996444],[-117.87196600000001,34.00171],[-117.87690299999998,33.997974],[-117.86807200000001,33.998357],[-117.866011,33.995782],[-117.8704,33.9929],[-117.882194,33.995302],[-117.88361999999998,33.99943300000001],[-117.88833800000002,33.997487],[-117.893624,33.997108],[-117.89403800000001,33.994447],[-117.902787,33.99458200000001],[-117.906719,33.99291],[-117.911453,33.994122],[-117.913959,33.989921],[-117.93174899999998,33.990977]]]},"properties":{"name":"Rowland Heights","geoid":"0663218","county":"Los Angeles","countyFP":"037"}},
{"type":"Feature","geometry":{"type":"Polygon","coordinates":[[[-116.927875,32.776049],[-116.92788500000002,32.768864],[-116.936466,32.76969],[-116.93654700000002,32.76333],[-116.942426,32.76221],[-116.95417,32.762285],[-116.96101,32.764752],[-116.961879,32.757851],[-116.954839,32.756946],[-116.954589,32.751251],[-116.95781099999999,32.745574],[-116.95277000000002,32.740612],[-116.949607,32.739432],[-116.943565,32.739712],[-116.940714,32.733678],[-116.93736,32.735751],[-116.93473100000001,32.741624],[-116.922648,32.741116],[-116.91713,32.744415],[-116.914115,32.745646],[-116.90487400000002,32.754312],[-116.90113,32.756744],[-116.89675300000002,32.756615],[-116.89354700000001,32.759716],[-116.88480399999999,32.763572],[-116.880365,32.767063],[-116.884515,32.772881],[-116.88459699999999,32.775756],[-116.88940999999998,32.782808],[-116.888189,32.78849],[-116.892381,32.785219],[-116.897424,32.787703],[-116.90449100000001,32.787679],[-116.91080799999999,32.786142000000005],[-116.916344,32.787494],[-116.91810300000002,32.782064],[-116.921679,32.779821],[-116.92706699999998,32.78007300000001],[-116.927875,32.776049]]]},"properties":{"name":"Rancho San Diego","geoid":"0659550","county":"San Diego","countyFP":"073"}},
{"type":"Feature","geometry":{"type":"Polygon","coordinates":[[[-117.17301799999998,33.012364],[-117.17716900000002,33.01534],[-117.17828999999999,33.01858],[-117.17577,33.022858],[-117.169615,33.024348],[-117.163317,33.029293],[-117.16191,33.034115],[-117.165131,33.036554],[-117.17464799999999,33.034571],[-117.18387,33.03560100000001],[-117.186377,33.043395],[-117.19801600000001,33.042751],[-117.208787,33.044558],[-117.20917000000001,33.041047],[-117.21212400000002,33.037664],[-117.21879899999999,33.033835],[-117.229063,33.019807],[-117.23003,33.013793],[-117.225949,33.008349],[-117.22154300000001,33.008449],[-117.21919799999999,33.006654],[-117.21029600000001,33.004962],[-117.19900100000001,33.005098],[-117.19918399999999,33.003858],[-117.19225100000001,33.00821],[-117.189745,33.012653],[-117.186416,33.01328],[-117.174943,33.010415],[-117.17301799999998,33.012364]]]},"properties":{"name":"Rancho Santa Fe","geoid":"0659584","county":"San Diego","countyFP":"073"}},
{"type":"Feature","geometry":{"type":"Polygon","coordinates":[[[-116.844552,32.997996],[-116.84131399999998,32.993391],[-116.81633800000002,32.992857],[-116.81804400000001,32.982923],[-116.81384300000002,32.97881],[-116.806363,32.978617],[-116.801631,32.980276],[-116.790831,32.980385],[-116.78785,32.984042],[-116.77976099999998,32.97863],[-116.77583899999999,32.979455],[-116.77294100000002,32.982271000000004],[-116.77314200000002,32.986315],[-116.767254,32.990648],[-116.76255300000001,32.989926],[-116.75591800000001,32.995927],[-116.754216,33.00245],[-116.747425,33.003071],[-116.743645,33.006656],[-116.735111,33.010956],[-116.739751,33.016236000000006],[-116.73931700000001,33.020281],[-116.735608,33.025151],[-116.738549,33.02913],[-116.737124,33.035491],[-116.740174,33.039677],[-116.742422,33.038728],[-116.74940200000002,33.040782],[-116.75525000000002,33.033481],[-116.758402,33.03599],[-116.760839,33.034086],[-116.76918200000001,33.035529],[-116.774363,33.032908],[-116.78543199999999,33.031267],[-116.792269,33.02768],[-116.80539200000001,33.027915],[-116.81808,33.026353],[-116.822385,33.029363],[-116.81989900000002,33.033874],[-116.826188,33.035405],[-116.826005,33.030329],[-116.834123,33.014054],[-116.83427,33.009194],[-116.83967,33.00372],[-116.83927499999999,32.998284],[-116.844552,32.997996]]]},"properties":{"name":"San Diego Country Estates","geoid":"0666004","county":"San Diego","countyFP":"073"}},
{"type":"Feature","geometry":{"type":"Polygon","coordinates":[[[-118.037352,34.003834],[-118.037748,34.008528],[-118.034392,34.009402],[-118.038923,34.014711],[-118.043916,34.015258],[-118.048233,34.011613],[-118.046414,34.004452],[-118.040105,34.002795],[-118.037352,34.003834]]]},"properties":{"name":"Rose Hills","geoid":"0662860","county":"Los Angeles","countyFP":"037"}},
{"type":"Feature","geometry":{"type":"Polygon","coordinates":[[[-116.98452400000001,33.671169],[-116.97982899999998,33.671133],[-116.97970599999998,33.662925],[-116.97423500000001,33.652855],[-116.97342000000002,33.647062],[-116.979949,33.644195],[-116.980016,33.642129],[-116.988024,33.637614],[-116.98365900000002,33.629165],[-116.98428100000001,33.623956],[-116.978733,33.623648],[-116.97670600000001,33.621099],[-116.97077599999999,33.62046],[-116.97103300000002,33.616216],[-116.974504,33.60916900000001],[-116.97465799999999,33.605871],[-116.980038,33.601786],[-116.98426300000001,33.601083],[-116.982085,33.589284],[-116.980538,33.584859],[-116.970906,33.584624],[-116.967508,33.580832],[-116.967511,33.573801],[-116.96194500000001,33.572485],[-116.951209,33.565786],[-116.948121,33.565402],[-116.94983400000001,33.558031],[-116.94601800000001,33.557867],[-116.945974,33.51748],[-116.941525,33.517441],[-116.94021400000001,33.513859000000004],[-116.90274999999998,33.513542],[-116.88879900000002,33.513186],[-116.885668,33.514576],[-116.88552100000001,33.519552],[-116.882514,33.520744],[-116.880427,33.526394],[-116.87259900000001,33.522407],[-116.87006,33.523789],[-116.868802,33.528841],[-116.860116,33.53847],[-116.857386,33.542663],[-116.857873,33.546505],[-116.8553,33.55133300000001],[-116.854208,33.557313],[-116.844684,33.558478],[-116.84470599999999,33.561766],[-116.82776900000002,33.562087],[-116.82779,33.570708],[-116.824494,33.582542],[-116.826822,33.590309],[-116.827141,33.598251],[-116.85840300000001,33.598336],[-116.857971,33.621942],[-116.86076099999998,33.621555],[-116.86810300000002,33.626164],[-116.868133,33.631347],[-116.87159299999999,33.633891],[-116.889646,33.631737],[-116.89525200000001,33.632157],[-116.89859900000002,33.634688],[-116.89468,33.639636],[-116.89468,33.643744000000005],[-116.900949,33.649068],[-116.90308599999999,33.654046],[-116.90270400000001,33.660752],[-116.92148,33.667828],[-116.93116100000002,33.673887],[-116.93166200000002,33.701307],[-116.94179900000002,33.704165],[-116.95405199999999,33.702391],[-116.95387100000002,33.692733],[-116.96248899999999,33.685814],[-116.97666900000002,33.685697],[-116.974691,33.681694],[-116.981815,33.679306],[-116.98425700000001,33.678466],[-116.98452400000001,33.671169]]]},"properties":{"name":"Sage","geoid":"0664056","county":"Riverside","countyFP":"065"}},
{"type":"Feature","geometry":{"type":"Polygon","coordinates":[[[-117.683264,34.150488],[-117.67397600000001,34.150512],[-117.67043900000002,34.152323],[-117.67041200000001,34.1469],[-117.66099900000002,34.146942],[-117.661055,34.150553],[-117.636916,34.150577],[-117.63776300000002,34.161811],[-117.636609,34.165178],[-117.676674,34.165171],[-117.677155,34.167377],[-117.677706,34.165173],[-117.683264,34.150488]]]},"properties":{"name":"San Antonio Heights","geoid":"0664462","county":"San Bernardino","countyFP":"071"}},
{"type":"Feature","geometry":{"type":"Polygon","coordinates":[[[-117.67701,33.75665],[-117.67191,33.74943],[-117.66554000000001,33.74597],[-117.65442,33.74204],[-117.64772,33.74293],[-117.639,33.74216],[-117.63646700000001,33.738403],[-117.62976899999998,33.734316],[-117.62374,33.7377],[-117.61778500000001,33.73389800000001],[-117.614173,33.736833],[-117.590549,33.737007],[-117.590494,33.744323],[-117.57294600000002,33.744255],[-117.573001,33.750196],[-117.588795,33.750015],[-117.62548300000002,33.750134],[-117.625131,33.762613],[-117.642966,33.76344600000001],[-117.644137,33.761103],[-117.65701599999998,33.756636],[-117.661031,33.759121],[-117.66706,33.75689],[-117.67304,33.75845],[-117.67701,33.75665]]]},"properties":{"name":"Silverado","geoid":"0671918","county":"Orange","countyFP":"059"}},
{"type":"Feature","geometry":{"type":"Polygon","coordinates":[[[-117.367686,34.733761],[-117.36671,34.731784],[-117.35675800000001,34.732369],[-117.352893,34.731422],[-117.342825,34.724932],[-117.34002200000002,34.728981],[-117.338705,34.734684],[-117.332567,34.745118],[-117.32789299999999,34.749986],[-117.312903,34.763698],[-117.307075,34.768312],[-117.309002,34.76945],[-117.348108,34.769369],[-117.348086,34.762204],[-117.36531299999999,34.762296],[-117.36547200000001,34.739427],[-117.367686,34.733761]]]},"properties":{"name":"Silver Lakes","geoid":"0671964","county":"San Bernardino","countyFP":"071"}},
{"type":"Feature","geometry":{"type":"Polygon","coordinates":[[[-116.42310200000001,33.924918000000005],[-116.42316800000002,33.918059],[-116.41183400000001,33.918077],[-116.406233,33.912534],[-116.406477,33.903782],[-116.397217,33.903905],[-116.397193,33.896907],[-116.388348,33.89658300000001],[-116.38301900000002,33.893829],[-116.377853,33.88834],[-116.37421000000002,33.878839],[-116.38435600000001,33.879254],[-116.385081,33.87624],[-116.38359899999999,33.872074],[-116.387127,33.868651],[-116.385241,33.861999],[-116.386619,33.859766],[-116.353324,33.859513],[-116.35288700000001,33.845773],[-116.33425700000001,33.845806],[-116.31311300000002,33.845824],[-116.30678799999998,33.856279],[-116.30375700000002,33.867904],[-116.303715,33.903058],[-116.30596499999999,33.907269],[-116.31868000000001,33.913048],[-116.318818,33.915026],[-116.325292,33.915777000000006],[-116.32759199999998,33.911774],[-116.33565500000002,33.908606],[-116.34455,33.907557],[-116.348952,33.904818],[-116.374167,33.911194],[-116.37753099999999,33.913621],[-116.37752200000001,33.916892],[-116.373201,33.918246],[-116.37027000000002,33.923492],[-116.357329,33.928219],[-116.37949,33.937034],[-116.37940100000002,33.939757],[-116.383943,33.93974],[-116.396676,33.94218],[-116.40463400000002,33.946872],[-116.40633999999999,33.94687],[-116.406213,33.932121],[-116.42303699999998,33.93228200000001],[-116.42310200000001,33.924918000000005]]]},"properties":{"name":"Sky Valley","geoid":"0672156","county":"Riverside","countyFP":"065"}},
{"type":"Feature","geometry":{"type":"Polygon","coordinates":[[[-118.10803300000002,34.055338],[-118.108008,34.047064],[-118.10350000000001,34.047208],[-118.10027200000002,34.044762],[-118.09529100000002,34.044531],[-118.09043999999999,34.040434],[-118.08901600000002,34.043804],[-118.08398400000002,34.044507],[-118.084004,34.048135],[-118.09113399999998,34.053998],[-118.099457,34.055373],[-118.10325700000001,34.053127],[-118.10803300000002,34.055338]]]},"properties":{"name":"South San Gabriel","geoid":"0673276","county":"Los Angeles","countyFP":"037"}},
{"type":"Feature","geometry":{"type":"Polygon","coordinates":[[[-117.917589,34.02468],[-117.920686,34.016729],[-117.92335600000001,34.012241],[-117.916653,34.011151],[-117.914927,34.007292],[-117.89104,34.003416],[-117.89076400000002,34.006398],[-117.88279099999998,34.00727],[-117.88073900000002,34.004849],[-117.880072,34.011163],[-117.886944,34.010189],[-117.886587,34.013653],[-117.909883,34.01376],[-117.911363,34.025092],[-117.91704599999998,34.026087],[-117.917589,34.02468]]]},"properties":{"name":"South San Jose Hills","geoid":"0673290","county":"Los Angeles","countyFP":"037"}},
{"type":"Feature","geometry":{"type":"Polygon","coordinates":[[[-118.04962199999999,33.953274],[-118.04641100000002,33.938951],[-118.048845,33.935689],[-118.048813,33.932449],[-118.055205,33.930054],[-118.055197,33.917043],[-118.03651900000001,33.917],[-118.014842,33.917115],[-118.01445900000002,33.918615],[-118.02216900000002,33.924451],[-118.005252,33.928268],[-118.00084399999999,33.929337],[-118.00083,33.935237],[-118.003414,33.938273],[-118.034241,33.952867],[-118.03810300000002,33.954071],[-118.04282400000001,33.9534],[-118.04566700000001,33.950562],[-118.04962199999999,33.953274]]]},"properties":{"name":"South Whittier","geoid":"0673430","county":"Los Angeles","countyFP":"037"}},
{"type":"Feature","geometry":{"type":"Polygon","coordinates":[[[-117.01519700000001,32.750437],[-117.01450600000001,32.747984],[-117.018588,32.744502],[-117.014428,32.740522],[-117.014342,32.728736],[-117.00642699999999,32.73158],[-117.00646300000001,32.736156],[-117.000141,32.736162],[-116.997856,32.731313],[-116.98887799999999,32.731041],[-116.98948799999998,32.727208],[-116.98346600000002,32.727239],[-116.979568,32.72016],[-116.984324,32.719447],[-116.97863900000002,32.70793],[-116.971473,32.70928],[-116.96133300000001,32.704276],[-116.95835700000002,32.706473],[-116.957227,32.712994],[-116.947919,32.721197],[-116.94476500000002,32.729841],[-116.940591,32.733375],[-116.940714,32.733678],[-116.943565,32.739712],[-116.949607,32.739432],[-116.95277000000002,32.740612],[-116.95781099999999,32.745574],[-116.967009,32.744574],[-116.982898,32.744703],[-116.98589899999999,32.745194],[-117.00573600000001,32.752585],[-117.010175,32.752617],[-117.01519700000001,32.750437]]]},"properties":{"name":"Spring Valley","geoid":"0673696","county":"San Diego","countyFP":"073"}},
{"type":"Feature","geometry":{"type":"Polygon","coordinates":[[[-117.28698499999999,34.533324],[-117.286536,34.529131],[-117.283591,34.52664500000001],[-117.280137,34.51464],[-117.277552,34.514659],[-117.27731700000001,34.478299],[-117.26844200000001,34.478331],[-117.258891,34.481403],[-117.25419799999999,34.480959],[-117.252185,34.488138],[-117.253679,34.493722000000005],[-117.259124,34.502089],[-117.25996200000002,34.510554],[-117.264412,34.515842],[-117.272112,34.51872],[-117.27922300000002,34.523885],[-117.282096,34.52911],[-117.28698499999999,34.533324]]]},"properties":{"name":"Spring Valley Lake","geoid":"0673700","county":"San Bernardino","countyFP":"071"}},
{"type":"Feature","geometry":{"type":"Polygon","coordinates":[[[-118.57630800000001,34.408324],[-118.58160400000001,34.417989],[-118.596725,34.4075],[-118.60353499999998,34.407421],[-118.60898600000002,34.403781],[-118.61091100000002,34.399209],[-118.610585,34.395188],[-118.61629700000002,34.39481],[-118.620475,34.388779],[-118.617031,34.38688100000001],[-118.603443,34.383872],[-118.60249899999998,34.380756],[-118.59491900000002,34.378466],[-118.598447,34.371336],[-118.60486799999998,34.367058],[-118.58462,34.367127],[-118.581909,34.371961],[-118.579337,34.372],[-118.572926,34.36716],[-118.564156,34.367187],[-118.5607,34.371112],[-118.566807,34.380697],[-118.570167,34.389292],[-118.572616,34.399843],[-118.57630800000001,34.408324]]]},"properties":{"name":"Stevenson Ranch","geoid":"0674130","county":"Los Angeles","countyFP":"037"}},
{"type":"Feature","geometry":{"type":"Polygon","coordinates":[[[-117.978279,34.557936],[-117.981451,34.553955],[-117.98148600000002,34.548325],[-117.98814899999999,34.544665],[-117.988168,34.541038],[-117.994739,34.535554],[-117.996945,34.53553],[-117.996897,34.52828],[-117.958096,34.528438],[-117.958129,34.542959],[-117.95139300000001,34.543446],[-117.938676,34.5429],[-117.94055,34.546532],[-117.940749,34.555849],[-117.92973600000002,34.556305],[-117.929747,34.557943],[-117.91624099999999,34.557956],[-117.91644100000002,34.579782],[-117.93401,34.580001],[-117.933857,34.587326],[-117.97358,34.587133],[-117.97433799999999,34.577246],[-117.973964,34.566135],[-117.978279,34.557936]]]},"properties":{"name":"Sun Village","geoid":"0677308","county":"Los Angeles","countyFP":"037"}},
{"type":"Feature","geometry":{"type":"Polygon","coordinates":[[[-116.164136,33.653039],[-116.16386200000001,33.639126],[-116.165638,33.63412300000001],[-116.154858,33.634126],[-116.15483699999999,33.627624],[-116.146581,33.627902],[-116.146608,33.598518],[-116.10241699999999,33.598588],[-116.11502399999999,33.613108],[-116.103442,33.61314],[-116.10293600000001,33.634989],[-116.10748100000002,33.634916],[-116.10745200000001,33.649402],[-116.111768,33.649387],[-116.124885,33.649398],[-116.12486899999999,33.645707],[-116.12713600000001,33.642107],[-116.138016,33.642079],[-116.142176,33.648852],[-116.146891,33.648854],[-116.153656,33.656694],[-116.1598,33.656708],[-116.159807,33.653036],[-116.164136,33.653039]]]},"properties":{"name":"Thermal","geoid":"0678456","county":"Riverside","countyFP":"065"}},
{"type":"Feature","geometry":{"type":"Polygon","coordinates":[[[-116.405827,33.830944],[-116.40522599999998,33.821402],[-116.40124100000001,33.81638900000001],[-116.40575700000001,33.815729],[-116.370878,33.795061],[-116.37085099999999,33.794664],[-116.32553400000002,33.767736],[-116.317694,33.763956],[-116.30195600000002,33.7592],[-116.301831,33.759486],[-116.30069,33.762583],[-116.30366700000002,33.769611],[-116.30108600000001,33.776016],[-116.301142,33.798329],[-116.301228,33.803855],[-116.32687999999999,33.816185],[-116.333458,33.819783],[-116.33425700000001,33.845806],[-116.35288700000001,33.845773],[-116.353324,33.859513],[-116.386619,33.859766],[-116.406245,33.859414],[-116.405827,33.830944]]]},"properties":{"name":"Thousand Palms","geoid":"0678596","county":"Riverside","countyFP":"065"}},
{"type":"Feature","geometry":{"type":"Polygon","coordinates":[[[-117.94249000000002,34.051819],[-117.94861300000001,34.04624],[-117.947698,34.041978],[-117.940318,34.041526],[-117.940806,34.03653],[-117.934602,34.036164],[-117.935431,34.028003],[-117.923073,34.025293],[-117.917589,34.02468],[-117.91704599999998,34.026087],[-117.91528099999998,34.030876],[-117.91731500000002,34.034107],[-117.92630400000002,34.035716],[-117.925679,34.044129],[-117.92349100000001,34.044119],[-117.92283700000002,34.04408],[-117.91562200000001,34.04665],[-117.914668,34.05027],[-117.925538,34.05218],[-117.92562,34.048554],[-117.933226,34.04863],[-117.94249000000002,34.051819]]]},"properties":{"name":"Valinda","geoid":"0681638","county":"Los Angeles","countyFP":"037"}},
{"type":"Feature","geometry":{"type":"Polygon","coordinates":[[[-116.91979700000002,33.73025],[-116.91836100000002,33.729679],[-116.89325800000002,33.729752],[-116.88499900000001,33.733209],[-116.881115,33.732666],[-116.875783,33.729545],[-116.841492,33.728773],[-116.84414700000002,33.731619],[-116.848022,33.740919],[-116.85809700000001,33.74276],[-116.858248,33.747213],[-116.86305700000001,33.746768],[-116.87832199999998,33.755962],[-116.87835499999998,33.758954],[-116.88323900000002,33.758935],[-116.88991900000002,33.763883],[-116.909371,33.764143000000004],[-116.91362699999999,33.7623],[-116.915085,33.760445],[-116.914928,33.755033],[-116.91015000000002,33.755057],[-116.908886,33.747801],[-116.91949400000001,33.747771],[-116.91979700000002,33.73025]]]},"properties":{"name":"Valle Vista","geoid":"0681708","county":"Riverside","countyFP":"065"}},
{"type":"Feature","geometry":{"type":"Polygon","coordinates":[[[-117.077127,33.241147],[-117.07636300000001,33.238176],[-117.06804300000002,33.237019],[-117.067337,33.225970000000004],[-117.055304,33.225754],[-117.05517199999998,33.21522],[-117.054004,33.211545],[-117.037287,33.211096],[-117.033573,33.209991],[-117.033522,33.207108],[-117.03717200000001,33.206313],[-117.03812600000002,33.203262],[-117.03383900000001,33.199188],[-117.030884,33.19841],[-117.03007400000001,33.18629],[-117.025725,33.18428800000001],[-117.008731,33.185953],[-117.006194,33.183401],[-117.011917,33.177767],[-117.010629,33.173363],[-117.006822,33.170476],[-117.00029,33.174513],[-116.997827,33.178896],[-116.993526,33.183284],[-116.98502800000001,33.181154],[-116.98243099999999,33.183197],[-116.97138500000001,33.183319],[-116.971414,33.188317],[-116.973108,33.191323],[-116.973377,33.196581],[-116.97195200000002,33.202004],[-116.97761799999999,33.205614],[-116.989233,33.205636],[-116.99421200000002,33.209756],[-116.99177,33.215879],[-116.99087100000001,33.228299],[-116.967933,33.227923],[-116.965649,33.233255],[-116.965925,33.237007],[-116.96419,33.242337],[-116.979332,33.242363],[-116.979428,33.267189],[-116.987529,33.267186],[-116.987523,33.271172],[-116.992704,33.271158],[-116.997163,33.274663],[-117.00457900000002,33.274651],[-117.00641499999999,33.282026],[-117.02353199999999,33.281947],[-117.02357499999998,33.285563],[-117.02877499999998,33.283655],[-117.041596,33.28529],[-117.05198000000001,33.28072],[-117.051927,33.272458],[-117.04989500000002,33.264279],[-117.05175,33.262478],[-117.050267,33.255946],[-117.05022300000002,33.250987],[-117.055234,33.240629],[-117.06551299999998,33.240457],[-117.06856,33.24389],[-117.074602,33.243929],[-117.077127,33.241147]]]},"properties":{"name":"Valley Center","geoid":"0681736","county":"San Diego","countyFP":"073"}},
{"type":"Feature","geometry":{"type":"Polygon","coordinates":[[[-118.67270500000001,34.461574],[-118.675606,34.463616],[-118.68351000000001,34.464937],[-118.68094599999999,34.45814],[-118.676366,34.452958],[-118.68958000000002,34.45355700000001],[-118.693531,34.455649],[-118.69369799999998,34.441299],[-118.68678000000001,34.441611],[-118.68432300000002,34.443488],[-118.67696500000001,34.442229],[-118.67025700000002,34.443556],[-118.664116,34.441887],[-118.65855000000002,34.444125],[-118.658609,34.438257],[-118.654229,34.438239],[-118.65417300000001,34.443504],[-118.649697,34.444343],[-118.650303,34.451088],[-118.658867,34.456054],[-118.659504,34.460116],[-118.67250899999999,34.460035],[-118.67270500000001,34.461574]]]},"properties":{"name":"Val Verde","geoid":"0681967","county":"Los Angeles","countyFP":"037"}},
{"type":"Feature","geometry":{"type":"Polygon","coordinates":[[[-118.35780499999998,33.997145],[-118.365375,33.998339],[-118.36347300000001,33.989499],[-118.36126000000002,33.983034],[-118.35268299999998,33.983059],[-118.352681,33.989335],[-118.342487,33.989415],[-118.337266,33.988491],[-118.337282,33.996308],[-118.33162899999999,33.996333],[-118.33148500000001,34.001492],[-118.33568800000002,34.008258],[-118.341248,34.004762],[-118.35035,34.004904],[-118.356405,33.99986],[-118.35780499999998,33.997145]]]},"properties":{"name":"View Park-Windsor Hills","geoid":"0682667","county":"Los Angeles","countyFP":"037"}},
{"type":"Feature","geometry":{"type":"Polygon","coordinates":[[[-117.93677699999999,34.091925],[-117.94159600000002,34.090086],[-117.942028,34.085238],[-117.926546,34.084718],[-117.926372,34.086581],[-117.925408,34.092936],[-117.91437900000001,34.092166],[-117.913664,34.099560000000004],[-117.91420700000002,34.107035],[-117.90990800000002,34.106856],[-117.90986399999998,34.110496],[-117.914173,34.110873],[-117.91637599999999,34.114308],[-117.92077,34.114316],[-117.920985,34.10701],[-117.925363,34.106965],[-117.92539200000002,34.099301],[-117.929803,34.095929],[-117.936804,34.096097],[-117.93677699999999,34.091925]]]},"properties":{"name":"Vincent","geoid":"0682815","county":"Los Angeles","countyFP":"037"}},
{"type":"Feature","geometry":{"type":"Polygon","coordinates":[[[-116.233892,33.67103600000001],[-116.233997,33.656642],[-116.233463,33.642157],[-116.23337100000002,33.619205],[-116.22468899999998,33.620231],[-116.22471500000002,33.616499],[-116.229046,33.6165],[-116.229022,33.605578],[-116.233378,33.605552],[-116.233359,33.598236],[-116.232988,33.569229],[-116.198373,33.569317],[-116.19860000000001,33.61289],[-116.18123700000001,33.612903],[-116.18119200000001,33.642055],[-116.198634,33.642058],[-116.202952,33.64209],[-116.203238,33.649359],[-116.19896600000001,33.649321],[-116.19928200000001,33.656552],[-116.19906599999999,33.665538],[-116.20343100000001,33.665546],[-116.20776400000001,33.669161],[-116.207742,33.672744],[-116.203364,33.672744],[-116.203486,33.68181],[-116.21211,33.681768],[-116.213248,33.685498],[-116.216526,33.685514],[-116.21644400000001,33.671011],[-116.233892,33.67103600000001]]]},"properties":{"name":"Vista Santa Rosa","geoid":"0683085","county":"Riverside","countyFP":"065"}},
{"type":"Feature","geometry":{"type":"Polygon","coordinates":[[[-118.230233,33.974745],[-118.229647,33.9612],[-118.22297400000001,33.959029],[-118.22569199999998,33.965445],[-118.21188800000002,33.964049],[-118.21073800000002,33.971821],[-118.217543,33.973414],[-118.230233,33.974745]]]},"properties":{"name":"Walnut Park","geoid":"0683402","county":"Los Angeles","countyFP":"037"}},
{"type":"Feature","geometry":{"type":"Polygon","coordinates":[[[-117.34658300000001,33.707363],[-117.346666,33.698985],[-117.343183,33.696301],[-117.33552299999998,33.699168],[-117.33231200000002,33.696696],[-117.32553899999999,33.703052],[-117.32417800000002,33.706269],[-117.32051299999999,33.708916],[-117.320481,33.713099],[-117.327423,33.71302],[-117.327271,33.717021],[-117.33191300000001,33.715316],[-117.335353,33.717505],[-117.341555,33.709962],[-117.34658300000001,33.707363]]]},"properties":{"name":"Warm Springs","geoid":"0683460","county":"Riverside","countyFP":"065"}},
{"type":"Feature","geometry":{"type":"Polygon","coordinates":[[[-118.313392,33.930711],[-118.313394,33.923532],[-118.31777000000001,33.921721],[-118.317787,33.917683],[-118.314312,33.91645],[-118.29160699999998,33.916422],[-118.291525,33.930962],[-118.313392,33.930711]]]},"properties":{"name":"West Athens","geoid":"0684116","county":"Los Angeles","countyFP":"037"}},
{"type":"Feature","geometry":{"type":"Polygon","coordinates":[[[-118.286017,33.846253],[-118.299207,33.846319],[-118.29925799999998,33.813646],[-118.29836,33.81287],[-118.29914600000001,33.797796],[-118.28673699999999,33.797818],[-118.288767,33.801089],[-118.287233,33.810414],[-118.28714500000001,33.837136],[-118.284917,33.846239],[-118.286017,33.846253]]]},"properties":{"name":"West Carson","geoid":"0684144","county":"Los Angeles","countyFP":"037"}},
{"type":"Feature","geometry":{"type":"Polygon","coordinates":[[[-118.31771999999998,33.945463],[-118.31775200000001,33.930711],[-118.313392,33.930711],[-118.291525,33.930962],[-118.291596,33.959495],[-118.30004399999999,33.959494],[-118.30026200000002,33.949999],[-118.305191,33.941845],[-118.30901499999999,33.941833],[-118.309025,33.93821],[-118.313387,33.938214],[-118.313372,33.94546],[-118.31771999999998,33.945463]]]},"properties":{"name":"Westmont","geoid":"0684592","county":"Los Angeles","countyFP":"037"}},
{"type":"Feature","geometry":{"type":"Polygon","coordinates":[[[-117.98250400000002,34.062554],[-117.98547099999999,34.059454],[-117.98299999999999,34.057769],[-117.990504,34.049961],[-117.98550399999999,34.046636],[-117.975339,34.057378],[-117.970574,34.054186],[-117.972609,34.052312],[-117.963119,34.04532],[-117.96804400000002,34.040666],[-117.958559,34.033692],[-117.94959299999998,34.042161],[-117.95279800000002,34.044543],[-117.949345,34.050349],[-117.951727,34.052108],[-117.956702,34.047394],[-117.963791,34.05263500000001],[-117.95884600000001,34.057321],[-117.96592500000001,34.062562],[-117.975825,34.064177],[-117.98250400000002,34.062554]]]},"properties":{"name":"West Puente Valley","geoid":"0684774","county":"Los Angeles","countyFP":"037"}},
{"type":"Feature","geometry":{"type":"MultiPolygon","coordinates":[[[[-118.25438500000001,33.906028000000006],[-118.253594,33.902936],[-118.245619,33.903399],[-118.24551099999998,33.906297],[-118.25438500000001,33.906028000000006]]],[[[-118.253579,33.923747],[-118.253594,33.92309500000001],[-118.282086,33.923201],[-118.282268,33.897315],[-118.283204,33.896948],[-118.282729,33.885466],[-118.26089100000002,33.886178],[-118.25891299999999,33.890294],[-118.26006200000002,33.895233],[-118.252466,33.896261],[-118.253762,33.902801],[-118.26314900000001,33.902376],[-118.26091299999999,33.905567],[-118.260926,33.9128],[-118.254456,33.912828],[-118.25434099999998,33.917286],[-118.246204,33.917292],[-118.24626699999999,33.923748],[-118.253579,33.923747]]]]},"properties":{"name":"West Rancho Dominguez","geoid":"0684780","county":"Los Angeles","countyFP":"037"}},
{"type":"Feature","geometry":{"type":"Polygon","coordinates":[[[-118.07229600000001,33.993218],[-118.075258,33.984986],[-118.08821800000001,33.968867],[-118.08883699999998,33.966913],[-118.078329,33.963765],[-118.07402899999998,33.960849],[-118.06832300000002,33.961575],[-118.06553,33.967225],[-118.06617700000001,33.969768],[-118.054922,33.968176],[-118.051131,33.969917],[-118.05366800000002,33.974321],[-118.051033,33.981235],[-118.06405499999998,33.989931],[-118.067421,33.99315],[-118.07229600000001,33.993218]]]},"properties":{"name":"West Whittier-Los Nietos","geoid":"0684921","county":"Los Angeles","countyFP":"037"}},
{"type":"Feature","geometry":{"type":"Polygon","coordinates":[[[-116.63591899999999,33.923051],[-116.636056,33.931552],[-116.639166,33.940157],[-116.64218799999999,33.943489],[-116.64991599999999,33.943531],[-116.649951,33.947249],[-116.660202,33.947254],[-116.65646,33.952507],[-116.657723,33.956539],[-116.66216600000001,33.957251],[-116.66472999999999,33.951719],[-116.670644,33.948806],[-116.684706,33.949666],[-116.69371000000001,33.94729],[-116.71916,33.947435],[-116.73741300000002,33.94724],[-116.737235,33.924937],[-116.715635,33.921612],[-116.70961900000002,33.921279000000006],[-116.695452,33.924766],[-116.683437,33.922839],[-116.678174,33.922679],[-116.671416,33.922905],[-116.65670800000001,33.922034],[-116.645312,33.923598],[-116.63591899999999,33.923051]]]},"properties":{"name":"Whitewater","geoid":"0685208","county":"Riverside","countyFP":"065"}},
{"type":"Feature","geometry":{"type":"MultiPolygon","coordinates":[[[[-118.22921299999999,33.937331],[-118.230899,33.931691],[-118.23032400000001,33.929001],[-118.225581,33.929389],[-118.22677200000001,33.937096],[-118.22921299999999,33.937331]]],[[[-118.23032400000001,33.929001],[-118.239978,33.929521],[-118.25426800000001,33.929462],[-118.253579,33.923747],[-118.24626699999999,33.923748],[-118.246204,33.917292],[-118.239132,33.917831],[-118.23605800000001,33.913739],[-118.23605800000001,33.905973],[-118.224813,33.909011],[-118.22237099999998,33.908826],[-118.22409000000002,33.919799],[-118.22803399999998,33.919832],[-118.22880500000001,33.922685],[-118.23032400000001,33.929001]]]]},"properties":{"name":"Willowbrook","geoid":"0685614","county":"Los Angeles","countyFP":"037"}},
{"type":"Feature","geometry":{"type":"Polygon","coordinates":[[[-117.080763,33.721835],[-117.080638,33.71807],[-117.09363900000001,33.718093],[-117.09353900000002,33.714557],[-117.11979999999998,33.714262],[-117.119534,33.692592],[-117.09768099999998,33.69257],[-117.092961,33.694188],[-117.093674,33.699817],[-117.050012,33.700296],[-117.050132,33.729167],[-117.047962,33.732789],[-117.043032,33.732821],[-117.03885300000002,33.743879],[-117.059628,33.743847],[-117.06317000000001,33.742698000000004],[-117.067658,33.740285],[-117.067595,33.737134],[-117.070975,33.734818],[-117.07310500000001,33.729085],[-117.07311799999998,33.721867],[-117.080763,33.721835]]]},"properties":{"name":"Winchester","geoid":"0685894","county":"Riverside","countyFP":"065"}},
{"type":"Feature","geometry":{"type":"Polygon","coordinates":[[[-116.94788,32.85341],[-116.945065,32.853391],[-116.945106,32.836325],[-116.942482,32.832798],[-116.93820700000002,32.824144],[-116.936513,32.820806],[-116.92223,32.820816],[-116.91983399999998,32.81993],[-116.918192,32.822554],[-116.90998499999999,32.820665],[-116.903382,32.826704],[-116.90415,32.831181],[-116.908839,32.837316],[-116.91539900000001,32.842112],[-116.919177,32.854872],[-116.92231900000002,32.85723],[-116.94663699999998,32.854226],[-116.94788,32.85341]]]},"properties":{"name":"Winter Gardens","geoid":"0685992","county":"San Diego","countyFP":"073"}},
{"type":"Feature","geometry":{"type":"Polygon","coordinates":[[[-117.987691,34.129482],[-117.994991,34.130442],[-117.995948,34.126839],[-118.00372600000001,34.124928],[-118.00375000000001,34.117437],[-117.99705800000001,34.117683],[-117.99223,34.117706],[-117.990543,34.122121],[-117.987691,34.129482]]]},"properties":{"name":"South Monrovia Island","geoid":"0673167","county":"Los Angeles","countyFP":"037"}},
{"type":"Feature","geometry":{"type":"Polygon","coordinates":[[[-117.52764,33.800291],[-117.532575,33.799227],[-117.532866,33.796496],[-117.526591,33.792688],[-117.521777,33.792688],[-117.516089,33.789145],[-117.51194600000001,33.789145],[-117.509753,33.781127],[-117.51151000000002,33.777967],[-117.512503,33.757086],[-117.501644,33.756914],[-117.50116200000001,33.749827],[-117.489847,33.749472],[-117.48979399999999,33.745816000000005],[-117.485397,33.745816000000005],[-117.48508000000001,33.741542],[-117.47694300000002,33.741458],[-117.476975,33.734981],[-117.472579,33.734981],[-117.47252600000002,33.738637],[-117.468669,33.738637],[-117.468585,33.734341],[-117.455579,33.734616],[-117.45497400000002,33.731247],[-117.451107,33.729543],[-117.450851,33.712683],[-117.441886,33.713049],[-117.44321400000001,33.708846],[-117.445926,33.708846],[-117.44586799999999,33.701534],[-117.44179700000001,33.701583],[-117.44179700000001,33.705116],[-117.437845,33.705116],[-117.437643,33.712576],[-117.41632300000002,33.712379],[-117.416091,33.727608],[-117.40591100000002,33.727536],[-117.40213200000001,33.731393],[-117.398572,33.729821],[-117.39853500000001,33.741261],[-117.416455,33.741028],[-117.416476,33.750895],[-117.432961,33.750787],[-117.439717,33.751371],[-117.440006,33.758491],[-117.44474800000002,33.75711],[-117.449158,33.758606],[-117.45669599999998,33.759162],[-117.456889,33.762973],[-117.45192,33.765209],[-117.450059,33.768027],[-117.454688,33.77062],[-117.45509400000002,33.777128],[-117.459815,33.775786],[-117.462584,33.772937000000006],[-117.46989600000002,33.777193],[-117.473437,33.78276900000001],[-117.48354999999998,33.783763],[-117.484814,33.788592],[-117.477839,33.795142],[-117.47750700000002,33.797196],[-117.48147199999998,33.800235],[-117.48814599999999,33.801054],[-117.49476600000001,33.800346],[-117.49371800000002,33.804286],[-117.497869,33.804638],[-117.49765,33.807449],[-117.50457299999998,33.807778],[-117.508134,33.806824],[-117.512364,33.814972],[-117.519943,33.814674],[-117.519932,33.811092],[-117.524369,33.811123],[-117.52432800000001,33.800327],[-117.52764,33.800291]]]},"properties":{"name":"Temescal Valley","geoid":"0678138","county":"Riverside","countyFP":"065"}},
{"type":"Feature","geometry":{"type":"Polygon","coordinates":[[[-118.65019799999999,34.121873],[-118.64997899999999,34.117354],[-118.65177100000001,34.11082],[-118.649425,34.10812],[-118.650451,34.10347],[-118.64724399999999,34.100391],[-118.64032900000001,34.096545],[-118.635968,34.091922],[-118.638454,34.085349],[-118.63329199999998,34.082437],[-118.632134,34.077803],[-118.62245500000002,34.07475],[-118.61854900000002,34.070966],[-118.61652299999999,34.064409],[-118.61611700000002,34.058567],[-118.60938300000001,34.058226],[-118.60685700000002,34.05493],[-118.602019,34.054039],[-118.595663,34.045601],[-118.587601,34.045606],[-118.58430000000001,34.037511],[-118.57160900000001,34.041445],[-118.56690100000002,34.041193],[-118.570107,34.047117],[-118.57039500000002,34.069346],[-118.59920400000001,34.074337],[-118.56475199999998,34.130168],[-118.609648,34.14724],[-118.61266100000002,34.14005],[-118.60620000000002,34.140091],[-118.60624500000002,34.129001],[-118.610609,34.129022],[-118.61062899999999,34.12533],[-118.644923,34.12532],[-118.644955,34.129054],[-118.65006099999998,34.12907],[-118.65019799999999,34.121873]]]},"properties":{"name":"Topanga","geoid":"0678960","county":"Los Angeles","countyFP":"037"}},
{"type":"Feature","geometry":{"type":"Polygon","coordinates":[[[-117.642017,33.70378],[-117.6396,33.69982],[-117.63426800000002,33.698126],[-117.628244,33.692852],[-117.623576,33.685886],[-117.6206,33.68314],[-117.62319899999999,33.674801],[-117.61137800000002,33.675365],[-117.612957,33.672237],[-117.602084,33.671819],[-117.60072000000001,33.66484],[-117.60028,33.65338],[-117.59905999999998,33.65304],[-117.59035,33.65967],[-117.58274700000001,33.658301],[-117.57625300000001,33.657443],[-117.564899,33.657432],[-117.564938,33.66462],[-117.556225,33.664646],[-117.556599,33.67187],[-117.559765,33.671678],[-117.560179,33.685905],[-117.607885,33.6861],[-117.607648,33.699643],[-117.61779700000001,33.703525],[-117.62428600000001,33.704828],[-117.626827,33.702739],[-117.633772,33.704891],[-117.636476,33.702618],[-117.642017,33.70378]]]},"properties":{"name":"Trabuco Canyon","geoid":"0680210","county":"Orange","countyFP":"059"}},
{"type":"Feature","geometry":{"type":"Polygon","coordinates":[[[-117.65190199999999,33.732963],[-117.64851300000001,33.724036],[-117.64234499999999,33.724096],[-117.642347,33.726115],[-117.62671800000001,33.726777],[-117.62490100000001,33.731568],[-117.628954,33.733355],[-117.63364199999998,33.733365],[-117.633665,33.72976],[-117.642352,33.729756],[-117.642379,33.733458],[-117.64934400000001,33.731502],[-117.65190199999999,33.732963]]]},"properties":{"name":"Williams Canyon","geoid":"0685587","county":"Orange","countyFP":"059"}},
{"type":"Feature","geometry":{"type":"Polygon","coordinates":[[[-117.43282299999998,33.886938],[-117.430715,33.884238],[-117.430959,33.878986],[-117.42822600000001,33.874113],[-117.429279,33.872644],[-117.426312,33.873088],[-117.418283,33.877936],[-117.41830500000002,33.872472],[-117.400874,33.872475],[-117.398662,33.868851],[-117.39876299999999,33.863476],[-117.394408,33.865363],[-117.39332900000001,33.870708],[-117.38887200000002,33.870901],[-117.382568,33.86533],[-117.37864300000001,33.85857],[-117.374541,33.858027],[-117.33130999999999,33.858176],[-117.32264500000001,33.85827],[-117.32264500000001,33.863273],[-117.31962,33.865685],[-117.31386200000001,33.865746],[-117.313878,33.873005],[-117.353109,33.872612],[-117.353068,33.87993],[-117.348761,33.879921],[-117.349369,33.885678],[-117.34008000000001,33.887181],[-117.33806500000001,33.889079],[-117.33130700000001,33.888337],[-117.33123700000002,33.901913],[-117.383557,33.90165],[-117.383578,33.887123],[-117.43282299999998,33.886938]]]},"properties":{"name":"Woodcrest","geoid":"0686244","county":"Riverside","countyFP":"065"}},
{"type":"Feature","geometry":{"type":"Polygon","coordinates":[[[-117.65331500000002,34.373841],[-117.65268500000002,34.366165],[-117.652246,34.360809],[-117.650459,34.339025],[-117.64323999999999,34.335921],[-117.636568,34.329202],[-117.630776,34.33101],[-117.62588800000002,34.330531],[-117.622948,34.328282],[-117.620051,34.331278],[-117.604495,34.336607],[-117.60210900000001,34.33874],[-117.604889,34.345380000000006],[-117.60325099999999,34.3518],[-117.60652399999998,34.3537],[-117.607485,34.358021],[-117.616475,34.359099],[-117.620937,34.361165],[-117.62321999999999,34.364261],[-117.628742,34.367469],[-117.63631,34.369312],[-117.64392700000002,34.369728],[-117.646103,34.371904],[-117.65331500000002,34.373841]]]},"properties":{"name":"Wrightwood","geoid":"0686594","county":"San Bernardino","countyFP":"071"}},
{"type":"Feature","geometry":{"type":"Polygon","coordinates":[[[-116.83720800000002,34.909274],[-116.83114000000002,34.90335],[-116.82775400000001,34.902424],[-116.818493,34.904274],[-116.805622,34.908259],[-116.8131,34.910741],[-116.82485999999999,34.91097],[-116.83720800000002,34.909274]]]},"properties":{"name":"Yermo","geoid":"0686720","county":"San Bernardino","countyFP":"071"}}
]}